
 NX   Running targets typecheck, test, lint for 97 projects and 41 tasks they depend on:

- @ptah-extension/workspace-intelligence
- @ptah-extension/auth-providers-tokens
- @ptah-extension/messaging-gateway-ui
- @ptah-extension/chat-execution-tree
- @ptah-extension/notification-center
- @ptah-extension/webview-e2e-harness
- @ptah-extension/gateway-chat-bridge
- @ptah-extension/skill-synthesis-ui
- @ptah-extension/workspace-indexing
- @ptah-extension/cron-scheduler-ui
- @ptah-extension/memory-curator-ui
- @ptah-extension/persistence-sqlite
- @ptah-extension/plugin-marketplace
- @ptah-extension/cli-agent-runtime
- @ptah-extension/messaging-gateway
- @ptah-extension/platform-electron
- ptah-extension-vscode-e2e
- @ptah-extension/agent-generation
- @ptah-extension/harness-builder
- @ptah-extension/memory-contracts
- @ptah-extension/chat-streaming
- @ptah-extension/platform-vscode
- @ptah-extension/skill-synthesis
- @ptah-extension/tribunal-panel
- @ptah-extension/voice-contracts
- @ptah-extension/voice-providers
- @ptah-extension/vscode-lm-tools
- api-contracts-community
- @ptah-extension/auth-providers
- @ptah-extension/cron-scheduler
- @ptah-extension/memory-curator
- ptah-extension-webview
- @ptah-extension/chat-routing
- @ptah-extension/output-styles
- @ptah-extension/platform-core
- @ptah-extension/settings-core
- @ptah-extension/setup-wizard
- @ptah-extension/thoth-runtime
- ptah-extension-vscode
- ptah-landing-page-e2e
- @ptah-extension/harness-sync
- @ptah-extension/marketplace
- @ptah-extension/platform-cli
- @ptah-extension/rpc-handlers
- @ptah-extension/thoth-shell
- @ptah-extension/chat-state
- @ptah-extension/chat-types
- @ptah-extension/vscode-core
- ptah-license-server
- @ptah-extension/cli-engine
- @ptah-extension/dashboard
- @ptah-extension/task-specs
- degradation-audit
- @ptah-extension/agent-sdk
- @ptah-extension/markdown
- @ptah-extension/showcase-manifest
- @ptah-extension/tasks-ui
- api-notifications
- ptah-electron-e2e
- ptah-landing-page
- ptah-video-studio
- @ptah-extension/chat-ui
- @ptah-extension/canvas
- @ptah-extension/git-ui
- api-member-hub
- api-membership
- @ptah-extension/chat
- @ptah-extension/core
- api-community
- api-licensing
- api-marketing
- ptah-electron
- api-identity
- api-learning
- web-panel-ui
- @ptah-extension/ui
- api-billing
- api-youtube
- web-account
- web-landing
- web-members
- web-pricing
- migration
- api-admin
- api-audit
- api-email
- api-forum
- web-admin
- web-legal
- api-core
- di-lint
- ptah-cli
- ptah-tui
- web-auth
- web-core
- @ptah-extension/shared
- web-ui



> nx run @ptah-extension/shared:build


> nx run @ptah-extension/memory-contracts:build

node.exe : @ptah-extension/shared: (node:19900) Warning: The 'NO_COLOR' env is ignored due to the 'FORCE_COLOR' env 
being set.
At line:1 char:1
+ & "C:\Program Files\nodejs/node.exe" "C:\Program Files\nodejs/node_mo ...
+ ~~~~~~~~~~~~~~~~~~~~~~~~~~~~~~~~~~~~~~~~~~~~~~~~~~~~~~~~~~~~~~~~~~~~~
    + CategoryInfo          : NotSpecified: (@ptah-extension... env being set.:String) [], RemoteException
    + FullyQualifiedErrorId : NativeCommandError
 
@ptah-extension/shared: (Use `node --trace-warnings ...` to show where the warning was created)
@ptah-extension/memory-contracts: (node:5156) Warning: The 'NO_COLOR' env is ignored due to the 'FORCE_COLOR' env 
being set.
@ptah-extension/memory-contracts: (Use `node --trace-warnings ...` to show where the warning was created)

> nx run @ptah-extension/auth-providers-tokens:build

@ptah-extension/auth-providers-tokens: (node:3804) Warning: The 'NO_COLOR' env is ignored due to the 'FORCE_COLOR' env 
being set.
@ptah-extension/auth-providers-tokens: (Use `node --trace-warnings ...` to show where the warning was created)

> nx run @ptah-extension/voice-contracts:build

@ptah-extension/voice-contracts: (node:39364) Warning: The 'NO_COLOR' env is ignored due to the 'FORCE_COLOR' env 
being set.
@ptah-extension/voice-contracts: (Use `node --trace-warnings ...` to show where the warning was created)

> nx run @ptah-extension/platform-core:build

@ptah-extension/platform-core: (node:27916) Warning: The 'NO_COLOR' env is ignored due to the 'FORCE_COLOR' env being 
set.
@ptah-extension/platform-core: (Use `node --trace-warnings ...` to show where the warning was created)

> nx run ptah-electron:build-main:production

ptah-electron: (node:7044) Warning: The 'NO_COLOR' env is ignored due to the 'FORCE_COLOR' env being set.
ptah-electron: (Use `node --trace-warnings ...` to show where the warning was created)

> nx run @ptah-extension/vscode-core:build

@ptah-extension/vscode-core: (node:21680) Warning: The 'NO_COLOR' env is ignored due to the 'FORCE_COLOR' env being 
set.
@ptah-extension/vscode-core: (Use `node --trace-warnings ...` to show where the warning was created)

> nx run @ptah-extension/settings-core:build

@ptah-extension/settings-core: (node:39460) Warning: The 'NO_COLOR' env is ignored due to the 'FORCE_COLOR' env being 
set.
@ptah-extension/settings-core: (Use `node --trace-warnings ...` to show where the warning was created)

> nx run @ptah-extension/platform-vscode:build

@ptah-extension/platform-vscode: (node:1484) Warning: The 'NO_COLOR' env is ignored due to the 'FORCE_COLOR' env being 
set.
@ptah-extension/platform-vscode: (Use `node --trace-warnings ...` to show where the warning was created)

> nx run @ptah-extension/persistence-sqlite:build

@ptah-extension/persistence-sqlite: (node:2748) Warning: The 'NO_COLOR' env is ignored due to the 'FORCE_COLOR' env 
being set.
@ptah-extension/persistence-sqlite: (Use `node --trace-warnings ...` to show where the warning was created)

> nx run @ptah-extension/workspace-intelligence:build

@ptah-extension/workspace-intelligence: (node:14680) Warning: The 'NO_COLOR' env is ignored due to the 'FORCE_COLOR' 
env being set.
@ptah-extension/workspace-intelligence: (Use `node --trace-warnings ...` to show where the warning was created)

> nx run @ptah-extension/harness-sync:build

@ptah-extension/harness-sync: (node:18640) Warning: The 'NO_COLOR' env is ignored due to the 'FORCE_COLOR' env being 
set.
@ptah-extension/harness-sync: (Use `node --trace-warnings ...` to show where the warning was created)

> nx run @ptah-extension/task-specs:build

@ptah-extension/task-specs: (node:17344) Warning: The 'NO_COLOR' env is ignored due to the 'FORCE_COLOR' env being set.
@ptah-extension/task-specs: (Use `node --trace-warnings ...` to show where the warning was created)

> nx run @ptah-extension/plugin-marketplace:build

@ptah-extension/plugin-marketplace: (node:19644) Warning: The 'NO_COLOR' env is ignored due to the 'FORCE_COLOR' env 
being set.
@ptah-extension/plugin-marketplace: (Use `node --trace-warnings ...` to show where the warning was created)

> nx run @ptah-extension/output-styles:build

@ptah-extension/output-styles: (node:38648) Warning: The 'NO_COLOR' env is ignored due to the 'FORCE_COLOR' env being 
set.
@ptah-extension/output-styles: (Use `node --trace-warnings ...` to show where the warning was created)

> nx run @ptah-extension/agent-sdk:build

@ptah-extension/agent-sdk: (node:39376) Warning: The 'NO_COLOR' env is ignored due to the 'FORCE_COLOR' env being set.
@ptah-extension/agent-sdk: (Use `node --trace-warnings ...` to show where the warning was created)

> nx run @ptah-extension/messaging-gateway:build

@ptah-extension/messaging-gateway: (node:13180) Warning: The 'NO_COLOR' env is ignored due to the 'FORCE_COLOR' env 
being set.
@ptah-extension/messaging-gateway: (Use `node --trace-warnings ...` to show where the warning was created)

> nx run @ptah-extension/agent-generation:build

@ptah-extension/agent-generation: (node:7744) Warning: The 'NO_COLOR' env is ignored due to the 'FORCE_COLOR' env 
being set.
@ptah-extension/agent-generation: (Use `node --trace-warnings ...` to show where the warning was created)

> nx run @ptah-extension/auth-providers:build

@ptah-extension/auth-providers: (node:27264) Warning: The 'NO_COLOR' env is ignored due to the 'FORCE_COLOR' env being 
set.
@ptah-extension/auth-providers: (Use `node --trace-warnings ...` to show where the warning was created)
@ptah-extension/agent-generation: ▲ [WARNING] "import.meta" is not available with the "cjs" output format and will be 
empty [empty-import-meta]
@ptah-extension/agent-generation:     libs/backend/workspace-intelligence/src/ast/wasm-bundle-dir.ts:24:38:
@ptah-extension/agent-generation:       24 │   const metaUrl: string | undefined = import.meta?.url;
@ptah-extension/agent-generation:          ╵                                       ~~~~~~~~~~~
@ptah-extension/agent-generation:   You need to set the output format to "esm" for "import.meta" to work correctly.

> nx run @ptah-extension/memory-curator:build

@ptah-extension/memory-curator: (node:4136) Warning: The 'NO_COLOR' env is ignored due to the 'FORCE_COLOR' env being 
set.
@ptah-extension/memory-curator: (Use `node --trace-warnings ...` to show where the warning was created)

> nx run @ptah-extension/cli-agent-runtime:build

@ptah-extension/cli-agent-runtime: (node:17780) Warning: The 'NO_COLOR' env is ignored due to the 'FORCE_COLOR' env 
being set.
@ptah-extension/cli-agent-runtime: (Use `node --trace-warnings ...` to show where the warning was created)

> nx run @ptah-extension/skill-synthesis:build

@ptah-extension/skill-synthesis: (node:14080) Warning: The 'NO_COLOR' env is ignored due to the 'FORCE_COLOR' env 
being set.
@ptah-extension/skill-synthesis: (Use `node --trace-warnings ...` to show where the warning was created)
@ptah-extension/cli-agent-runtime: ▲ [WARNING] "import.meta" is not available with the "cjs" output format and will be 
empty [empty-import-meta]
@ptah-extension/cli-agent-runtime:     libs/backend/workspace-intelligence/src/ast/wasm-bundle-dir.ts:24:38:
@ptah-extension/cli-agent-runtime:       24 │   const metaUrl: string | undefined = import.meta?.url;
@ptah-extension/cli-agent-runtime:          ╵                                       ~~~~~~~~~~~
@ptah-extension/cli-agent-runtime:   You need to set the output format to "esm" for "import.meta" to work correctly.

> nx run @ptah-extension/vscode-lm-tools:build

@ptah-extension/vscode-lm-tools: (node:37400) Warning: The 'NO_COLOR' env is ignored due to the 'FORCE_COLOR' env 
being set.
@ptah-extension/vscode-lm-tools: (Use `node --trace-warnings ...` to show where the warning was created)

> nx run @ptah-extension/cron-scheduler:build

@ptah-extension/cron-scheduler: (node:38408) Warning: The 'NO_COLOR' env is ignored due to the 'FORCE_COLOR' env being 
set.
@ptah-extension/cron-scheduler: (Use `node --trace-warnings ...` to show where the warning was created)
@ptah-extension/vscode-lm-tools: ▲ [WARNING] "import.meta" is not available with the "cjs" output format and will be 
empty [empty-import-meta]
@ptah-extension/vscode-lm-tools:     libs/backend/workspace-intelligence/src/ast/wasm-bundle-dir.ts:24:38:
@ptah-extension/vscode-lm-tools:       24 │   const metaUrl: string | undefined = import.meta?.url;
@ptah-extension/vscode-lm-tools:          ╵                                       ~~~~~~~~~~~
@ptah-extension/vscode-lm-tools:   You need to set the output format to "esm" for "import.meta" to work correctly.

> nx run @ptah-extension/voice-providers:build

@ptah-extension/voice-providers: (node:9984) Warning: The 'NO_COLOR' env is ignored due to the 'FORCE_COLOR' env being 
set.
@ptah-extension/voice-providers: (Use `node --trace-warnings ...` to show where the warning was created)

> nx run @ptah-extension/gateway-chat-bridge:build

@ptah-extension/gateway-chat-bridge: (node:25852) Warning: The 'NO_COLOR' env is ignored due to the 'FORCE_COLOR' env 
being set.
@ptah-extension/gateway-chat-bridge: (Use `node --trace-warnings ...` to show where the warning was created)

> nx run @ptah-extension/rpc-handlers:build

@ptah-extension/rpc-handlers: (node:15748) Warning: The 'NO_COLOR' env is ignored due to the 'FORCE_COLOR' env being 
set.
@ptah-extension/rpc-handlers: (Use `node --trace-warnings ...` to show where the warning was created)
@ptah-extension/gateway-chat-bridge: ▲ [WARNING] "import.meta" is not available with the "cjs" output format and will 
be empty [empty-import-meta]
@ptah-extension/gateway-chat-bridge:     libs/backend/workspace-intelligence/src/ast/wasm-bundle-dir.ts:24:38:
@ptah-extension/gateway-chat-bridge:       24 │   const metaUrl: string | undefined = import.meta?.url;
@ptah-extension/gateway-chat-bridge:          ╵                                       ~~~~~~~~~~~
@ptah-extension/gateway-chat-bridge:   You need to set the output format to "esm" for "import.meta" to work correctly.

> nx run ptah-electron:build-embedder-worker

ptah-electron: (node:13956) Warning: The 'NO_COLOR' env is ignored due to the 'FORCE_COLOR' env being set.
ptah-electron: (Use `node --trace-warnings ...` to show where the warning was created)

> nx run ptah-electron:build-integrity-worker

ptah-electron: (node:11696) Warning: The 'NO_COLOR' env is ignored due to the 'FORCE_COLOR' env being set.
ptah-electron: (Use `node --trace-warnings ...` to show where the warning was created)

> nx run ptah-electron:build-voice-worker

ptah-electron: (node:37572) Warning: The 'NO_COLOR' env is ignored due to the 'FORCE_COLOR' env being set.
ptah-electron: (Use `node --trace-warnings ...` to show where the warning was created)

> nx run ptah-electron:build-state-storage-worker

ptah-electron: (node:12908) Warning: The 'NO_COLOR' env is ignored due to the 'FORCE_COLOR' env being set.
ptah-electron: (Use `node --trace-warnings ...` to show where the warning was created)

> nx run ptah-electron:build-workspace-watch-host

ptah-electron: (node:32496) Warning: The 'NO_COLOR' env is ignored due to the 'FORCE_COLOR' env being set.
ptah-electron: (Use `node --trace-warnings ...` to show where the warning was created)

> nx run @ptah-extension/shared:test

@ptah-extension/shared: (node:34368) Warning: The 'NO_COLOR' env is ignored due to the 'FORCE_COLOR' env being set.
@ptah-extension/shared: (Use `node --trace-warnings ...` to show where the warning was created)
@ptah-extension/shared: (node:34368) Warning: Failed to load the ES module: 
D:\projects\ptah-extension\libs\shared\jest.config.ts. Make sure to set "type": "module" in the nearest package.json 
file or use the .mjs extension.
@ptah-extension/shared: (node:29792) Warning: The 'NO_COLOR' env is ignored due to the 'FORCE_COLOR' env being set.
@ptah-extension/shared: (Use `node --trace-warnings ...` to show where the warning was created)
@ptah-extension/shared: (node:38308) Warning: The 'NO_COLOR' env is ignored due to the 'FORCE_COLOR' env being set.
@ptah-extension/shared: (Use `node --trace-warnings ...` to show where the warning was created)
@ptah-extension/shared: (node:10720) Warning: The 'NO_COLOR' env is ignored due to the 'FORCE_COLOR' env being set.
@ptah-extension/shared: (Use `node --trace-warnings ...` to show where the warning was created)
@ptah-extension/shared: (node:12328) Warning: The 'NO_COLOR' env is ignored due to the 'FORCE_COLOR' env being set.
@ptah-extension/shared: (Use `node --trace-warnings ...` to show where the warning was created)
@ptah-extension/shared: (node:35032) Warning: The 'NO_COLOR' env is ignored due to the 'FORCE_COLOR' env being set.
@ptah-extension/shared: (Use `node --trace-warnings ...` to show where the warning was created)
@ptah-extension/shared: (node:16472) Warning: The 'NO_COLOR' env is ignored due to the 'FORCE_COLOR' env being set.
@ptah-extension/shared: (Use `node --trace-warnings ...` to show where the warning was created)
@ptah-extension/shared: (node:13168) Warning: The 'NO_COLOR' env is ignored due to the 'FORCE_COLOR' env being set.
@ptah-extension/shared: (Use `node --trace-warnings ...` to show where the warning was created)
@ptah-extension/shared: (node:4696) Warning: The 'NO_COLOR' env is ignored due to the 'FORCE_COLOR' env being set.
@ptah-extension/shared: (Use `node --trace-warnings ...` to show where the warning was created)
@ptah-extension/rpc-handlers: ▲ [WARNING] "import.meta" is not available with the "cjs" output format and will be 
empty [empty-import-meta]
@ptah-extension/rpc-handlers:     libs/backend/workspace-intelligence/src/ast/wasm-bundle-dir.ts:24:38:
@ptah-extension/rpc-handlers:       24 │   const metaUrl: string | undefined = import.meta?.url;
@ptah-extension/rpc-handlers:          ╵                                       ~~~~~~~~~~~
@ptah-extension/rpc-handlers:   You need to set the output format to "esm" for "import.meta" to work correctly.

> nx run @ptah-extension/thoth-runtime:build

@ptah-extension/thoth-runtime: (node:30336) Warning: The 'NO_COLOR' env is ignored due to the 'FORCE_COLOR' env being 
set.
@ptah-extension/thoth-runtime: (Use `node --trace-warnings ...` to show where the warning was created)
@ptah-extension/shared: [1mTest Suites: [22m[1m[32m60 passed[39m[22m, 60 total
@ptah-extension/shared: [1mTests:       [22m[1m[32m1553 passed[39m[22m, 1553 total
@ptah-extension/shared: [1mSnapshots:   [22m0 total
@ptah-extension/shared: [1mTime:[22m        14.777 s
@ptah-extension/shared: [2mRan all test suites[22m[2m.[22m

> nx run ptah-extension-vscode:build-esbuild:production

ptah-extension-vscode: (node:19968) Warning: The 'NO_COLOR' env is ignored due to the 'FORCE_COLOR' env being set.
ptah-extension-vscode: (Use `node --trace-warnings ...` to show where the warning was created)
@ptah-extension/thoth-runtime: ▲ [WARNING] "import.meta" is not available with the "cjs" output format and will be 
empty [empty-import-meta]
@ptah-extension/thoth-runtime:     libs/backend/workspace-intelligence/src/ast/wasm-bundle-dir.ts:24:38:
@ptah-extension/thoth-runtime:       24 │   const metaUrl: string | undefined = import.meta?.url;
@ptah-extension/thoth-runtime:          ╵                                       ~~~~~~~~~~~
@ptah-extension/thoth-runtime:   You need to set the output format to "esm" for "import.meta" to work correctly.

> nx run ptah-cli:build-esbuild:production

ptah-cli: (node:29892) Warning: The 'NO_COLOR' env is ignored due to the 'FORCE_COLOR' env being set.
ptah-cli: (Use `node --trace-warnings ...` to show where the warning was created)

> nx run @ptah-extension/shared:lint

@ptah-extension/shared: (node:36772) Warning: The 'NO_COLOR' env is ignored due to the 'FORCE_COLOR' env being set.
@ptah-extension/shared: (Use `node --trace-warnings ...` to show where the warning was created)
@ptah-extension/shared: Linting "@ptah-extension/shared"...

> nx run ptah-cli:copy-wasm

ptah-cli:   Copied web-tree-sitter.wasm (195.6 KB)
ptah-cli:   Copied tree-sitter-javascript.wasm (402.1 KB)
ptah-cli:   Copied tree-sitter-typescript.wasm (1380.7 KB)
ptah-cli:   Copied tree-sitter-python.wasm (447.2 KB)
ptah-cli:   Copied tree-sitter-go.wasm (212.1 KB)
ptah-cli:   Copied tree-sitter-c-sharp.wasm (4983.7 KB)
ptah-cli: WASM assets copied to D:\projects\ptah-extension\dist\apps\ptah-cli\wasm

> nx run ptah-cli:build-integrity-worker

ptah-cli: (node:37240) Warning: The 'NO_COLOR' env is ignored due to the 'FORCE_COLOR' env being set.
ptah-cli: (Use `node --trace-warnings ...` to show where the warning was created)

> nx run ptah-cli:build-embedder-worker

ptah-cli: (node:2056) Warning: The 'NO_COLOR' env is ignored due to the 'FORCE_COLOR' env being set.
ptah-cli: (Use `node --trace-warnings ...` to show where the warning was created)

> nx run ptah-cli:build-workspace-watch-host

ptah-cli: (node:21564) Warning: The 'NO_COLOR' env is ignored due to the 'FORCE_COLOR' env being set.
ptah-cli: (Use `node --trace-warnings ...` to show where the warning was created)

> nx run ptah-tui:build:production

ptah-tui: (node:32944) Warning: The 'NO_COLOR' env is ignored due to the 'FORCE_COLOR' env being set.
ptah-tui: (Use `node --trace-warnings ...` to show where the warning was created)

> nx run @ptah-extension/shared:typecheck

@ptah-extension/shared: [0m[0m
@ptah-extension/shared: [0m[4mD:\projects\ptah-extension\libs\shared\src\lib\connectors\ptah-connectors.catalog.ts[24m[0m
@ptah-extension/shared: [0m  [2m777:1[22m  [33mwarning[39m  File has too many lines (810). Maximum allowed is 700  [2mmax-lines[22m[0m
@ptah-extension/shared: [0m[0m
@ptah-extension/shared: [0m[4mD:\projects\ptah-extension\libs\shared\src\lib\types\rpc.types.ts[24m[0m
@ptah-extension/shared: [0m  [2m759:1[22m  [33mwarning[39m  File has too many lines (3201). Maximum allowed is 700  [2mmax-lines[22m[0m
@ptah-extension/shared: [0m[0m
@ptah-extension/shared: [0m[33m[1m✖ 2 problems (0 errors, 2 warnings)[22m[39m[0m
@ptah-extension/shared: [0m[33m[1m[22m[39m[0m
@ptah-extension/shared: ✖ 2 problems (0 errors, 2 warnings)

> nx run @ptah-extension/platform-core:test

@ptah-extension/platform-core: (node:2648) Warning: The 'NO_COLOR' env is ignored due to the 'FORCE_COLOR' env being 
set.
@ptah-extension/platform-core: (Use `node --trace-warnings ...` to show where the warning was created)
@ptah-extension/platform-core: (node:2648) Warning: Failed to load the ES module: 
D:\projects\ptah-extension\libs\backend\platform-core\jest.config.ts. Make sure to set "type": "module" in the nearest 
package.json file or use the .mjs extension.
@ptah-extension/platform-core: (node:1524) Warning: The 'NO_COLOR' env is ignored due to the 'FORCE_COLOR' env being 
set.
@ptah-extension/platform-core: (Use `node --trace-warnings ...` to show where the warning was created)
@ptah-extension/platform-core: (node:25996) Warning: The 'NO_COLOR' env is ignored due to the 'FORCE_COLOR' env being 
set.
@ptah-extension/platform-core: (Use `node --trace-warnings ...` to show where the warning was created)
@ptah-extension/platform-core: (node:26660) Warning: The 'NO_COLOR' env is ignored due to the 'FORCE_COLOR' env being 
set.
@ptah-extension/platform-core: (Use `node --trace-warnings ...` to show where the warning was created)
@ptah-extension/platform-core: (node:19028) Warning: The 'NO_COLOR' env is ignored due to the 'FORCE_COLOR' env being 
set.
@ptah-extension/platform-core: (Use `node --trace-warnings ...` to show where the warning was created)
@ptah-extension/platform-core: (node:31900) Warning: The 'NO_COLOR' env is ignored due to the 'FORCE_COLOR' env being 
set.
@ptah-extension/platform-core: (Use `node --trace-warnings ...` to show where the warning was created)
@ptah-extension/platform-core: (node:19128) Warning: The 'NO_COLOR' env is ignored due to the 'FORCE_COLOR' env being 
set.
@ptah-extension/platform-core: (Use `node --trace-warnings ...` to show where the warning was created)
@ptah-extension/platform-core: (node:24372) Warning: The 'NO_COLOR' env is ignored due to the 'FORCE_COLOR' env being 
set.
@ptah-extension/platform-core: (Use `node --trace-warnings ...` to show where the warning was created)
@ptah-extension/platform-core: (node:10556) Warning: The 'NO_COLOR' env is ignored due to the 'FORCE_COLOR' env being 
set.
@ptah-extension/platform-core: (Use `node --trace-warnings ...` to show where the warning was created)

> nx run @ptah-extension/platform-core:lint

@ptah-extension/platform-core: (node:16804) Warning: The 'NO_COLOR' env is ignored due to the 'FORCE_COLOR' env being 
set.
@ptah-extension/platform-core: (Use `node --trace-warnings ...` to show where the warning was created)
@ptah-extension/platform-core: Linting "@ptah-extension/platform-core"...
@ptah-extension/platform-core: [0m[0m
@ptah-extension/platform-core: [0m[4mD:\projects\ptah-extension\libs\backend\platform-core\src\cross-process-child.ts[24m[0m
@ptah-extension/platform-core: [0m  [2m43:9[22m  [33mwarning[39m  Forbidden non-null assertion  [2m@typescript-eslint/no-non-null-assertion[22m[0m
@ptah-extension/platform-core: [0m  [2m46:9[22m  [33mwarning[39m  Forbidden non-null assertion  [2m@typescript-eslint/no-non-null-assertion[22m[0m
@ptah-extension/platform-core: [0m  [2m53:1[22m  [33mwarning[39m  Forbidden non-null assertion  [2m@typescript-eslint/no-non-null-assertion[22m[0m
@ptah-extension/platform-core: [0m[0m
@ptah-extension/platform-core: [0m[4mD:\projects\ptah-extension\libs\backend\platform-core\src\file-settings-manager.spec.ts[24m[0m
@ptah-extension/platform-core: [0m  [2m815:21[22m  [33mwarning[39m  Forbidden non-null assertion  [2m@typescript-eslint/no-non-null-assertion[22m[0m
@ptah-extension/platform-core: [0m  [2m828:9[22m   [33mwarning[39m  Forbidden non-null assertion  [2m@typescript-eslint/no-non-null-assertion[22m[0m
@ptah-extension/platform-core: [0m  [2m829:9[22m   [33mwarning[39m  Forbidden non-null assertion  [2m@typescript-eslint/no-non-null-assertion[22m[0m
@ptah-extension/platform-core: [0m[0m
@ptah-extension/platform-core: [0m[4mD:\projects\ptah-extension\libs\backend\platform-core\src\file-settings-manager.ts[24m[0m
@ptah-extension/platform-core: [0m  [2m129:5[22m  [33mwarning[39m  Forbidden non-null assertion  [2m@typescript-eslint/no-non-null-assertion[22m[0m
@ptah-extension/platform-core: [0m[0m
@ptah-extension/platform-core: [0m[4mD:\projects\ptah-extension\libs\backend\platform-core\src\testing\contracts\run-diagnostics-provider-contract.ts[24m[0m
@ptah-extension/platform-core: [0m  [2m9:3[22m  [33mwarning[39m  'DiagnosticsResult' is defined but never used. Allowed unused vars must match /^_/u  [2m@typescript-eslint/no-unused-vars[22m[0m
@ptah-extension/platform-core: [0m[0m
@ptah-extension/platform-core: [0m[4mD:\projects\ptah-extension\libs\backend\platform-core\src\workspace-watch\workspace-watch-host-core.ts[24m[0m
@ptah-extension/platform-core: [0m  [2m968:1[22m  [33mwarning[39m  File has too many lines (739). Maximum allowed is 700  [2mmax-lines[22m[0m
@ptah-extension/platform-core: [0m[0m
@ptah-extension/platform-core: [0m[33m[1m✖ 9 problems (0 errors, 9 warnings)[22m[39m[0m
@ptah-extension/platform-core: [0m[33m[1m[22m[39m[0m
@ptah-extension/platform-core: ✖ 9 problems (0 errors, 9 warnings)

> nx run @ptah-extension/platform-core:typecheck

@ptah-extension/platform-core: [1mTest Suites: [22m[1m[32m43 passed[39m[22m, 43 total
@ptah-extension/platform-core: [1mTests:       [22m[1m[35m4 todo[39m[22m, [1m[32m810 passed[39m[22m, 814 
total
@ptah-extension/platform-core: [1mSnapshots:   [22m0 total
@ptah-extension/platform-core: [1mTime:[22m        [1m[33m21.026 s[39m[22m
@ptah-extension/platform-core: [2mRan all test suites[22m[2m.[22m

> nx run @ptah-extension/vscode-core:test

@ptah-extension/vscode-core: (node:17740) Warning: The 'NO_COLOR' env is ignored due to the 'FORCE_COLOR' env being 
set.
@ptah-extension/vscode-core: (Use `node --trace-warnings ...` to show where the warning was created)

> nx run @ptah-extension/vscode-core:typecheck

@ptah-extension/vscode-core: (node:17740) Warning: Failed to load the ES module: 
D:\projects\ptah-extension\libs\backend\vscode-core\jest.config.ts. Make sure to set "type": "module" in the nearest 
package.json file or use the .mjs extension.
@ptah-extension/vscode-core: (node:13420) Warning: The 'NO_COLOR' env is ignored due to the 'FORCE_COLOR' env being 
set.
@ptah-extension/vscode-core: (Use `node --trace-warnings ...` to show where the warning was created)
@ptah-extension/vscode-core: (node:37976) Warning: The 'NO_COLOR' env is ignored due to the 'FORCE_COLOR' env being 
set.
@ptah-extension/vscode-core: (Use `node --trace-warnings ...` to show where the warning was created)
@ptah-extension/vscode-core: (node:24168) Warning: The 'NO_COLOR' env is ignored due to the 'FORCE_COLOR' env being 
set.
@ptah-extension/vscode-core: (Use `node --trace-warnings ...` to show where the warning was created)
@ptah-extension/vscode-core: (node:14864) Warning: The 'NO_COLOR' env is ignored due to the 'FORCE_COLOR' env being 
set.
@ptah-extension/vscode-core: (Use `node --trace-warnings ...` to show where the warning was created)
@ptah-extension/vscode-core: (node:29464) Warning: The 'NO_COLOR' env is ignored due to the 'FORCE_COLOR' env being 
set.
@ptah-extension/vscode-core: (Use `node --trace-warnings ...` to show where the warning was created)
@ptah-extension/vscode-core: (node:15424) Warning: The 'NO_COLOR' env is ignored due to the 'FORCE_COLOR' env being 
set.
@ptah-extension/vscode-core: (Use `node --trace-warnings ...` to show where the warning was created)
@ptah-extension/vscode-core: (node:37856) Warning: The 'NO_COLOR' env is ignored due to the 'FORCE_COLOR' env being 
set.
@ptah-extension/vscode-core: (Use `node --trace-warnings ...` to show where the warning was created)
@ptah-extension/vscode-core: (node:29184) Warning: The 'NO_COLOR' env is ignored due to the 'FORCE_COLOR' env being 
set.
@ptah-extension/vscode-core: (Use `node --trace-warnings ...` to show where the warning was created)

> nx run @ptah-extension/vscode-core:lint

@ptah-extension/vscode-core: (node:27040) Warning: The 'NO_COLOR' env is ignored due to the 'FORCE_COLOR' env being 
set.
@ptah-extension/vscode-core: (Use `node --trace-warnings ...` to show where the warning was created)
@ptah-extension/vscode-core: Linting "@ptah-extension/vscode-core"...
@ptah-extension/vscode-core: warning: in the working copy of 'rename-me.txt', LF will be replaced by CRLF the next 
time Git touches it
@ptah-extension/vscode-core: warning: in the working copy of 'text.txt', LF will be replaced by CRLF the next time Git 
touches it
@ptah-extension/vscode-core: Switched to a new branch 'feature'
@ptah-extension/vscode-core: warning: in the working copy of 'text.txt', LF will be replaced by CRLF the next time Git 
touches it
@ptah-extension/vscode-core: warning: in the working copy of 'added.txt', LF will be replaced by CRLF the next time 
Git touches it
@ptah-extension/vscode-core: [0m[0m
@ptah-extension/vscode-core: [0m[4mD:\projects\ptah-extension\libs\backend\vscode-core\src\api-wrappers\file-system-manager.ts[24m[0m
@ptah-extension/vscode-core: [0m  [2m319:14[22m  [33mwarning[39m  Forbidden non-null assertion  [2m@typescript-eslint/no-non-null-assertion[22m[0m
@ptah-extension/vscode-core: [0m  [2m464:17[22m  [33mwarning[39m  Forbidden non-null assertion  [2m@typescript-eslint/no-non-null-assertion[22m[0m
@ptah-extension/vscode-core: [0m[0m
@ptah-extension/vscode-core: [0m[4mD:\projects\ptah-extension\libs\backend\vscode-core\src\api-wrappers\output-manager.ts[24m[0m
@ptah-extension/vscode-core: [0m  [2m97:14[22m  [33mwarning[39m  Forbidden non-null assertion  [2m@typescript-eslint/no-non-null-assertion[22m[0m
@ptah-extension/vscode-core: [0m[0m
@ptah-extension/vscode-core: [0m[4mD:\projects\ptah-extension\libs\backend\vscode-core\src\api-wrappers\status-bar-manager.ts[24m[0m
@ptah-extension/vscode-core: [0m  [2m110:14[22m  [33mwarning[39m  Forbidden non-null assertion  [2m@typescript-eslint/no-non-null-assertion[22m[0m
@ptah-extension/vscode-core: [0m[0m
@ptah-extension/vscode-core: [0m[4mD:\projects\ptah-extension\libs\backend\vscode-core\src\api-wrappers\webview-manager.ts[24m[0m
@ptah-extension/vscode-core: [0m   [2m99:24[22m  [33mwarning[39m  Forbidden non-null assertion              [2m@typescript-eslint/no-non-null-assertion[22m[0m
@ptah-extension/vscode-core: [0m  [2m194:14[22m  [33mwarning[39m  Unexpected any. Specify a different type  [2m@typescript-eslint/no-explicit-any[22m[0m
@ptah-extension/vscode-core: [0m  [2m296:14[22m  [33mwarning[39m  Unexpected any. Specify a different type  [2m@typescript-eslint/no-explicit-any[22m[0m
@ptah-extension/vscode-core: [0m  [2m376:59[22m  [33mwarning[39m  Unexpected any. Specify a different type  [2m@typescript-eslint/no-explicit-any[22m[0m
@ptah-extension/vscode-core: [0m[0m
@ptah-extension/vscode-core: [0m[4mD:\projects\ptah-extension\libs\backend\vscode-core\src\logging\logger.ts[24m[0m
@ptah-extension/vscode-core: [0m  [2m214:19[22m  [33mwarning[39m  Unexpected empty method 'dispose'  [2m@typescript-eslint/no-empty-function[22m[0m
@ptah-extension/vscode-core: [0m[0m
@ptah-extension/vscode-core: [0m[4mD:\projects\ptah-extension\libs\backend\vscode-core\src\services\git-info.service.ts[24m[0m
@ptah-extension/vscode-core: [0m  [2m1090:1[22m   [33mwarning[39m  File has too many lines (2208). Maximum allowed is 700  [2mmax-lines[22m[0m
@ptah-extension/vscode-core: [0m  [2m2787:22[22m  [33mwarning[39m  Forbidden non-null assertion                            [2m@typescript-eslint/no-non-null-assertion[22m[0m
@ptah-extension/vscode-core: [0m[0m
@ptah-extension/vscode-core: [0m[33m[1m✖ 11 problems (0 errors, 11 warnings)[22m[39m[0m
@ptah-extension/vscode-core: [0m[33m[1m[22m[39m[0m
@ptah-extension/vscode-core: ✖ 11 problems (0 errors, 11 warnings)

> nx run @ptah-extension/core:test

@ptah-extension/vscode-core: warning: in the working copy of 'rename-me.txt', LF will be replaced by CRLF the next 
time Git touches it
@ptah-extension/vscode-core: warning: in the working copy of 'text.txt', LF will be replaced by CRLF the next time Git 
touches it
@ptah-extension/vscode-core: Switched to a new branch 'feature'
@ptah-extension/core: (node:35160) Warning: The 'NO_COLOR' env is ignored due to the 'FORCE_COLOR' env being set.
@ptah-extension/core: (Use `node --trace-warnings ...` to show where the warning was created)
@ptah-extension/vscode-core: warning: in the working copy of 'text.txt', LF will be replaced by CRLF the next time Git 
touches it
@ptah-extension/vscode-core: warning: in the working copy of 'added.txt', LF will be replaced by CRLF the next time 
Git touches it
@ptah-extension/core: (node:35160) Warning: Failed to load the ES module: 
D:\projects\ptah-extension\libs\frontend\core\jest.config.ts. Make sure to set "type": "module" in the nearest 
package.json file or use the .mjs extension.
@ptah-extension/core: (node:37788) Warning: The 'NO_COLOR' env is ignored due to the 'FORCE_COLOR' env being set.
@ptah-extension/core: (Use `node --trace-warnings ...` to show where the warning was created)
@ptah-extension/core: (node:14080) Warning: The 'NO_COLOR' env is ignored due to the 'FORCE_COLOR' env being set.
@ptah-extension/core: (Use `node --trace-warnings ...` to show where the warning was created)
@ptah-extension/core: (node:20184) Warning: The 'NO_COLOR' env is ignored due to the 'FORCE_COLOR' env being set.
@ptah-extension/core: (Use `node --trace-warnings ...` to show where the warning was created)
@ptah-extension/core: (node:22312) Warning: The 'NO_COLOR' env is ignored due to the 'FORCE_COLOR' env being set.
@ptah-extension/core: (Use `node --trace-warnings ...` to show where the warning was created)
@ptah-extension/core: (node:15876) Warning: The 'NO_COLOR' env is ignored due to the 'FORCE_COLOR' env being set.
@ptah-extension/core: (Use `node --trace-warnings ...` to show where the warning was created)
@ptah-extension/core: (node:31560) Warning: The 'NO_COLOR' env is ignored due to the 'FORCE_COLOR' env being set.
@ptah-extension/core: (Use `node --trace-warnings ...` to show where the warning was created)
@ptah-extension/core: (node:29212) Warning: The 'NO_COLOR' env is ignored due to the 'FORCE_COLOR' env being set.
@ptah-extension/core: (Use `node --trace-warnings ...` to show where the warning was created)
@ptah-extension/core: (node:28436) Warning: The 'NO_COLOR' env is ignored due to the 'FORCE_COLOR' env being set.
@ptah-extension/core: (Use `node --trace-warnings ...` to show where the warning was created)
@ptah-extension/core: [1mTest Suites: [22m[1m[32m30 passed[39m[22m, 30 total
@ptah-extension/core: [1mTests:       [22m[1m[32m729 passed[39m[22m, 729 total
@ptah-extension/core: [1mSnapshots:   [22m0 total
@ptah-extension/core: [1mTime:[22m        21.341 s
@ptah-extension/core: [2mRan all test suites[22m[2m.[22m

> nx run @ptah-extension/core:lint

@ptah-extension/core: (node:39668) Warning: The 'NO_COLOR' env is ignored due to the 'FORCE_COLOR' env being set.
@ptah-extension/core: (Use `node --trace-warnings ...` to show where the warning was created)
@ptah-extension/core: Linting "@ptah-extension/core"...
@ptah-extension/core: [0m[0m
@ptah-extension/core: [0m[4mD:\projects\ptah-extension\libs\frontend\core\src\lib\services\auth-state.service.ts[24m[0m
@ptah-extension/core: [0m  [2m1223:1[22m  [33mwarning[39m  File has too many lines (766). Maximum allowed is 700  [2mmax-lines[22m[0m
@ptah-extension/core: [0m[0m
@ptah-extension/core: [0m[4mD:\projects\ptah-extension\libs\frontend\core\src\lib\services\command-discovery.facade.spec.ts[24m[0m
@ptah-extension/core: [0m  [2m10:8[22m  [33mwarning[39m  'LucideIconData' is defined but never used. Allowed unused vars must match /^_/u  [2m@typescript-eslint/no-unused-vars[22m[0m
@ptah-extension/core: [0m[0m
@ptah-extension/core: [0m[4mD:\projects\ptah-extension\libs\frontend\core\src\lib\services\electron-layout.service.spec.ts[24m[0m
@ptah-extension/core: [0m  [2m676:19[22m  [33mwarning[39m  Forbidden non-null assertion  [2m@typescript-eslint/no-non-null-assertion[22m[0m
@ptah-extension/core: [0m  [2m847:12[22m  [33mwarning[39m  Forbidden non-null assertion  [2m@typescript-eslint/no-non-null-assertion[22m[0m
@ptah-extension/core: [0m[0m
@ptah-extension/core: [0m[4mD:\projects\ptah-extension\libs\frontend\core\src\lib\services\electron-layout.service.ts[24m[0m
@ptah-extension/core: [0m  [2m282:17[22m  [33mwarning[39m  Forbidden non-null assertion  [2m@typescript-eslint/no-non-null-assertion[22m[0m
@ptah-extension/core: [0m  [2m283:46[22m  [33mwarning[39m  Forbidden non-null assertion  [2m@typescript-eslint/no-non-null-assertion[22m[0m
@ptah-extension/core: [0m[0m
@ptah-extension/core: [0m[4mD:\projects\ptah-extension\libs\frontend\core\src\lib\services\message-router.service.ts[24m[0m
@ptah-extension/core: [0m  [2m299:16[22m  [33mwarning[39m  Unexpected empty arrow function  [2m@typescript-eslint/no-empty-function[22m[0m
@ptah-extension/core: [0m[0m
@ptah-extension/core: [0m[4mD:\projects\ptah-extension\libs\frontend\core\src\lib\services\vscode.service.spec.ts[24m[0m
@ptah-extension/core: [0m  [2m322:7[22m  [33mwarning[39m  Forbidden non-null assertion  [2m@typescript-eslint/no-non-null-assertion[22m[0m
@ptah-extension/core: [0m  [2m331:7[22m  [33mwarning[39m  Forbidden non-null assertion  [2m@typescript-eslint/no-non-null-assertion[22m[0m
@ptah-extension/core: [0m  [2m344:7[22m  [33mwarning[39m  Forbidden non-null assertion  [2m@typescript-eslint/no-non-null-assertion[22m[0m
@ptah-extension/core: [0m[0m
@ptah-extension/core: [0m[4mD:\projects\ptah-extension\libs\frontend\core\src\lib\services\vscode.service.ts[24m[0m
@ptah-extension/core: [0m  [2m258:16[22m  [33mwarning[39m  Unexpected empty arrow function  [2m@typescript-eslint/no-empty-function[22m[0m
@ptah-extension/core: [0m[0m
@ptah-extension/core: [0m[33m[1m✖ 11 problems (0 errors, 11 warnings)[22m[39m[0m
@ptah-extension/core: [0m[33m[1m[22m[39m[0m
@ptah-extension/core: ✖ 11 problems (0 errors, 11 warnings)

> nx run @ptah-extension/core:typecheck

@ptah-extension/core: (node:17668) Warning: The 'NO_COLOR' env is ignored due to the 'FORCE_COLOR' env being set.
@ptah-extension/core: (Use `node --trace-warnings ...` to show where the warning was created)
@ptah-extension/core: (node:34600) Warning: The 'NO_COLOR' env is ignored due to the 'FORCE_COLOR' env being set.
@ptah-extension/core: (Use `node --trace-warnings ...` to show where the warning was created)

> nx run @ptah-extension/settings-core:test

@ptah-extension/settings-core: (node:25892) Warning: The 'NO_COLOR' env is ignored due to the 'FORCE_COLOR' env being 
set.
@ptah-extension/settings-core: (Use `node --trace-warnings ...` to show where the warning was created)
@ptah-extension/settings-core: (node:25892) Warning: Failed to load the ES module: 
D:\projects\ptah-extension\libs\backend\settings-core\jest.config.ts. Make sure to set "type": "module" in the nearest 
package.json file or use the .mjs extension.
@ptah-extension/settings-core: (node:36020) Warning: The 'NO_COLOR' env is ignored due to the 'FORCE_COLOR' env being 
set.
@ptah-extension/settings-core: (Use `node --trace-warnings ...` to show where the warning was created)
@ptah-extension/settings-core: (node:38452) Warning: The 'NO_COLOR' env is ignored due to the 'FORCE_COLOR' env being 
set.
@ptah-extension/settings-core: (Use `node --trace-warnings ...` to show where the warning was created)
@ptah-extension/settings-core: (node:38252) Warning: The 'NO_COLOR' env is ignored due to the 'FORCE_COLOR' env being 
set.
@ptah-extension/settings-core: (Use `node --trace-warnings ...` to show where the warning was created)
@ptah-extension/settings-core: (node:17040) Warning: The 'NO_COLOR' env is ignored due to the 'FORCE_COLOR' env being 
set.
@ptah-extension/settings-core: (Use `node --trace-warnings ...` to show where the warning was created)
@ptah-extension/settings-core: (node:29528) Warning: The 'NO_COLOR' env is ignored due to the 'FORCE_COLOR' env being 
set.
@ptah-extension/settings-core: (Use `node --trace-warnings ...` to show where the warning was created)
@ptah-extension/settings-core: (node:11204) Warning: The 'NO_COLOR' env is ignored due to the 'FORCE_COLOR' env being 
set.
@ptah-extension/settings-core: (Use `node --trace-warnings ...` to show where the warning was created)
@ptah-extension/settings-core: (node:30912) Warning: The 'NO_COLOR' env is ignored due to the 'FORCE_COLOR' env being 
set.
@ptah-extension/settings-core: (Use `node --trace-warnings ...` to show where the warning was created)
@ptah-extension/vscode-core: [1mTest Suites: [22m[1m[32m39 passed[39m[22m, 39 total
@ptah-extension/vscode-core: [1mTests:       [22m[1m[32m663 passed[39m[22m, 663 total
@ptah-extension/vscode-core: [1mSnapshots:   [22m0 total
@ptah-extension/vscode-core: [1mTime:[22m        [1m[33m77.769 s[39m[22m
@ptah-extension/vscode-core: [2mRan all test suites[22m[2m.[22m

> nx run api-contracts-community:test

api-contracts-community: (node:38308) Warning: The 'NO_COLOR' env is ignored due to the 'FORCE_COLOR' env being set.
api-contracts-community: (Use `node --trace-warnings ...` to show where the warning was created)
api-contracts-community: (node:19028) Warning: The 'NO_COLOR' env is ignored due to the 'FORCE_COLOR' env being set.
api-contracts-community: (Use `node --trace-warnings ...` to show where the warning was created)
api-contracts-community: (node:1524) Warning: The 'NO_COLOR' env is ignored due to the 'FORCE_COLOR' env being set.
api-contracts-community: (Use `node --trace-warnings ...` to show where the warning was created)
@ptah-extension/settings-core: [1mTest Suites: [22m[1m[32m7 passed[39m[22m, 7 total
@ptah-extension/settings-core: [1mTests:       [22m[1m[32m163 passed[39m[22m, 163 total
@ptah-extension/settings-core: [1mSnapshots:   [22m0 total
@ptah-extension/settings-core: [1mTime:[22m        17.075 s
@ptah-extension/settings-core: [2mRan all test suites[22m[2m.[22m

> nx run api-contracts-community:typecheck

api-contracts-community: (node:14572) Warning: The 'NO_COLOR' env is ignored due to the 'FORCE_COLOR' env being set.
api-contracts-community: (Use `node --trace-warnings ...` to show where the warning was created)

> nx run @ptah-extension/settings-core:typecheck

(node:19328) MaxListenersExceededWarning: Possible EventEmitter memory leak detected. 13 exit listeners added to 
[process]. MaxListeners is 12. Use emitter.setMaxListeners() to increase limit
(Use `node --trace-warnings ...` to show where the warning was created)
api-contracts-community: [1mTest Suites: [22m[1m[32m2 passed[39m[22m, 2 total
api-contracts-community: [1mTests:       [22m[1m[32m33 passed[39m[22m, 33 total
api-contracts-community: [1mSnapshots:   [22m0 total
api-contracts-community: [1mTime:[22m        9.714 s
api-contracts-community: [2mRan all test suites[22m[2m.[22m

> nx run @ptah-extension/markdown:test

@ptah-extension/markdown: (node:9956) Warning: The 'NO_COLOR' env is ignored due to the 'FORCE_COLOR' env being set.
@ptah-extension/markdown: (Use `node --trace-warnings ...` to show where the warning was created)
@ptah-extension/markdown: (node:13668) Warning: The 'NO_COLOR' env is ignored due to the 'FORCE_COLOR' env being set.
@ptah-extension/markdown: (Use `node --trace-warnings ...` to show where the warning was created)
@ptah-extension/markdown: (node:38368) Warning: The 'NO_COLOR' env is ignored due to the 'FORCE_COLOR' env being set.
@ptah-extension/markdown: (Use `node --trace-warnings ...` to show where the warning was created)
@ptah-extension/markdown: (node:18548) Warning: The 'NO_COLOR' env is ignored due to the 'FORCE_COLOR' env being set.
@ptah-extension/markdown: (Use `node --trace-warnings ...` to show where the warning was created)
@ptah-extension/markdown: (node:37928) Warning: The 'NO_COLOR' env is ignored due to the 'FORCE_COLOR' env being set.
@ptah-extension/markdown: (Use `node --trace-warnings ...` to show where the warning was created)
@ptah-extension/markdown: (node:23820) Warning: The 'NO_COLOR' env is ignored due to the 'FORCE_COLOR' env being set.
@ptah-extension/markdown: (Use `node --trace-warnings ...` to show where the warning was created)

> nx run @ptah-extension/markdown:typecheck

@ptah-extension/markdown: (node:1984) Warning: The 'NO_COLOR' env is ignored due to the 'FORCE_COLOR' env being set.
@ptah-extension/markdown: (Use `node --trace-warnings ...` to show where the warning was created)
@ptah-extension/markdown: (node:13168) Warning: The 'NO_COLOR' env is ignored due to the 'FORCE_COLOR' env being set.
@ptah-extension/markdown: (Use `node --trace-warnings ...` to show where the warning was created)
@ptah-extension/markdown: [1mTest Suites: [22m[1m[32m5 passed[39m[22m, 5 total
@ptah-extension/markdown: [1mTests:       [22m[1m[32m152 passed[39m[22m, 152 total
@ptah-extension/markdown: [1mSnapshots:   [22m0 total
@ptah-extension/markdown: [1mTime:[22m        6.191 s
@ptah-extension/markdown: [2mRan all test suites[22m[2m.[22m

> nx run @ptah-extension/chat-types:typecheck


> nx run @ptah-extension/memory-contracts:typecheck


> nx run @ptah-extension/auth-providers-tokens:typecheck


> nx run @ptah-extension/chat-types:lint

@ptah-extension/chat-types: (node:9428) Warning: The 'NO_COLOR' env is ignored due to the 'FORCE_COLOR' env being set.
@ptah-extension/chat-types: (Use `node --trace-warnings ...` to show where the warning was created)
@ptah-extension/chat-types: Linting "@ptah-extension/chat-types"...

> nx run @ptah-extension/markdown:lint

@ptah-extension/markdown: (node:38556) Warning: The 'NO_COLOR' env is ignored due to the 'FORCE_COLOR' env being set.
@ptah-extension/markdown: (Use `node --trace-warnings ...` to show where the warning was created)
@ptah-extension/markdown: Linting "@ptah-extension/markdown"...
@ptah-extension/chat-types: ✔ All files pass linting

> nx run @ptah-extension/plugin-marketplace:test

@ptah-extension/plugin-marketplace: (node:4220) Warning: The 'NO_COLOR' env is ignored due to the 'FORCE_COLOR' env 
being set.
@ptah-extension/plugin-marketplace: (Use `node --trace-warnings ...` to show where the warning was created)
@ptah-extension/plugin-marketplace: (node:4220) Warning: Failed to load the ES module: 
D:\projects\ptah-extension\libs\backend\plugin-marketplace\jest.config.ts. Make sure to set "type": "module" in the 
nearest package.json file or use the .mjs extension.
@ptah-extension/markdown: ✔ All files pass linting

> nx run @ptah-extension/plugin-marketplace:typecheck

(node:19328) MaxListenersExceededWarning: Possible EventEmitter memory leak detected. 13 SIGINT listeners added to 
[process]. MaxListeners is 12. Use emitter.setMaxListeners() to increase limit
(node:19328) MaxListenersExceededWarning: Possible EventEmitter memory leak detected. 13 SIGTERM listeners added to 
[process]. MaxListeners is 12. Use emitter.setMaxListeners() to increase limit
(node:19328) MaxListenersExceededWarning: Possible EventEmitter memory leak detected. 13 SIGHUP listeners added to 
[process]. MaxListeners is 12. Use emitter.setMaxListeners() to increase limit
@ptah-extension/plugin-marketplace: (node:39412) Warning: The 'NO_COLOR' env is ignored due to the 'FORCE_COLOR' env 
being set.
@ptah-extension/plugin-marketplace: (Use `node --trace-warnings ...` to show where the warning was created)
@ptah-extension/plugin-marketplace: (node:16928) Warning: The 'NO_COLOR' env is ignored due to the 'FORCE_COLOR' env 
being set.
@ptah-extension/plugin-marketplace: (Use `node --trace-warnings ...` to show where the warning was created)
@ptah-extension/plugin-marketplace: (node:39868) Warning: The 'NO_COLOR' env is ignored due to the 'FORCE_COLOR' env 
being set.
@ptah-extension/plugin-marketplace: (Use `node --trace-warnings ...` to show where the warning was created)
@ptah-extension/plugin-marketplace: (node:28280) Warning: The 'NO_COLOR' env is ignored due to the 'FORCE_COLOR' env 
being set.
@ptah-extension/plugin-marketplace: (Use `node --trace-warnings ...` to show where the warning was created)
@ptah-extension/plugin-marketplace: (node:24076) Warning: The 'NO_COLOR' env is ignored due to the 'FORCE_COLOR' env 
being set.
@ptah-extension/plugin-marketplace: (Use `node --trace-warnings ...` to show where the warning was created)

> nx run @ptah-extension/plugin-marketplace:lint

@ptah-extension/plugin-marketplace: (node:20184) Warning: The 'NO_COLOR' env is ignored due to the 'FORCE_COLOR' env 
being set.
@ptah-extension/plugin-marketplace: (Use `node --trace-warnings ...` to show where the warning was created)
@ptah-extension/plugin-marketplace: Linting "@ptah-extension/plugin-marketplace"...
@ptah-extension/plugin-marketplace: ✔ All files pass linting

> nx run @ptah-extension/ui:test

@ptah-extension/ui: (node:39768) Warning: The 'NO_COLOR' env is ignored due to the 'FORCE_COLOR' env being set.
@ptah-extension/ui: (Use `node --trace-warnings ...` to show where the warning was created)
@ptah-extension/ui: (node:18332) Warning: The 'NO_COLOR' env is ignored due to the 'FORCE_COLOR' env being set.
@ptah-extension/ui: (Use `node --trace-warnings ...` to show where the warning was created)
@ptah-extension/ui: (node:34228) Warning: The 'NO_COLOR' env is ignored due to the 'FORCE_COLOR' env being set.
@ptah-extension/ui: (Use `node --trace-warnings ...` to show where the warning was created)
@ptah-extension/ui: (node:25104) Warning: The 'NO_COLOR' env is ignored due to the 'FORCE_COLOR' env being set.
@ptah-extension/ui: (Use `node --trace-warnings ...` to show where the warning was created)
@ptah-extension/ui: (node:29692) Warning: The 'NO_COLOR' env is ignored due to the 'FORCE_COLOR' env being set.
@ptah-extension/ui: (Use `node --trace-warnings ...` to show where the warning was created)
@ptah-extension/ui: (node:26832) Warning: The 'NO_COLOR' env is ignored due to the 'FORCE_COLOR' env being set.
@ptah-extension/ui: (Use `node --trace-warnings ...` to show where the warning was created)
@ptah-extension/ui: (node:21936) Warning: The 'NO_COLOR' env is ignored due to the 'FORCE_COLOR' env being set.
@ptah-extension/ui: (Use `node --trace-warnings ...` to show where the warning was created)
@ptah-extension/ui: (node:19868) Warning: The 'NO_COLOR' env is ignored due to the 'FORCE_COLOR' env being set.
@ptah-extension/ui: (Use `node --trace-warnings ...` to show where the warning was created)
@ptah-extension/ui: (node:25156) Warning: The 'NO_COLOR' env is ignored due to the 'FORCE_COLOR' env being set.
@ptah-extension/ui: (Use `node --trace-warnings ...` to show where the warning was created)
@ptah-extension/plugin-marketplace: [1mTest Suites: [22m[1m[32m5 passed[39m[22m, 5 total
@ptah-extension/plugin-marketplace: [1mTests:       [22m[1m[32m100 passed[39m[22m, 100 total
@ptah-extension/plugin-marketplace: [1mSnapshots:   [22m0 total
@ptah-extension/plugin-marketplace: [1mTime:[22m        18.284 s
@ptah-extension/plugin-marketplace: [2mRan all test suites[22m[2m.[22m

> nx run @ptah-extension/agent-sdk:test

@ptah-extension/agent-sdk: (node:34624) Warning: The 'NO_COLOR' env is ignored due to the 'FORCE_COLOR' env being set.
@ptah-extension/agent-sdk: (Use `node --trace-warnings ...` to show where the warning was created)
@ptah-extension/agent-sdk: (node:34624) Warning: Failed to load the ES module: 
D:\projects\ptah-extension\libs\backend\agent-sdk\jest.config.ts. Make sure to set "type": "module" in the nearest 
package.json file or use the .mjs extension.
@ptah-extension/agent-sdk: (node:35148) Warning: The 'NO_COLOR' env is ignored due to the 'FORCE_COLOR' env being set.
@ptah-extension/agent-sdk: (Use `node --trace-warnings ...` to show where the warning was created)
@ptah-extension/agent-sdk: (node:37844) Warning: The 'NO_COLOR' env is ignored due to the 'FORCE_COLOR' env being set.
@ptah-extension/agent-sdk: (Use `node --trace-warnings ...` to show where the warning was created)
@ptah-extension/agent-sdk: (node:34640) Warning: The 'NO_COLOR' env is ignored due to the 'FORCE_COLOR' env being set.
@ptah-extension/agent-sdk: (Use `node --trace-warnings ...` to show where the warning was created)
@ptah-extension/agent-sdk: (node:12096) Warning: The 'NO_COLOR' env is ignored due to the 'FORCE_COLOR' env being set.
@ptah-extension/agent-sdk: (Use `node --trace-warnings ...` to show where the warning was created)
@ptah-extension/agent-sdk: (node:5392) Warning: The 'NO_COLOR' env is ignored due to the 'FORCE_COLOR' env being set.
@ptah-extension/agent-sdk: (Use `node --trace-warnings ...` to show where the warning was created)
@ptah-extension/agent-sdk: (node:12968) Warning: The 'NO_COLOR' env is ignored due to the 'FORCE_COLOR' env being set.
@ptah-extension/agent-sdk: (Use `node --trace-warnings ...` to show where the warning was created)
@ptah-extension/agent-sdk: (node:38820) Warning: The 'NO_COLOR' env is ignored due to the 'FORCE_COLOR' env being set.
@ptah-extension/agent-sdk: (Use `node --trace-warnings ...` to show where the warning was created)
@ptah-extension/agent-sdk: (node:5132) Warning: The 'NO_COLOR' env is ignored due to the 'FORCE_COLOR' env being set.
@ptah-extension/agent-sdk: (Use `node --trace-warnings ...` to show where the warning was created)
@ptah-extension/ui: [1mTest Suites: [22m[1m[32m18 passed[39m[22m, 18 total
@ptah-extension/ui: [1mTests:       [22m[1m[32m353 passed[39m[22m, 353 total
@ptah-extension/ui: [1mSnapshots:   [22m0 total
@ptah-extension/ui: [1mTime:[22m        18.484 s
@ptah-extension/ui: [2mRan all test suites[22m[2m.[22m

> nx run @ptah-extension/ui:typecheck

@ptah-extension/ui: (node:11108) Warning: The 'NO_COLOR' env is ignored due to the 'FORCE_COLOR' env being set.
@ptah-extension/ui: (Use `node --trace-warnings ...` to show where the warning was created)
@ptah-extension/ui: (node:26756) Warning: The 'NO_COLOR' env is ignored due to the 'FORCE_COLOR' env being set.
@ptah-extension/ui: (Use `node --trace-warnings ...` to show where the warning was created)

> nx run @ptah-extension/agent-sdk:typecheck


> nx run @ptah-extension/agent-sdk:lint

@ptah-extension/agent-sdk: (node:22704) Warning: The 'NO_COLOR' env is ignored due to the 'FORCE_COLOR' env being set.
@ptah-extension/agent-sdk: (Use `node --trace-warnings ...` to show where the warning was created)
@ptah-extension/agent-sdk: Linting "@ptah-extension/agent-sdk"...
@ptah-extension/agent-sdk: [1mTest Suites: [22m[1m[33m2 skipped[39m[22m, [1m[32m115 passed[39m[22m, 115 of 
117 total
@ptah-extension/agent-sdk: [1mTests:       [22m[1m[33m3 skipped[39m[22m, [1m[32m2043 passed[39m[22m, 2046 
total
@ptah-extension/agent-sdk: [1mSnapshots:   [22m0 total
@ptah-extension/agent-sdk: [1mTime:[22m        60.048 s, estimated 100 s
@ptah-extension/agent-sdk: [2mRan all test suites[22m[2m.[22m

> nx run @ptah-extension/ui:lint

@ptah-extension/ui: (node:4800) Warning: The 'NO_COLOR' env is ignored due to the 'FORCE_COLOR' env being set.
@ptah-extension/ui: (Use `node --trace-warnings ...` to show where the warning was created)
@ptah-extension/ui: Linting "@ptah-extension/ui"...
@ptah-extension/agent-sdk: [0m[0m
@ptah-extension/agent-sdk: [0m[4mD:\projects\ptah-extension\libs\backend\agent-sdk\src\lib\helpers\sdk-model-service.ts[24m[0m
@ptah-extension/agent-sdk: [0m  [2m802:47[22m  [33mwarning[39m  Unexpected empty async generator function  [2m@typescript-eslint/no-empty-function[22m[0m
@ptah-extension/agent-sdk: [0m[0m
@ptah-extension/agent-sdk: [0m[4mD:\projects\ptah-extension\libs\backend\agent-sdk\src\lib\helpers\sdk-query-options-builder.ts[24m[0m
@ptah-extension/agent-sdk: [0m  [2m1250:1[22m  [33mwarning[39m  File has too many lines (1000). Maximum allowed is 700  [2mmax-lines[22m[0m
@ptah-extension/agent-sdk: [0m[0m
@ptah-extension/agent-sdk: [0m[4mD:\projects\ptah-extension\libs\backend\agent-sdk\src\lib\helpers\session-lifecycle-manager.spec.ts[24m[0m
@ptah-extension/agent-sdk: [0m   [2m919:21[22m  [33mwarning[39m  Forbidden non-null assertion                                                    [2m@typescript-eslint/no-non-null-assertion[22m[0m
@ptah-extension/agent-sdk: [0m   [2m920:21[22m  [33mwarning[39m  Forbidden non-null assertion                                                    [2m@typescript-eslint/no-non-null-assertion[22m[0m
@ptah-extension/agent-sdk: [0m   [2m921:21[22m  [33mwarning[39m  Forbidden non-null assertion                                                    [2m@typescript-eslint/no-non-null-assertion[22m[0m
@ptah-extension/agent-sdk: [0m   [2m988:13[22m  [33mwarning[39m  'rec' is assigned a value but never used. Allowed unused vars must match /^_/u  [2m@typescript-eslint/no-unused-vars[22m[0m
@ptah-extension/agent-sdk: [0m  [2m1117:14[22m  [33mwarning[39m  Forbidden non-null assertion                                                    [2m@typescript-eslint/no-non-null-assertion[22m[0m
@ptah-extension/agent-sdk: [0m  [2m1123:14[22m  [33mwarning[39m  Forbidden non-null assertion                                                    [2m@typescript-eslint/no-non-null-assertion[22m[0m
@ptah-extension/agent-sdk: [0m  [2m1123:37[22m  [33mwarning[39m  Forbidden non-null assertion                                                    [2m@typescript-eslint/no-non-null-assertion[22m[0m
@ptah-extension/agent-sdk: [0m[0m
@ptah-extension/agent-sdk: [0m[4mD:\projects\ptah-extension\libs\backend\agent-sdk\src\lib\helpers\session-lifecycle\session-query-executor.service.spec.ts[24m[0m
@ptah-extension/agent-sdk: [0m  [2m456:9[22m  [33mwarning[39m  Forbidden non-null assertion  [2m@typescript-eslint/no-non-null-assertion[22m[0m
@ptah-extension/agent-sdk: [0m[0m
@ptah-extension/agent-sdk: [0m[4mD:\projects\ptah-extension\libs\backend\agent-sdk\src\lib\permission\ask-user-question.service.spec.ts[24m[0m
@ptah-extension/agent-sdk: [0m  [2m131:21[22m  [33mwarning[39m  Forbidden non-null assertion  [2m@typescript-eslint/no-non-null-assertion[22m[0m
@ptah-extension/agent-sdk: [0m  [2m165:21[22m  [33mwarning[39m  Forbidden non-null assertion  [2m@typescript-eslint/no-non-null-assertion[22m[0m
@ptah-extension/agent-sdk: [0m  [2m193:21[22m  [33mwarning[39m  Forbidden non-null assertion  [2m@typescript-eslint/no-non-null-assertion[22m[0m
@ptah-extension/agent-sdk: [0m  [2m237:12[22m  [33mwarning[39m  Forbidden non-null assertion  [2m@typescript-eslint/no-non-null-assertion[22m[0m
@ptah-extension/agent-sdk: [0m  [2m238:21[22m  [33mwarning[39m  Forbidden non-null assertion  [2m@typescript-eslint/no-non-null-assertion[22m[0m
@ptah-extension/agent-sdk: [0m  [2m341:11[22m  [33mwarning[39m  Forbidden non-null assertion  [2m@typescript-eslint/no-non-null-assertion[22m[0m
@ptah-extension/agent-sdk: [0m  [2m400:31[22m  [33mwarning[39m  Forbidden non-null assertion  [2m@typescript-eslint/no-non-null-assertion[22m[0m
@ptah-extension/agent-sdk: [0m  [2m496:11[22m  [33mwarning[39m  Forbidden non-null assertion  [2m@typescript-eslint/no-non-null-assertion[22m[0m
@ptah-extension/agent-sdk: [0m[0m
@ptah-extension/agent-sdk: [0m[4mD:\projects\ptah-extension\libs\backend\agent-sdk\src\lib\permission\exit-plan-mode.service.spec.ts[24m[0m
@ptah-extension/agent-sdk: [0m   [2m99:18[22m  [33mwarning[39m  Forbidden non-null assertion  [2m@typescript-eslint/no-non-null-assertion[22m[0m
@ptah-extension/agent-sdk: [0m  [2m125:12[22m  [33mwarning[39m  Forbidden non-null assertion  [2m@typescript-eslint/no-non-null-assertion[22m[0m
@ptah-extension/agent-sdk: [0m[0m
@ptah-extension/agent-sdk: [0m[4mD:\projects\ptah-extension\libs\backend\agent-sdk\src\lib\sdk-agent-adapter.ts[24m[0m
@ptah-extension/agent-sdk: [0m  [2m993:1[22m  [33mwarning[39m  File has too many lines (947). Maximum allowed is 700  [2mmax-lines[22m[0m
@ptah-extension/agent-sdk: [0m[0m
@ptah-extension/agent-sdk: [0m[4mD:\projects\ptah-extension\libs\backend\agent-sdk\src\lib\sdk-permission-handler.spec.ts[24m[0m
@ptah-extension/agent-sdk: [0m   [2m128:21[22m  [33mwarning[39m  Forbidden non-null assertion  [2m@typescript-eslint/no-non-null-assertion[22m[0m
@ptah-extension/agent-sdk: [0m   [2m163:21[22m  [33mwarning[39m  Forbidden non-null assertion  [2m@typescript-eslint/no-non-null-assertion[22m[0m
@ptah-extension/agent-sdk: [0m   [2m193:21[22m  [33mwarning[39m  Forbidden non-null assertion  [2m@typescript-eslint/no-non-null-assertion[22m[0m
@ptah-extension/agent-sdk: [0m   [2m235:12[22m  [33mwarning[39m  Forbidden non-null assertion  [2m@typescript-eslint/no-non-null-assertion[22m[0m
@ptah-extension/agent-sdk: [0m   [2m236:21[22m  [33mwarning[39m  Forbidden non-null assertion  [2m@typescript-eslint/no-non-null-assertion[22m[0m
@ptah-extension/agent-sdk: [0m   [2m271:12[22m  [33mwarning[39m  Forbidden non-null assertion  [2m@typescript-eslint/no-non-null-assertion[22m[0m
@ptah-extension/agent-sdk: [0m   [2m272:21[22m  [33mwarning[39m  Forbidden non-null assertion  [2m@typescript-eslint/no-non-null-assertion[22m[0m
@ptah-extension/agent-sdk: [0m   [2m315:21[22m  [33mwarning[39m  Forbidden non-null assertion  [2m@typescript-eslint/no-non-null-assertion[22m[0m
@ptah-extension/agent-sdk: [0m   [2m381:21[22m  [33mwarning[39m  Forbidden non-null assertion  [2m@typescript-eslint/no-non-null-assertion[22m[0m
@ptah-extension/agent-sdk: [0m   [2m416:21[22m  [33mwarning[39m  Forbidden non-null assertion  [2m@typescript-eslint/no-non-null-assertion[22m[0m
@ptah-extension/agent-sdk: [0m   [2m445:21[22m  [33mwarning[39m  Forbidden non-null assertion  [2m@typescript-eslint/no-non-null-assertion[22m[0m
@ptah-extension/agent-sdk: [0m   [2m893:8[22m   [33mwarning[39m  Forbidden non-null assertion  [2m@typescript-eslint/no-non-null-assertion[22m[0m
@ptah-extension/agent-sdk: [0m   [2m987:9[22m   [33mwarning[39m  Forbidden non-null assertion  [2m@typescript-eslint/no-non-null-assertion[22m[0m
@ptah-extension/agent-sdk: [0m  [2m1227:7[22m   [33mwarning[39m  Forbidden non-null assertion  [2m@typescript-eslint/no-non-null-assertion[22m[0m
@ptah-extension/agent-sdk: [0m  [2m1258:9[22m   [33mwarning[39m  Forbidden non-null assertion  [2m@typescript-eslint/no-non-null-assertion[22m[0m
@ptah-extension/agent-sdk: [0m  [2m1306:9[22m   [33mwarning[39m  Forbidden non-null assertion  [2m@typescript-eslint/no-non-null-assertion[22m[0m
@ptah-extension/agent-sdk: [0m  [2m1420:13[22m  [33mwarning[39m  Forbidden non-null assertion  [2m@typescript-eslint/no-non-null-assertion[22m[0m
@ptah-extension/agent-sdk: [0m[0m
@ptah-extension/agent-sdk: [0m[4mD:\projects\ptah-extension\libs\backend\agent-sdk\src\lib\sdk-permission-handler.ts[24m[0m
@ptah-extension/agent-sdk: [0m  [2m895:1[22m  [33mwarning[39m  File has too many lines (896). Maximum allowed is 700  [2mmax-lines[22m[0m
@ptah-extension/agent-sdk: [0m[0m
@ptah-extension/agent-sdk: [0m[4mD:\projects\ptah-extension\libs\backend\agent-sdk\src\lib\session-history-reader.service.ts[24m[0m
@ptah-extension/agent-sdk: [0m  [2m951:1[22m  [33mwarning[39m  File has too many lines (883). Maximum allowed is 700  [2mmax-lines[22m[0m
@ptah-extension/agent-sdk: [0m[0m
@ptah-extension/agent-sdk: [0m[4mD:\projects\ptah-extension\libs\backend\agent-sdk\src\lib\session-metadata-store.ts[24m[0m
@ptah-extension/agent-sdk: [0m  [2m1036:1[22m  [33mwarning[39m  File has too many lines (885). Maximum allowed is 700  [2mmax-lines[22m[0m
@ptah-extension/agent-sdk: [0m[0m
@ptah-extension/agent-sdk: [0m[4mD:\projects\ptah-extension\libs\backend\agent-sdk\src\lib\session-stats\session-stats-reader.perf.spec.ts[24m[0m
@ptah-extension/agent-sdk: [0m  [2m223:9[22m  [33mwarning[39m  Unused eslint-disable directive (no problems were reported from 'no-console')[0m
@ptah-extension/agent-sdk: [0m[0m
@ptah-extension/agent-sdk: [0m[33m[1m✖ 42 problems (0 errors, 42 warnings)[22m[39m[0m
@ptah-extension/agent-sdk: [0m[33m[1m[22m[39m[33m[1m  0 errors and 1 warning potentially fixable with the `--fix` option.[22m[39m[0m
@ptah-extension/agent-sdk: [0m[33m[1m[22m[39m[0m
@ptah-extension/agent-sdk: ✖ 42 problems (0 errors, 42 warnings)
@ptah-extension/agent-sdk:   0 errors and 1 warning are potentially fixable with the `--fix` option.

> nx run @ptah-extension/persistence-sqlite:test

@ptah-extension/persistence-sqlite: (node:21708) Warning: The 'NO_COLOR' env is ignored due to the 'FORCE_COLOR' env 
being set.
@ptah-extension/persistence-sqlite: (Use `node --trace-warnings ...` to show where the warning was created)
@ptah-extension/persistence-sqlite: (node:14140) Warning: The 'NO_COLOR' env is ignored due to the 'FORCE_COLOR' env 
being set.
@ptah-extension/persistence-sqlite: (Use `node --trace-warnings ...` to show where the warning was created)
@ptah-extension/persistence-sqlite: (node:23924) Warning: The 'NO_COLOR' env is ignored due to the 'FORCE_COLOR' env 
being set.
@ptah-extension/persistence-sqlite: (Use `node --trace-warnings ...` to show where the warning was created)
@ptah-extension/persistence-sqlite: (node:38428) Warning: The 'NO_COLOR' env is ignored due to the 'FORCE_COLOR' env 
being set.
@ptah-extension/persistence-sqlite: (Use `node --trace-warnings ...` to show where the warning was created)
@ptah-extension/persistence-sqlite: (node:38548) Warning: The 'NO_COLOR' env is ignored due to the 'FORCE_COLOR' env 
being set.
@ptah-extension/persistence-sqlite: (Use `node --trace-warnings ...` to show where the warning was created)
@ptah-extension/persistence-sqlite: (node:13124) Warning: The 'NO_COLOR' env is ignored due to the 'FORCE_COLOR' env 
being set.
@ptah-extension/persistence-sqlite: (Use `node --trace-warnings ...` to show where the warning was created)
@ptah-extension/persistence-sqlite: (node:26832) Warning: The 'NO_COLOR' env is ignored due to the 'FORCE_COLOR' env 
being set.
@ptah-extension/persistence-sqlite: (Use `node --trace-warnings ...` to show where the warning was created)
@ptah-extension/persistence-sqlite: (node:39020) Warning: The 'NO_COLOR' env is ignored due to the 'FORCE_COLOR' env 
being set.
@ptah-extension/persistence-sqlite: (Use `node --trace-warnings ...` to show where the warning was created)
@ptah-extension/persistence-sqlite: (node:34592) Warning: The 'NO_COLOR' env is ignored due to the 'FORCE_COLOR' env 
being set.
@ptah-extension/persistence-sqlite: (Use `node --trace-warnings ...` to show where the warning was created)
@ptah-extension/ui: ✔ All files pass linting

> nx run @ptah-extension/chat-state:test

@ptah-extension/chat-state: (node:38780) Warning: The 'NO_COLOR' env is ignored due to the 'FORCE_COLOR' env being set.
@ptah-extension/chat-state: (Use `node --trace-warnings ...` to show where the warning was created)
@ptah-extension/chat-state: (node:25344) Warning: The 'NO_COLOR' env is ignored due to the 'FORCE_COLOR' env being set.
@ptah-extension/chat-state: (Use `node --trace-warnings ...` to show where the warning was created)
@ptah-extension/chat-state: (node:10876) Warning: The 'NO_COLOR' env is ignored due to the 'FORCE_COLOR' env being set.
@ptah-extension/chat-state: (Use `node --trace-warnings ...` to show where the warning was created)
@ptah-extension/chat-state: (node:34380) Warning: The 'NO_COLOR' env is ignored due to the 'FORCE_COLOR' env being set.
@ptah-extension/chat-state: (Use `node --trace-warnings ...` to show where the warning was created)
@ptah-extension/chat-state: (node:38388) Warning: The 'NO_COLOR' env is ignored due to the 'FORCE_COLOR' env being set.
@ptah-extension/chat-state: (Use `node --trace-warnings ...` to show where the warning was created)
@ptah-extension/chat-state: (node:32800) Warning: The 'NO_COLOR' env is ignored due to the 'FORCE_COLOR' env being set.
@ptah-extension/chat-state: (Use `node --trace-warnings ...` to show where the warning was created)
@ptah-extension/chat-state: (node:11268) Warning: The 'NO_COLOR' env is ignored due to the 'FORCE_COLOR' env being set.
@ptah-extension/chat-state: (Use `node --trace-warnings ...` to show where the warning was created)
@ptah-extension/chat-state: (node:10220) Warning: The 'NO_COLOR' env is ignored due to the 'FORCE_COLOR' env being set.
@ptah-extension/chat-state: (Use `node --trace-warnings ...` to show where the warning was created)
@ptah-extension/chat-state: (node:16016) Warning: The 'NO_COLOR' env is ignored due to the 'FORCE_COLOR' env being set.
@ptah-extension/chat-state: (Use `node --trace-warnings ...` to show where the warning was created)
@ptah-extension/persistence-sqlite: (node:38548) [DEP0176] DeprecationWarning: fs.F_OK is deprecated, use 
fs.constants.F_OK instead
@ptah-extension/chat-state: [1mTest Suites: [22m[1m[32m19 passed[39m[22m, 19 total
@ptah-extension/chat-state: [1mTests:       [22m[1m[32m404 passed[39m[22m, 404 total
@ptah-extension/chat-state: [1mSnapshots:   [22m0 total
@ptah-extension/chat-state: [1mTime:[22m        25.449 s
@ptah-extension/chat-state: [2mRan all test suites[22m[2m.[22m

> nx run @ptah-extension/persistence-sqlite:lint

@ptah-extension/persistence-sqlite: (node:34184) Warning: The 'NO_COLOR' env is ignored due to the 'FORCE_COLOR' env 
being set.
@ptah-extension/persistence-sqlite: (Use `node --trace-warnings ...` to show where the warning was created)
@ptah-extension/persistence-sqlite: Linting "@ptah-extension/persistence-sqlite"...
@ptah-extension/persistence-sqlite: ✔ All files pass linting

> nx run @ptah-extension/persistence-sqlite:typecheck


> nx run @ptah-extension/chat-state:typecheck

@ptah-extension/chat-state: (node:6584) Warning: The 'NO_COLOR' env is ignored due to the 'FORCE_COLOR' env being set.
@ptah-extension/chat-state: (Use `node --trace-warnings ...` to show where the warning was created)
@ptah-extension/chat-state: (node:38900) Warning: The 'NO_COLOR' env is ignored due to the 'FORCE_COLOR' env being set.
@ptah-extension/chat-state: (Use `node --trace-warnings ...` to show where the warning was created)

> nx run @ptah-extension/chat-state:lint

@ptah-extension/chat-state: (node:36628) Warning: The 'NO_COLOR' env is ignored due to the 'FORCE_COLOR' env being set.
@ptah-extension/chat-state: (Use `node --trace-warnings ...` to show where the warning was created)
@ptah-extension/chat-state: Linting "@ptah-extension/chat-state"...
@ptah-extension/chat-state: [0m[0m
@ptah-extension/chat-state: [0m[4mD:\projects\ptah-extension\libs\frontend\chat-state\src\lib\tab-manager.cross-workspace.spec.ts[24m[0m
@ptah-extension/chat-state: [0m  [2m115:29[22m  [33mwarning[39m  Forbidden non-null assertion  [2m@typescript-eslint/no-non-null-assertion[22m[0m
@ptah-extension/chat-state: [0m[0m
@ptah-extension/chat-state: [0m[4mD:\projects\ptah-extension\libs\frontend\chat-state\src\lib\tab-manager.service.ts[24m[0m
@ptah-extension/chat-state: [0m  [2m1463:1[22m  [33mwarning[39m  File has too many lines (1384). Maximum allowed is 700  [2mmax-lines[22m[0m
@ptah-extension/chat-state: [0m[0m
@ptah-extension/chat-state: [0m[33m[1m✖ 2 problems (0 errors, 2 warnings)[22m[39m[0m
@ptah-extension/chat-state: [0m[33m[1m[22m[39m[0m
@ptah-extension/chat-state: ✖ 2 problems (0 errors, 2 warnings)

> nx run api-core:test

api-core: (node:37448) Warning: The 'NO_COLOR' env is ignored due to the 'FORCE_COLOR' env being set.
api-core: (Use `node --trace-warnings ...` to show where the warning was created)
api-core: (node:37156) Warning: The 'NO_COLOR' env is ignored due to the 'FORCE_COLOR' env being set.
api-core: (Use `node --trace-warnings ...` to show where the warning was created)
api-core: (node:34360) Warning: The 'NO_COLOR' env is ignored due to the 'FORCE_COLOR' env being set.
api-core: (Use `node --trace-warnings ...` to show where the warning was created)
api-core: (node:35640) Warning: The 'NO_COLOR' env is ignored due to the 'FORCE_COLOR' env being set.
api-core: (Use `node --trace-warnings ...` to show where the warning was created)
api-core: [1mTest Suites: [22m[1m[32m3 passed[39m[22m, 3 total
api-core: [1mTests:       [22m[1m[32m26 passed[39m[22m, 26 total
api-core: [1mSnapshots:   [22m0 total
api-core: [1mTime:[22m        8.419 s
api-core: [2mRan all test suites[22m[2m.[22m

> nx run @ptah-extension/workspace-intelligence:test

@ptah-extension/workspace-intelligence: (node:32012) Warning: The 'NO_COLOR' env is ignored due to the 'FORCE_COLOR' 
env being set.
@ptah-extension/workspace-intelligence: (Use `node --trace-warnings ...` to show where the warning was created)
@ptah-extension/workspace-intelligence: (node:32012) Warning: Failed to load the ES module: 
D:\projects\ptah-extension\libs\backend\workspace-intelligence\jest.config.ts. Make sure to set "type": "module" in 
the nearest package.json file or use the .mjs extension.
@ptah-extension/workspace-intelligence: (node:38232) Warning: The 'NO_COLOR' env is ignored due to the 'FORCE_COLOR' 
env being set.
@ptah-extension/workspace-intelligence: (Use `node --trace-warnings ...` to show where the warning was created)
@ptah-extension/workspace-intelligence: (node:22764) Warning: The 'NO_COLOR' env is ignored due to the 'FORCE_COLOR' 
env being set.
@ptah-extension/workspace-intelligence: (Use `node --trace-warnings ...` to show where the warning was created)
@ptah-extension/workspace-intelligence: (node:39224) Warning: The 'NO_COLOR' env is ignored due to the 'FORCE_COLOR' 
env being set.
@ptah-extension/workspace-intelligence: (Use `node --trace-warnings ...` to show where the warning was created)
@ptah-extension/workspace-intelligence: (node:7056) Warning: The 'NO_COLOR' env is ignored due to the 'FORCE_COLOR' 
env being set.
@ptah-extension/workspace-intelligence: (Use `node --trace-warnings ...` to show where the warning was created)
@ptah-extension/workspace-intelligence: (node:27844) Warning: The 'NO_COLOR' env is ignored due to the 'FORCE_COLOR' 
env being set.
@ptah-extension/workspace-intelligence: (Use `node --trace-warnings ...` to show where the warning was created)
@ptah-extension/workspace-intelligence: (node:15768) Warning: The 'NO_COLOR' env is ignored due to the 'FORCE_COLOR' 
env being set.
@ptah-extension/workspace-intelligence: (Use `node --trace-warnings ...` to show where the warning was created)
@ptah-extension/workspace-intelligence: (node:38920) Warning: The 'NO_COLOR' env is ignored due to the 'FORCE_COLOR' 
env being set.
@ptah-extension/workspace-intelligence: (Use `node --trace-warnings ...` to show where the warning was created)
@ptah-extension/workspace-intelligence: (node:29000) Warning: The 'NO_COLOR' env is ignored due to the 'FORCE_COLOR' 
env being set.
@ptah-extension/workspace-intelligence: (Use `node --trace-warnings ...` to show where the warning was created)
@ptah-extension/persistence-sqlite: [33mA worker process has failed to exit gracefully and has been force exited. 
This is likely caused by tests leaking due to improper teardown. Try running with --detectOpenHandles to find leaks. 
Active timers can also cause this, ensure that .unref() was called on them.[39m
@ptah-extension/persistence-sqlite: [1mTest Suites: [22m[1m[32m42 passed[39m[22m, 42 total
@ptah-extension/persistence-sqlite: [1mTests:       [22m[1m[33m3 skipped[39m[22m, [1m[32m517 passed[39m[22m, 
520 total
@ptah-extension/persistence-sqlite: [1mSnapshots:   [22m0 total
@ptah-extension/persistence-sqlite: [1mTime:[22m        84.421 s
@ptah-extension/persistence-sqlite: [2mRan all test suites[22m[2m.[22m

> nx run @ptah-extension/workspace-intelligence:typecheck


> nx run @ptah-extension/workspace-intelligence:lint

@ptah-extension/workspace-intelligence: (node:39332) Warning: The 'NO_COLOR' env is ignored due to the 'FORCE_COLOR' 
env being set.
@ptah-extension/workspace-intelligence: (Use `node --trace-warnings ...` to show where the warning was created)
@ptah-extension/workspace-intelligence: Linting "@ptah-extension/workspace-intelligence"...
@ptah-extension/workspace-intelligence: [0m[0m
@ptah-extension/workspace-intelligence: [0m[4mD:\projects\ptah-extension\libs\backend\workspace-intelligence\src\ast\dependency-graph.service.ts[24m[0m
@ptah-extension/workspace-intelligence: [0m    [2m4:10[22m  [33mwarning[39m  'Result' is defined but never used. Allowed unused vars must match /^_/u  [2m@typescript-eslint/no-unused-vars[22m[0m
@ptah-extension/workspace-intelligence: [0m  [2m141:40[22m  [33mwarning[39m  Forbidden non-null assertion                                              [2m@typescript-eslint/no-non-null-assertion[22m[0m
@ptah-extension/workspace-intelligence: [0m  [2m186:11[22m  [33mwarning[39m  Forbidden non-null assertion                                              [2m@typescript-eslint/no-non-null-assertion[22m[0m
@ptah-extension/workspace-intelligence: [0m[0m
@ptah-extension/workspace-intelligence: [0m[4mD:\projects\ptah-extension\libs\backend\workspace-intelligence\src\ast\tree-sitter-parser.service.ts[24m[0m
@ptah-extension/workspace-intelligence: [0m  [2m829:14[22m  [33mwarning[39m  'error' is defined but never used  [2m@typescript-eslint/no-unused-vars[22m[0m
@ptah-extension/workspace-intelligence: [0m[0m
@ptah-extension/workspace-intelligence: [0m[4mD:\projects\ptah-extension\libs\backend\workspace-intelligence\src\context-analysis\context-enrichment.service.ts[24m[0m
@ptah-extension/workspace-intelligence: [0m   [2m25:10[22m  [33mwarning[39m  'EXTENSION_LANGUAGE_MAP' is defined but never used. Allowed unused vars must match /^_/u  [2m@typescript-eslint/no-unused-vars[22m[0m
@ptah-extension/workspace-intelligence: [0m  [2m136:22[22m  [33mwarning[39m  Forbidden non-null assertion                                                              [2m@typescript-eslint/no-non-null-assertion[22m[0m
@ptah-extension/workspace-intelligence: [0m[0m
@ptah-extension/workspace-intelligence: [0m[4mD:\projects\ptah-extension\libs\backend\workspace-intelligence\src\project-analysis\framework-detector.service.ts[24m[0m
@ptah-extension/workspace-intelligence: [0m   [2m78:14[22m  [33mwarning[39m  '_error' is defined but never used  [2m@typescript-eslint/no-unused-vars[22m[0m
@ptah-extension/workspace-intelligence: [0m  [2m163:14[22m  [33mwarning[39m  '_error' is defined but never used  [2m@typescript-eslint/no-unused-vars[22m[0m
@ptah-extension/workspace-intelligence: [0m[0m
@ptah-extension/workspace-intelligence: [0m[4mD:\projects\ptah-extension\libs\backend\workspace-intelligence\src\project-analysis\project-detector.service.ts[24m[0m
@ptah-extension/workspace-intelligence: [0m  [2m208:19[22m  [33mwarning[39m  Unexpected empty method 'dispose'  [2m@typescript-eslint/no-empty-function[22m[0m
@ptah-extension/workspace-intelligence: [0m[0m
@ptah-extension/workspace-intelligence: [0m[4mD:\projects\ptah-extension\libs\backend\workspace-intelligence\src\services\file-system.service.ts[24m[0m
@ptah-extension/workspace-intelligence: [0m  [2m12:27[22m  [33mwarning[39m  'FileType' is defined but never used. Allowed unused vars must match /^_/u  [2m@typescript-eslint/no-unused-vars[22m[0m
@ptah-extension/workspace-intelligence: [0m[0m
@ptah-extension/workspace-intelligence: [0m[33m[1m✖ 10 problems (0 errors, 10 warnings)[22m[39m[0m
@ptah-extension/workspace-intelligence: [0m[33m[1m[22m[39m[0m
@ptah-extension/workspace-intelligence: ✖ 10 problems (0 errors, 10 warnings)

> nx run api-core:typecheck

api-core: (node:5628) Warning: The 'NO_COLOR' env is ignored due to the 'FORCE_COLOR' env being set.
api-core: (Use `node --trace-warnings ...` to show where the warning was created)

> nx run api-email:test

api-email: (node:29796) Warning: The 'NO_COLOR' env is ignored due to the 'FORCE_COLOR' env being set.
api-email: (Use `node --trace-warnings ...` to show where the warning was created)
api-email: (node:16928) Warning: The 'NO_COLOR' env is ignored due to the 'FORCE_COLOR' env being set.
api-email: (Use `node --trace-warnings ...` to show where the warning was created)
api-email: (node:29848) Warning: The 'NO_COLOR' env is ignored due to the 'FORCE_COLOR' env being set.
api-email: (Use `node --trace-warnings ...` to show where the warning was created)
api-email: [Nest] 29848  - 09/21/2026, 12:30:11 AM     LOG [EmailService] Email service initialized with Resend
api-email: [Nest] 29848  - 09/21/2026, 12:30:11 AM     LOG [EmailService] Sending custom email to user@example.com: Test Subject
api-email: [Nest] 29848  - 09/21/2026, 12:30:11 AM     LOG [EmailService] Custom email sent successfully to user@example.com
api-email: [Nest] 16928  - 09/21/2026, 12:30:11 AM     LOG [EmailService] Email service initialized with Resend
api-email: [Nest] 29848  - 09/21/2026, 12:30:11 AM     LOG [EmailService] Email service initialized with Resend
api-email: [Nest] 29848  - 09/21/2026, 12:30:11 AM     LOG [EmailService] Sending custom email to user@example.com: Test
api-email: [Nest] 16928  - 09/21/2026, 12:30:11 AM     LOG [EmailService] Sending founding cohort welcome to founder@example.test
api-email: [Nest] 16928  - 09/21/2026, 12:30:11 AM     LOG [EmailService] Founding cohort welcome sent to founder@example.test
api-email: [Nest] 29848  - 09/21/2026, 12:30:11 AM    WARN [EmailService] Email send attempt 1 failed, retrying in 1000ms: Resend error
api-email: [Nest] 29848  - 09/21/2026, 12:30:11 AM    WARN [EmailService] Email send attempt 2 failed, retrying in 2000ms: Resend error
api-email: [Nest] 29848  - 09/21/2026, 12:30:11 AM   ERROR [EmailService] Email send failed after 3 attempts: Resend 
error
api-email: [Nest] 16928  - 09/21/2026, 12:30:11 AM     LOG [EmailService] Email service initialized with Resend
api-email: [Nest] 16928  - 09/21/2026, 12:30:11 AM     LOG [EmailService] Sending founding cohort welcome to founder@example.test
api-email: [Nest] 16928  - 09/21/2026, 12:30:11 AM     LOG [EmailService] Founding cohort welcome sent to founder@example.test
api-email: [Nest] 16928  - 09/21/2026, 12:30:11 AM     LOG [EmailService] Email service initialized with Resend
api-email: [Nest] 16928  - 09/21/2026, 12:30:11 AM     LOG [EmailService] Sending founding cohort welcome to founder@example.test
api-email: [Nest] 16928  - 09/21/2026, 12:30:11 AM     LOG [EmailService] Founding cohort welcome sent to founder@example.test
api-email: [Nest] 16928  - 09/21/2026, 12:30:11 AM     LOG [EmailService] Email service initialized with Resend
api-email: [Nest] 16928  - 09/21/2026, 12:30:11 AM     LOG [EmailService] Sending founding cohort welcome to founder@example.test
api-email: [Nest] 16928  - 09/21/2026, 12:30:11 AM     LOG [EmailService] Founding cohort welcome sent to founder@example.test
api-email: [Nest] 16928  - 09/21/2026, 12:30:11 AM     LOG [EmailService] Email service initialized with Resend
api-email: [Nest] 16928  - 09/21/2026, 12:30:11 AM     LOG [EmailService] Sending founding cohort welcome to founder@example.test
api-email: [Nest] 16928  - 09/21/2026, 12:30:11 AM     LOG [EmailService] Founding cohort welcome sent to founder@example.test
api-email: [Nest] 16928  - 09/21/2026, 12:30:11 AM     LOG [EmailService] Email service initialized with Resend
api-email: [Nest] 16928  - 09/21/2026, 12:30:11 AM     LOG [EmailService] Sending founding cohort welcome to founder@example.test
api-email: [Nest] 16928  - 09/21/2026, 12:30:11 AM     LOG [EmailService] Founding cohort welcome sent to founder@example.test
api-email: [Nest] 16928  - 09/21/2026, 12:30:11 AM     LOG [EmailService] Email service initialized with Resend
api-email: [Nest] 16928  - 09/21/2026, 12:30:11 AM     LOG [EmailService] Sending founding cohort welcome to founder@example.test
api-email: [Nest] 16928  - 09/21/2026, 12:30:11 AM     LOG [EmailService] Founding cohort welcome sent to founder@example.test
api-email: [Nest] 16928  - 09/21/2026, 12:30:11 AM     LOG [EmailService] Email service initialized with Resend
api-email: [Nest] 16928  - 09/21/2026, 12:30:11 AM     LOG [EmailService] Sending founding cohort welcome to founder@example.test
api-email: [Nest] 16928  - 09/21/2026, 12:30:11 AM     LOG [EmailService] Founding cohort welcome sent to founder@example.test
api-email: [Nest] 16928  - 09/21/2026, 12:30:11 AM     LOG [EmailService] Email service initialized with Resend
api-email: [Nest] 16928  - 09/21/2026, 12:30:11 AM     LOG [EmailService] Sending founding cohort welcome to founder@example.test
api-email: [Nest] 16928  - 09/21/2026, 12:30:11 AM     LOG [EmailService] Founding cohort welcome sent to founder@example.test
api-email: [Nest] 16928  - 09/21/2026, 12:30:11 AM     LOG [EmailService] Email service initialized with Resend
api-email: [Nest] 16928  - 09/21/2026, 12:30:11 AM     LOG [EmailService] Sending founding cohort welcome to founder@example.test
api-email: [Nest] 16928  - 09/21/2026, 12:30:11 AM     LOG [EmailService] Founding cohort welcome sent to founder@example.test
api-email: [Nest] 16928  - 09/21/2026, 12:30:11 AM     LOG [EmailService] Email service initialized with Resend
api-email: [Nest] 16928  - 09/21/2026, 12:30:11 AM     LOG [EmailService] Sending founding cohort welcome to founder@example.test
api-email: [Nest] 16928  - 09/21/2026, 12:30:11 AM     LOG [EmailService] Founding cohort welcome sent to founder@example.test
api-email: [Nest] 16928  - 09/21/2026, 12:30:11 AM     LOG [EmailService] Email service initialized with Resend
api-email: [Nest] 16928  - 09/21/2026, 12:30:11 AM     LOG [EmailService] Sending founding cohort welcome to founder@example.test
api-email: [Nest] 16928  - 09/21/2026, 12:30:11 AM     LOG [EmailService] Founding cohort welcome sent to founder@example.test
api-email: [Nest] 16928  - 09/21/2026, 12:30:11 AM     LOG [EmailService] Email service initialized with Resend
api-email: [Nest] 16928  - 09/21/2026, 12:30:11 AM     LOG [EmailService] Sending founding cohort welcome to founder@example.test
api-email: [Nest] 16928  - 09/21/2026, 12:30:11 AM     LOG [EmailService] Founding cohort welcome sent to founder@example.test
api-email: [Nest] 16928  - 09/21/2026, 12:30:11 AM     LOG [EmailService] Email service initialized with Resend
api-email: [Nest] 16928  - 09/21/2026, 12:30:11 AM     LOG [EmailService] Sending founding cohort welcome to founder@example.test
api-email: [Nest] 16928  - 09/21/2026, 12:30:11 AM     LOG [EmailService] Founding cohort welcome sent to founder@example.test
api-email: [Nest] 16928  - 09/21/2026, 12:30:11 AM     LOG [EmailService] Email service initialized with Resend
api-email: [Nest] 16928  - 09/21/2026, 12:30:11 AM     LOG [EmailService] Sending founding cohort welcome to founder@example.test
api-email: [Nest] 16928  - 09/21/2026, 12:30:11 AM     LOG [EmailService] Founding cohort welcome sent to founder@example.test
api-email: [Nest] 16928  - 09/21/2026, 12:30:11 AM     LOG [EmailService] Email service initialized with Resend
api-email: [Nest] 16928  - 09/21/2026, 12:30:11 AM     LOG [EmailService] Sending founding cohort welcome to founder@example.test
api-email: [Nest] 16928  - 09/21/2026, 12:30:11 AM     LOG [EmailService] Founding cohort welcome sent to founder@example.test
api-email: [Nest] 16928  - 09/21/2026, 12:30:11 AM     LOG [EmailService] Email service initialized with Resend
api-email: [Nest] 16928  - 09/21/2026, 12:30:11 AM     LOG [EmailService] Sending founding cohort welcome to founder@example.test
api-email: [Nest] 16928  - 09/21/2026, 12:30:11 AM     LOG [EmailService] Founding cohort welcome sent to founder@example.test
api-email: [1mTest Suites: [22m[1m[32m2 passed[39m[22m, 2 total
api-email: [1mTests:       [22m[1m[32m23 passed[39m[22m, 23 total
api-email: [1mSnapshots:   [22m0 total
api-email: [1mTime:[22m        4.56 s
api-email: [2mRan all test suites[22m[2m.[22m

> nx run @ptah-extension/agent-generation:test

@ptah-extension/agent-generation: (node:23096) Warning: The 'NO_COLOR' env is ignored due to the 'FORCE_COLOR' env 
being set.
@ptah-extension/agent-generation: (Use `node --trace-warnings ...` to show where the warning was created)
@ptah-extension/agent-generation: (node:23096) Warning: Failed to load the ES module: 
D:\projects\ptah-extension\libs\backend\agent-generation\jest.config.ts. Make sure to set "type": "module" in the 
nearest package.json file or use the .mjs extension.
@ptah-extension/agent-generation: (node:22284) Warning: The 'NO_COLOR' env is ignored due to the 'FORCE_COLOR' env 
being set.
@ptah-extension/agent-generation: (Use `node --trace-warnings ...` to show where the warning was created)
@ptah-extension/agent-generation: (node:19904) Warning: The 'NO_COLOR' env is ignored due to the 'FORCE_COLOR' env 
being set.
@ptah-extension/agent-generation: (Use `node --trace-warnings ...` to show where the warning was created)
@ptah-extension/agent-generation: (node:8084) Warning: The 'NO_COLOR' env is ignored due to the 'FORCE_COLOR' env 
being set.
@ptah-extension/agent-generation: (Use `node --trace-warnings ...` to show where the warning was created)
@ptah-extension/agent-generation: (node:1908) Warning: The 'NO_COLOR' env is ignored due to the 'FORCE_COLOR' env 
being set.
@ptah-extension/agent-generation: (Use `node --trace-warnings ...` to show where the warning was created)
@ptah-extension/agent-generation: (node:30736) Warning: The 'NO_COLOR' env is ignored due to the 'FORCE_COLOR' env 
being set.
@ptah-extension/agent-generation: (Use `node --trace-warnings ...` to show where the warning was created)
@ptah-extension/agent-generation: (node:37072) Warning: The 'NO_COLOR' env is ignored due to the 'FORCE_COLOR' env 
being set.
@ptah-extension/agent-generation: (Use `node --trace-warnings ...` to show where the warning was created)
@ptah-extension/agent-generation: (node:14120) Warning: The 'NO_COLOR' env is ignored due to the 'FORCE_COLOR' env 
being set.
@ptah-extension/agent-generation: (Use `node --trace-warnings ...` to show where the warning was created)
@ptah-extension/agent-generation: (node:34440) Warning: The 'NO_COLOR' env is ignored due to the 'FORCE_COLOR' env 
being set.
@ptah-extension/agent-generation: (Use `node --trace-warnings ...` to show where the warning was created)
@ptah-extension/agent-generation: [1mTest Suites: [22m[1m[32m32 passed[39m[22m, 32 total
@ptah-extension/agent-generation: [1mTests:       [22m[1m[32m1027 passed[39m[22m, 1027 total
@ptah-extension/agent-generation: [1mSnapshots:   [22m0 total
@ptah-extension/agent-generation: [1mTime:[22m        30.032 s
@ptah-extension/agent-generation: [2mRan all test suites[22m[2m.[22m

> nx run @ptah-extension/agent-generation:typecheck


> nx run api-email:typecheck

api-email: (node:13756) Warning: The 'NO_COLOR' env is ignored due to the 'FORCE_COLOR' env being set.
api-email: (Use `node --trace-warnings ...` to show where the warning was created)

> nx run @ptah-extension/agent-generation:lint

@ptah-extension/agent-generation: (node:17452) Warning: The 'NO_COLOR' env is ignored due to the 'FORCE_COLOR' env 
being set.
@ptah-extension/agent-generation: (Use `node --trace-warnings ...` to show where the warning was created)
@ptah-extension/agent-generation: Linting "@ptah-extension/agent-generation"...
@ptah-extension/agent-generation: [0m[0m
@ptah-extension/agent-generation: [0m[4mD:\projects\ptah-extension\libs\backend\agent-generation\src\lib\patterns\error-accumulation.ts[24m[0m
@ptah-extension/agent-generation: [0m  [2m112:34[22m  [33mwarning[39m  Forbidden non-null assertion  [2m@typescript-eslint/no-non-null-assertion[22m[0m
@ptah-extension/agent-generation: [0m  [2m115:21[22m  [33mwarning[39m  Forbidden non-null assertion  [2m@typescript-eslint/no-non-null-assertion[22m[0m
@ptah-extension/agent-generation: [0m[0m
@ptah-extension/agent-generation: [0m[4mD:\projects\ptah-extension\libs\backend\agent-generation\src\lib\patterns\generation-pipeline.ts[24m[0m
@ptah-extension/agent-generation: [0m  [2m148:35[22m  [33mwarning[39m  Unexpected any. Specify a different type  [2m@typescript-eslint/no-explicit-any[22m[0m
@ptah-extension/agent-generation: [0m  [2m148:40[22m  [33mwarning[39m  Unexpected any. Specify a different type  [2m@typescript-eslint/no-explicit-any[22m[0m
@ptah-extension/agent-generation: [0m  [2m177:18[22m  [33mwarning[39m  Forbidden non-null assertion              [2m@typescript-eslint/no-non-null-assertion[22m[0m
@ptah-extension/agent-generation: [0m[0m
@ptah-extension/agent-generation: [0m[4mD:\projects\ptah-extension\libs\backend\agent-generation\src\lib\patterns\patterns.spec.ts[24m[0m
@ptah-extension/agent-generation: [0m    [2m4:3[22m   [33mwarning[39m  'GenerationErrorDetails' is defined but never used. Allowed unused vars must match /^_/u  [2m@typescript-eslint/no-unused-vars[22m[0m
@ptah-extension/agent-generation: [0m    [2m5:3[22m   [33mwarning[39m  'PartialSuccessResult' is defined but never used. Allowed unused vars must match /^_/u    [2m@typescript-eslint/no-unused-vars[22m[0m
@ptah-extension/agent-generation: [0m    [2m7:30[22m  [33mwarning[39m  'PipelineResult' is defined but never used. Allowed unused vars must match /^_/u          [2m@typescript-eslint/no-unused-vars[22m[0m
@ptah-extension/agent-generation: [0m  [2m238:35[22m  [33mwarning[39m  Forbidden non-null assertion                                                              [2m@typescript-eslint/no-non-null-assertion[22m[0m
@ptah-extension/agent-generation: [0m  [2m514:25[22m  [33mwarning[39m  Forbidden non-null assertion                                                              [2m@typescript-eslint/no-non-null-assertion[22m[0m
@ptah-extension/agent-generation: [0m[0m
@ptah-extension/agent-generation: [0m[4mD:\projects\ptah-extension\libs\backend\agent-generation\src\lib\services\agent-customization.service.spec.ts[24m[0m
@ptah-extension/agent-generation: [0m    [2m47:3[22m   [33mwarning[39m  'ValidationResult' is defined but never used. Allowed unused vars must match /^_/u                    [2m@typescript-eslint/no-unused-vars[22m[0m
@ptah-extension/agent-generation: [0m    [2m83:10[22m  [33mwarning[39m  'makeFailingStream' is defined but never used. Allowed unused vars must match /^_/u                   [2m@typescript-eslint/no-unused-vars[22m[0m
@ptah-extension/agent-generation: [0m    [2m87:7[22m   [33mwarning[39m  Unused eslint-disable directive (no problems were reported from '@typescript-eslint/no-unused-vars')[0m
@ptah-extension/agent-generation: [0m   [2m171:10[22m  [33mwarning[39m  Unexpected any. Specify a different type                                                              [2m@typescript-eslint/no-explicit-any[22m[0m
@ptah-extension/agent-generation: [0m   [2m215:10[22m  [33mwarning[39m  Unexpected any. Specify a different type                                                              [2m@typescript-eslint/no-explicit-any[22m[0m
@ptah-extension/agent-generation: [0m   [2m222:10[22m  [33mwarning[39m  Unexpected any. Specify a different type                                                              [2m@typescript-eslint/no-explicit-any[22m[0m
@ptah-extension/agent-generation: [0m   [2m349:31[22m  [33mwarning[39m  Unexpected any. Specify a different type                                                              [2m@typescript-eslint/no-explicit-any[22m[0m
@ptah-extension/agent-generation: [0m   [2m363:28[22m  [33mwarning[39m  Unexpected any. Specify a different type                                                              [2m@typescript-eslint/no-explicit-any[22m[0m
@ptah-extension/agent-generation: [0m   [2m386:31[22m  [33mwarning[39m  Unexpected any. Specify a different type                                                              [2m@typescript-eslint/no-explicit-any[22m[0m
@ptah-extension/agent-generation: [0m   [2m400:28[22m  [33mwarning[39m  Unexpected any. Specify a different type                                                              [2m@typescript-eslint/no-explicit-any[22m[0m
@ptah-extension/agent-generation: [0m   [2m401:28[22m  [33mwarning[39m  Unexpected any. Specify a different type                                                              [2m@typescript-eslint/no-explicit-any[22m[0m
@ptah-extension/agent-generation: [0m   [2m402:28[22m  [33mwarning[39m  Unexpected any. Specify a different type                                                              [2m@typescript-eslint/no-explicit-any[22m[0m
@ptah-extension/agent-generation: [0m   [2m423:29[22m  [33mwarning[39m  Unexpected any. Specify a different type                                                              [2m@typescript-eslint/no-explicit-any[22m[0m
@ptah-extension/agent-generation: [0m   [2m452:31[22m  [33mwarning[39m  Unexpected any. Specify a different type                                                              [2m@typescript-eslint/no-explicit-any[22m[0m
@ptah-extension/agent-generation: [0m   [2m485:31[22m  [33mwarning[39m  Unexpected any. Specify a different type                                                              [2m@typescript-eslint/no-explicit-any[22m[0m
@ptah-extension/agent-generation: [0m   [2m512:31[22m  [33mwarning[39m  Unexpected any. Specify a different type                                                              [2m@typescript-eslint/no-explicit-any[22m[0m
@ptah-extension/agent-generation: [0m   [2m521:16[22m  [33mwarning[39m  Forbidden non-null assertion                                                                          [2m@typescript-eslint/no-non-null-assertion[22m[0m
@ptah-extension/agent-generation: [0m   [2m544:16[22m  [33mwarning[39m  Forbidden non-null assertion                                                                          [2m@typescript-eslint/no-non-null-assertion[22m[0m
@ptah-extension/agent-generation: [0m   [2m559:31[22m  [33mwarning[39m  Unexpected any. Specify a different type                                                              [2m@typescript-eslint/no-explicit-any[22m[0m
@ptah-extension/agent-generation: [0m   [2m570:16[22m  [33mwarning[39m  Forbidden non-null assertion                                                                          [2m@typescript-eslint/no-non-null-assertion[22m[0m
@ptah-extension/agent-generation: [0m   [2m585:31[22m  [33mwarning[39m  Unexpected any. Specify a different type                                                              [2m@typescript-eslint/no-explicit-any[22m[0m
@ptah-extension/agent-generation: [0m   [2m596:16[22m  [33mwarning[39m  Forbidden non-null assertion                                                                          [2m@typescript-eslint/no-non-null-assertion[22m[0m
@ptah-extension/agent-generation: [0m   [2m600:28[22m  [33mwarning[39m  Unexpected any. Specify a different type                                                              [2m@typescript-eslint/no-explicit-any[22m[0m
@ptah-extension/agent-generation: [0m   [2m615:31[22m  [33mwarning[39m  Unexpected any. Specify a different type                                                              [2m@typescript-eslint/no-explicit-any[22m[0m
@ptah-extension/agent-generation: [0m   [2m664:31[22m  [33mwarning[39m  Unexpected any. Specify a different type                                                              [2m@typescript-eslint/no-explicit-any[22m[0m
@ptah-extension/agent-generation: [0m   [2m686:31[22m  [33mwarning[39m  Unexpected any. Specify a different type                                                              [2m@typescript-eslint/no-explicit-any[22m[0m
@ptah-extension/agent-generation: [0m   [2m852:31[22m  [33mwarning[39m  Unexpected any. Specify a different type                                                              [2m@typescript-eslint/no-explicit-any[22m[0m
@ptah-extension/agent-generation: [0m   [2m952:31[22m  [33mwarning[39m  Unexpected any. Specify a different type                                                              [2m@typescript-eslint/no-explicit-any[22m[0m
@ptah-extension/agent-generation: [0m  [2m1023:31[22m  [33mwarning[39m  Unexpected any. Specify a different type                                                              [2m@typescript-eslint/no-explicit-any[22m[0m
@ptah-extension/agent-generation: [0m  [2m1076:29[22m  [33mwarning[39m  Unexpected any. Specify a different type                                                              [2m@typescript-eslint/no-explicit-any[22m[0m
@ptah-extension/agent-generation: [0m[0m
@ptah-extension/agent-generation: [0m[4mD:\projects\ptah-extension\libs\backend\agent-generation\src\lib\services\agent-customization.service.ts[24m[0m
@ptah-extension/agent-generation: [0m  [2m165:9[22m   [33mwarning[39m  Forbidden non-null assertion  [2m@typescript-eslint/no-non-null-assertion[22m[0m
@ptah-extension/agent-generation: [0m  [2m169:50[22m  [33mwarning[39m  Forbidden non-null assertion  [2m@typescript-eslint/no-non-null-assertion[22m[0m
@ptah-extension/agent-generation: [0m  [2m225:13[22m  [33mwarning[39m  Forbidden non-null assertion  [2m@typescript-eslint/no-non-null-assertion[22m[0m
@ptah-extension/agent-generation: [0m  [2m230:17[22m  [33mwarning[39m  Forbidden non-null assertion  [2m@typescript-eslint/no-non-null-assertion[22m[0m
@ptah-extension/agent-generation: [0m  [2m235:28[22m  [33mwarning[39m  Forbidden non-null assertion  [2m@typescript-eslint/no-non-null-assertion[22m[0m
@ptah-extension/agent-generation: [0m[0m
@ptah-extension/agent-generation: [0m[4mD:\projects\ptah-extension\libs\backend\agent-generation\src\lib\services\agent-selection.service.spec.ts[24m[0m
@ptah-extension/agent-generation: [0m   [2m43:3[22m   [33mwarning[39m  'ApplicabilityRules' is defined but never used. Allowed unused vars must match /^_/u  [2m@typescript-eslint/no-unused-vars[22m[0m
@ptah-extension/agent-generation: [0m  [2m183:14[22m  [33mwarning[39m  Forbidden non-null assertion                                                          [2m@typescript-eslint/no-non-null-assertion[22m[0m
@ptah-extension/agent-generation: [0m  [2m222:14[22m  [33mwarning[39m  Forbidden non-null assertion                                                          [2m@typescript-eslint/no-non-null-assertion[22m[0m
@ptah-extension/agent-generation: [0m  [2m223:14[22m  [33mwarning[39m  Forbidden non-null assertion                                                          [2m@typescript-eslint/no-non-null-assertion[22m[0m
@ptah-extension/agent-generation: [0m  [2m224:14[22m  [33mwarning[39m  Forbidden non-null assertion                                                          [2m@typescript-eslint/no-non-null-assertion[22m[0m
@ptah-extension/agent-generation: [0m  [2m242:14[22m  [33mwarning[39m  Forbidden non-null assertion                                                          [2m@typescript-eslint/no-non-null-assertion[22m[0m
@ptah-extension/agent-generation: [0m  [2m269:14[22m  [33mwarning[39m  Forbidden non-null assertion                                                          [2m@typescript-eslint/no-non-null-assertion[22m[0m
@ptah-extension/agent-generation: [0m  [2m291:14[22m  [33mwarning[39m  Forbidden non-null assertion                                                          [2m@typescript-eslint/no-non-null-assertion[22m[0m
@ptah-extension/agent-generation: [0m  [2m314:24[22m  [33mwarning[39m  Forbidden non-null assertion                                                          [2m@typescript-eslint/no-non-null-assertion[22m[0m
@ptah-extension/agent-generation: [0m  [2m332:24[22m  [33mwarning[39m  Forbidden non-null assertion                                                          [2m@typescript-eslint/no-non-null-assertion[22m[0m
@ptah-extension/agent-generation: [0m  [2m350:24[22m  [33mwarning[39m  Forbidden non-null assertion                                                          [2m@typescript-eslint/no-non-null-assertion[22m[0m
@ptah-extension/agent-generation: [0m  [2m374:24[22m  [33mwarning[39m  Forbidden non-null assertion                                                          [2m@typescript-eslint/no-non-null-assertion[22m[0m
@ptah-extension/agent-generation: [0m[0m
@ptah-extension/agent-generation: [0m[4mD:\projects\ptah-extension\libs\backend\agent-generation\src\lib\services\agent-selection.service.ts[24m[0m
@ptah-extension/agent-generation: [0m  [2m72:55[22m  [33mwarning[39m  Forbidden non-null assertion  [2m@typescript-eslint/no-non-null-assertion[22m[0m
@ptah-extension/agent-generation: [0m  [2m73:27[22m  [33mwarning[39m  Forbidden non-null assertion  [2m@typescript-eslint/no-non-null-assertion[22m[0m
@ptah-extension/agent-generation: [0m  [2m76:25[22m  [33mwarning[39m  Forbidden non-null assertion  [2m@typescript-eslint/no-non-null-assertion[22m[0m
@ptah-extension/agent-generation: [0m[0m
@ptah-extension/agent-generation: [0m[4mD:\projects\ptah-extension\libs\backend\agent-generation\src\lib\services\content-generation.service.spec.ts[24m[0m
@ptah-extension/agent-generation: [0m    [2m38:10[22m  [33mwarning[39m  'Result' is defined but never used. Allowed unused vars must match /^_/u             [2m@typescript-eslint/no-unused-vars[22m[0m
@ptah-extension/agent-generation: [0m    [2m66:21[22m  [33mwarning[39m  'structuredOutput' is defined but never used. Allowed unused args must match /^_/u   [2m@typescript-eslint/no-unused-vars[22m[0m
@ptah-extension/agent-generation: [0m    [2m68:48[22m  [33mwarning[39m  Unexpected empty async generator method                                              [2m@typescript-eslint/no-empty-function[22m[0m
@ptah-extension/agent-generation: [0m   [2m165:14[22m  [33mwarning[39m  Forbidden non-null assertion                                                         [2m@typescript-eslint/no-non-null-assertion[22m[0m
@ptah-extension/agent-generation: [0m   [2m177:14[22m  [33mwarning[39m  Forbidden non-null assertion                                                         [2m@typescript-eslint/no-non-null-assertion[22m[0m
@ptah-extension/agent-generation: [0m   [2m189:14[22m  [33mwarning[39m  Forbidden non-null assertion                                                         [2m@typescript-eslint/no-non-null-assertion[22m[0m
@ptah-extension/agent-generation: [0m   [2m201:14[22m  [33mwarning[39m  Forbidden non-null assertion                                                         [2m@typescript-eslint/no-non-null-assertion[22m[0m
@ptah-extension/agent-generation: [0m   [2m213:14[22m  [33mwarning[39m  Forbidden non-null assertion                                                         [2m@typescript-eslint/no-non-null-assertion[22m[0m
@ptah-extension/agent-generation: [0m   [2m225:14[22m  [33mwarning[39m  Forbidden non-null assertion                                                         [2m@typescript-eslint/no-non-null-assertion[22m[0m
@ptah-extension/agent-generation: [0m   [2m237:14[22m  [33mwarning[39m  Forbidden non-null assertion                                                         [2m@typescript-eslint/no-non-null-assertion[22m[0m
@ptah-extension/agent-generation: [0m   [2m245:14[22m  [33mwarning[39m  Forbidden non-null assertion                                                         [2m@typescript-eslint/no-non-null-assertion[22m[0m
@ptah-extension/agent-generation: [0m   [2m257:14[22m  [33mwarning[39m  Forbidden non-null assertion                                                         [2m@typescript-eslint/no-non-null-assertion[22m[0m
@ptah-extension/agent-generation: [0m   [2m274:16[22m  [33mwarning[39m  Forbidden non-null assertion                                                         [2m@typescript-eslint/no-non-null-assertion[22m[0m
@ptah-extension/agent-generation: [0m   [2m286:16[22m  [33mwarning[39m  Forbidden non-null assertion                                                         [2m@typescript-eslint/no-non-null-assertion[22m[0m
@ptah-extension/agent-generation: [0m   [2m287:16[22m  [33mwarning[39m  Forbidden non-null assertion                                                         [2m@typescript-eslint/no-non-null-assertion[22m[0m
@ptah-extension/agent-generation: [0m   [2m308:25[22m  [33mwarning[39m  Forbidden non-null assertion                                                         [2m@typescript-eslint/no-non-null-assertion[22m[0m
@ptah-extension/agent-generation: [0m   [2m350:16[22m  [33mwarning[39m  Forbidden non-null assertion                                                         [2m@typescript-eslint/no-non-null-assertion[22m[0m
@ptah-extension/agent-generation: [0m   [2m381:16[22m  [33mwarning[39m  Forbidden non-null assertion                                                         [2m@typescript-eslint/no-non-null-assertion[22m[0m
@ptah-extension/agent-generation: [0m   [2m384:16[22m  [33mwarning[39m  Forbidden non-null assertion                                                         [2m@typescript-eslint/no-non-null-assertion[22m[0m
@ptah-extension/agent-generation: [0m   [2m387:16[22m  [33mwarning[39m  Forbidden non-null assertion                                                         [2m@typescript-eslint/no-non-null-assertion[22m[0m
@ptah-extension/agent-generation: [0m   [2m440:16[22m  [33mwarning[39m  Forbidden non-null assertion                                                         [2m@typescript-eslint/no-non-null-assertion[22m[0m
@ptah-extension/agent-generation: [0m   [2m458:16[22m  [33mwarning[39m  Forbidden non-null assertion                                                         [2m@typescript-eslint/no-non-null-assertion[22m[0m
@ptah-extension/agent-generation: [0m   [2m490:16[22m  [33mwarning[39m  Forbidden non-null assertion                                                         [2m@typescript-eslint/no-non-null-assertion[22m[0m
@ptah-extension/agent-generation: [0m   [2m491:16[22m  [33mwarning[39m  Forbidden non-null assertion                                                         [2m@typescript-eslint/no-non-null-assertion[22m[0m
@ptah-extension/agent-generation: [0m   [2m529:16[22m  [33mwarning[39m  Forbidden non-null assertion                                                         [2m@typescript-eslint/no-non-null-assertion[22m[0m
@ptah-extension/agent-generation: [0m   [2m530:16[22m  [33mwarning[39m  Forbidden non-null assertion                                                         [2m@typescript-eslint/no-non-null-assertion[22m[0m
@ptah-extension/agent-generation: [0m   [2m531:16[22m  [33mwarning[39m  Forbidden non-null assertion                                                         [2m@typescript-eslint/no-non-null-assertion[22m[0m
@ptah-extension/agent-generation: [0m   [2m532:16[22m  [33mwarning[39m  Forbidden non-null assertion                                                         [2m@typescript-eslint/no-non-null-assertion[22m[0m
@ptah-extension/agent-generation: [0m   [2m570:16[22m  [33mwarning[39m  Forbidden non-null assertion                                                         [2m@typescript-eslint/no-non-null-assertion[22m[0m
@ptah-extension/agent-generation: [0m   [2m726:16[22m  [33mwarning[39m  Forbidden non-null assertion                                                         [2m@typescript-eslint/no-non-null-assertion[22m[0m
@ptah-extension/agent-generation: [0m   [2m727:16[22m  [33mwarning[39m  Forbidden non-null assertion                                                         [2m@typescript-eslint/no-non-null-assertion[22m[0m
@ptah-extension/agent-generation: [0m   [2m728:16[22m  [33mwarning[39m  Forbidden non-null assertion                                                         [2m@typescript-eslint/no-non-null-assertion[22m[0m
@ptah-extension/agent-generation: [0m   [2m749:16[22m  [33mwarning[39m  Forbidden non-null assertion                                                         [2m@typescript-eslint/no-non-null-assertion[22m[0m
@ptah-extension/agent-generation: [0m   [2m750:16[22m  [33mwarning[39m  Forbidden non-null assertion                                                         [2m@typescript-eslint/no-non-null-assertion[22m[0m
@ptah-extension/agent-generation: [0m   [2m767:16[22m  [33mwarning[39m  Forbidden non-null assertion                                                         [2m@typescript-eslint/no-non-null-assertion[22m[0m
@ptah-extension/agent-generation: [0m   [2m768:16[22m  [33mwarning[39m  Forbidden non-null assertion                                                         [2m@typescript-eslint/no-non-null-assertion[22m[0m
@ptah-extension/agent-generation: [0m   [2m786:16[22m  [33mwarning[39m  Forbidden non-null assertion                                                         [2m@typescript-eslint/no-non-null-assertion[22m[0m
@ptah-extension/agent-generation: [0m   [2m787:16[22m  [33mwarning[39m  Forbidden non-null assertion                                                         [2m@typescript-eslint/no-non-null-assertion[22m[0m
@ptah-extension/agent-generation: [0m   [2m805:16[22m  [33mwarning[39m  Forbidden non-null assertion                                                         [2m@typescript-eslint/no-non-null-assertion[22m[0m
@ptah-extension/agent-generation: [0m   [2m806:16[22m  [33mwarning[39m  Forbidden non-null assertion                                                         [2m@typescript-eslint/no-non-null-assertion[22m[0m
@ptah-extension/agent-generation: [0m   [2m837:16[22m  [33mwarning[39m  Forbidden non-null assertion                                                         [2m@typescript-eslint/no-non-null-assertion[22m[0m
@ptah-extension/agent-generation: [0m   [2m875:14[22m  [33mwarning[39m  Forbidden non-null assertion                                                         [2m@typescript-eslint/no-non-null-assertion[22m[0m
@ptah-extension/agent-generation: [0m   [2m876:14[22m  [33mwarning[39m  Forbidden non-null assertion                                                         [2m@typescript-eslint/no-non-null-assertion[22m[0m
@ptah-extension/agent-generation: [0m   [2m891:15[22m  [33mwarning[39m  Unused eslint-disable directive (no problems were reported from 'no-throw-literal')[0m
@ptah-extension/agent-generation: [0m   [2m905:14[22m  [33mwarning[39m  Forbidden non-null assertion                                                         [2m@typescript-eslint/no-non-null-assertion[22m[0m
@ptah-extension/agent-generation: [0m  [2m1133:18[22m  [33mwarning[39m  Forbidden non-null assertion                                                         [2m@typescript-eslint/no-non-null-assertion[22m[0m
@ptah-extension/agent-generation: [0m  [2m1161:18[22m  [33mwarning[39m  Forbidden non-null assertion                                                         [2m@typescript-eslint/no-non-null-assertion[22m[0m
@ptah-extension/agent-generation: [0m  [2m1216:14[22m  [33mwarning[39m  Forbidden non-null assertion                                                         [2m@typescript-eslint/no-non-null-assertion[22m[0m
@ptah-extension/agent-generation: [0m  [2m1219:14[22m  [33mwarning[39m  Forbidden non-null assertion                                                         [2m@typescript-eslint/no-non-null-assertion[22m[0m
@ptah-extension/agent-generation: [0m  [2m1222:14[22m  [33mwarning[39m  Forbidden non-null assertion                                                         [2m@typescript-eslint/no-non-null-assertion[22m[0m
@ptah-extension/agent-generation: [0m  [2m1225:14[22m  [33mwarning[39m  Forbidden non-null assertion                                                         [2m@typescript-eslint/no-non-null-assertion[22m[0m
@ptah-extension/agent-generation: [0m  [2m1228:14[22m  [33mwarning[39m  Forbidden non-null assertion                                                         [2m@typescript-eslint/no-non-null-assertion[22m[0m
@ptah-extension/agent-generation: [0m  [2m1278:14[22m  [33mwarning[39m  Forbidden non-null assertion                                                         [2m@typescript-eslint/no-non-null-assertion[22m[0m
@ptah-extension/agent-generation: [0m  [2m1279:14[22m  [33mwarning[39m  Forbidden non-null assertion                                                         [2m@typescript-eslint/no-non-null-assertion[22m[0m
@ptah-extension/agent-generation: [0m  [2m1280:14[22m  [33mwarning[39m  Forbidden non-null assertion                                                         [2m@typescript-eslint/no-non-null-assertion[22m[0m
@ptah-extension/agent-generation: [0m  [2m1281:14[22m  [33mwarning[39m  Forbidden non-null assertion                                                         [2m@typescript-eslint/no-non-null-assertion[22m[0m
@ptah-extension/agent-generation: [0m  [2m1282:14[22m  [33mwarning[39m  Forbidden non-null assertion                                                         [2m@typescript-eslint/no-non-null-assertion[22m[0m
@ptah-extension/agent-generation: [0m  [2m1283:14[22m  [33mwarning[39m  Forbidden non-null assertion                                                         [2m@typescript-eslint/no-non-null-assertion[22m[0m
@ptah-extension/agent-generation: [0m  [2m1317:14[22m  [33mwarning[39m  Forbidden non-null assertion                                                         [2m@typescript-eslint/no-non-null-assertion[22m[0m
@ptah-extension/agent-generation: [0m  [2m1318:14[22m  [33mwarning[39m  Forbidden non-null assertion                                                         [2m@typescript-eslint/no-non-null-assertion[22m[0m
@ptah-extension/agent-generation: [0m  [2m1356:14[22m  [33mwarning[39m  Forbidden non-null assertion                                                         [2m@typescript-eslint/no-non-null-assertion[22m[0m
@ptah-extension/agent-generation: [0m  [2m1357:14[22m  [33mwarning[39m  Forbidden non-null assertion                                                         [2m@typescript-eslint/no-non-null-assertion[22m[0m
@ptah-extension/agent-generation: [0m  [2m1396:14[22m  [33mwarning[39m  Forbidden non-null assertion                                                         [2m@typescript-eslint/no-non-null-assertion[22m[0m
@ptah-extension/agent-generation: [0m  [2m1416:9[22m   [33mwarning[39m  Forbidden non-null assertion                                                         [2m@typescript-eslint/no-non-null-assertion[22m[0m
@ptah-extension/agent-generation: [0m  [2m1447:14[22m  [33mwarning[39m  Forbidden non-null assertion                                                         [2m@typescript-eslint/no-non-null-assertion[22m[0m
@ptah-extension/agent-generation: [0m  [2m2063:12[22m  [33mwarning[39m  Forbidden non-null assertion                                                         [2m@typescript-eslint/no-non-null-assertion[22m[0m
@ptah-extension/agent-generation: [0m  [2m2064:12[22m  [33mwarning[39m  Forbidden non-null assertion                                                         [2m@typescript-eslint/no-non-null-assertion[22m[0m
@ptah-extension/agent-generation: [0m  [2m2065:12[22m  [33mwarning[39m  Forbidden non-null assertion                                                         [2m@typescript-eslint/no-non-null-assertion[22m[0m
@ptah-extension/agent-generation: [0m  [2m2066:12[22m  [33mwarning[39m  Forbidden non-null assertion                                                         [2m@typescript-eslint/no-non-null-assertion[22m[0m
@ptah-extension/agent-generation: [0m  [2m2067:12[22m  [33mwarning[39m  Forbidden non-null assertion                                                         [2m@typescript-eslint/no-non-null-assertion[22m[0m
@ptah-extension/agent-generation: [0m  [2m2084:12[22m  [33mwarning[39m  Forbidden non-null assertion                                                         [2m@typescript-eslint/no-non-null-assertion[22m[0m
@ptah-extension/agent-generation: [0m  [2m2085:12[22m  [33mwarning[39m  Forbidden non-null assertion                                                         [2m@typescript-eslint/no-non-null-assertion[22m[0m
@ptah-extension/agent-generation: [0m  [2m2086:12[22m  [33mwarning[39m  Forbidden non-null assertion                                                         [2m@typescript-eslint/no-non-null-assertion[22m[0m
@ptah-extension/agent-generation: [0m  [2m2104:12[22m  [33mwarning[39m  Forbidden non-null assertion                                                         [2m@typescript-eslint/no-non-null-assertion[22m[0m
@ptah-extension/agent-generation: [0m[0m
@ptah-extension/agent-generation: [0m[4mD:\projects\ptah-extension\libs\backend\agent-generation\src\lib\services\content-generation.service.ts[24m[0m
@ptah-extension/agent-generation: [0m   [2m54:8[22m  [33mwarning[39m  'AnalysisPathIndex' is defined but never used. Allowed unused vars must match /^_/u  [2m@typescript-eslint/no-unused-vars[22m[0m
@ptah-extension/agent-generation: [0m  [2m251:5[22m  [33mwarning[39m  'context' is defined but never used. Allowed unused args must match /^_/u            [2m@typescript-eslint/no-unused-vars[22m[0m
@ptah-extension/agent-generation: [0m  [2m965:1[22m  [33mwarning[39m  File has too many lines (823). Maximum allowed is 700                                [2mmax-lines[22m[0m
@ptah-extension/agent-generation: [0m[0m
@ptah-extension/agent-generation: [0m[4mD:\projects\ptah-extension\libs\backend\agent-generation\src\lib\services\enhanced-prompts\enhanced-prompts.service.ts[24m[0m
@ptah-extension/agent-generation: [0m  [2m987:1[22m  [33mwarning[39m  File has too many lines (898). Maximum allowed is 700  [2mmax-lines[22m[0m
@ptah-extension/agent-generation: [0m[0m
@ptah-extension/agent-generation: [0m[4mD:\projects\ptah-extension\libs\backend\agent-generation\src\lib\services\file-writer.service.spec.ts[24m[0m
@ptah-extension/agent-generation: [0m   [2m83:14[22m  [33mwarning[39m  Forbidden non-null assertion  [2m@typescript-eslint/no-non-null-assertion[22m[0m
@ptah-extension/agent-generation: [0m   [2m84:14[22m  [33mwarning[39m  Forbidden non-null assertion  [2m@typescript-eslint/no-non-null-assertion[22m[0m
@ptah-extension/agent-generation: [0m  [2m122:14[22m  [33mwarning[39m  Forbidden non-null assertion  [2m@typescript-eslint/no-non-null-assertion[22m[0m
@ptah-extension/agent-generation: [0m  [2m133:14[22m  [33mwarning[39m  Forbidden non-null assertion  [2m@typescript-eslint/no-non-null-assertion[22m[0m
@ptah-extension/agent-generation: [0m  [2m224:14[22m  [33mwarning[39m  Forbidden non-null assertion  [2m@typescript-eslint/no-non-null-assertion[22m[0m
@ptah-extension/agent-generation: [0m  [2m246:14[22m  [33mwarning[39m  Forbidden non-null assertion  [2m@typescript-eslint/no-non-null-assertion[22m[0m
@ptah-extension/agent-generation: [0m[0m
@ptah-extension/agent-generation: [0m[4mD:\projects\ptah-extension\libs\backend\agent-generation\src\lib\services\file-writer.service.ts[24m[0m
@ptah-extension/agent-generation: [0m   [2m82:27[22m  [33mwarning[39m  Forbidden non-null assertion  [2m@typescript-eslint/no-non-null-assertion[22m[0m
@ptah-extension/agent-generation: [0m   [2m84:28[22m  [33mwarning[39m  Forbidden non-null assertion  [2m@typescript-eslint/no-non-null-assertion[22m[0m
@ptah-extension/agent-generation: [0m   [2m87:27[22m  [33mwarning[39m  Forbidden non-null assertion  [2m@typescript-eslint/no-non-null-assertion[22m[0m
@ptah-extension/agent-generation: [0m  [2m130:29[22m  [33mwarning[39m  Forbidden non-null assertion  [2m@typescript-eslint/no-non-null-assertion[22m[0m
@ptah-extension/agent-generation: [0m  [2m132:28[22m  [33mwarning[39m  Forbidden non-null assertion  [2m@typescript-eslint/no-non-null-assertion[22m[0m
@ptah-extension/agent-generation: [0m  [2m138:29[22m  [33mwarning[39m  Forbidden non-null assertion  [2m@typescript-eslint/no-non-null-assertion[22m[0m
@ptah-extension/agent-generation: [0m  [2m149:68[22m  [33mwarning[39m  Forbidden non-null assertion  [2m@typescript-eslint/no-non-null-assertion[22m[0m
@ptah-extension/agent-generation: [0m  [2m155:22[22m  [33mwarning[39m  Forbidden non-null assertion  [2m@typescript-eslint/no-non-null-assertion[22m[0m
@ptah-extension/agent-generation: [0m  [2m158:19[22m  [33mwarning[39m  Forbidden non-null assertion  [2m@typescript-eslint/no-non-null-assertion[22m[0m
@ptah-extension/agent-generation: [0m  [2m201:25[22m  [33mwarning[39m  Forbidden non-null assertion  [2m@typescript-eslint/no-non-null-assertion[22m[0m
@ptah-extension/agent-generation: [0m[0m
@ptah-extension/agent-generation: [0m[4mD:\projects\ptah-extension\libs\backend\agent-generation\src\lib\services\orchestrator.service.spec.ts[24m[0m
@ptah-extension/agent-generation: [0m    [2m70:3[22m   [33mwarning[39m  'MonorepoType' is defined but never used. Allowed unused vars must match /^_/u       [2m@typescript-eslint/no-unused-vars[22m[0m
@ptah-extension/agent-generation: [0m   [2m123:10[22m  [33mwarning[39m  'createMockContext' is defined but never used. Allowed unused vars must match /^_/u  [2m@typescript-eslint/no-unused-vars[22m[0m
@ptah-extension/agent-generation: [0m   [2m410:29[22m  [33mwarning[39m  Forbidden non-null assertion                                                         [2m@typescript-eslint/no-non-null-assertion[22m[0m
@ptah-extension/agent-generation: [0m   [2m431:29[22m  [33mwarning[39m  Forbidden non-null assertion                                                         [2m@typescript-eslint/no-non-null-assertion[22m[0m
@ptah-extension/agent-generation: [0m   [2m450:29[22m  [33mwarning[39m  Forbidden non-null assertion                                                         [2m@typescript-eslint/no-non-null-assertion[22m[0m
@ptah-extension/agent-generation: [0m   [2m474:29[22m  [33mwarning[39m  Forbidden non-null assertion                                                         [2m@typescript-eslint/no-non-null-assertion[22m[0m
@ptah-extension/agent-generation: [0m   [2m575:23[22m  [33mwarning[39m  Forbidden non-null assertion                                                         [2m@typescript-eslint/no-non-null-assertion[22m[0m
@ptah-extension/agent-generation: [0m   [2m593:28[22m  [33mwarning[39m  Forbidden non-null assertion                                                         [2m@typescript-eslint/no-non-null-assertion[22m[0m
@ptah-extension/agent-generation: [0m   [2m608:14[22m  [33mwarning[39m  Forbidden non-null assertion                                                         [2m@typescript-eslint/no-non-null-assertion[22m[0m
@ptah-extension/agent-generation: [0m   [2m629:29[22m  [33mwarning[39m  Forbidden non-null assertion                                                         [2m@typescript-eslint/no-non-null-assertion[22m[0m
@ptah-extension/agent-generation: [0m   [2m650:29[22m  [33mwarning[39m  Forbidden non-null assertion                                                         [2m@typescript-eslint/no-non-null-assertion[22m[0m
@ptah-extension/agent-generation: [0m   [2m664:29[22m  [33mwarning[39m  Forbidden non-null assertion                                                         [2m@typescript-eslint/no-non-null-assertion[22m[0m
@ptah-extension/agent-generation: [0m   [2m687:28[22m  [33mwarning[39m  Forbidden non-null assertion                                                         [2m@typescript-eslint/no-non-null-assertion[22m[0m
@ptah-extension/agent-generation: [0m   [2m714:28[22m  [33mwarning[39m  Forbidden non-null assertion                                                         [2m@typescript-eslint/no-non-null-assertion[22m[0m
@ptah-extension/agent-generation: [0m   [2m730:28[22m  [33mwarning[39m  Forbidden non-null assertion                                                         [2m@typescript-eslint/no-non-null-assertion[22m[0m
@ptah-extension/agent-generation: [0m   [2m754:28[22m  [33mwarning[39m  Forbidden non-null assertion                                                         [2m@typescript-eslint/no-non-null-assertion[22m[0m
@ptah-extension/agent-generation: [0m   [2m779:28[22m  [33mwarning[39m  Forbidden non-null assertion                                                         [2m@typescript-eslint/no-non-null-assertion[22m[0m
@ptah-extension/agent-generation: [0m   [2m805:9[22m   [33mwarning[39m  Forbidden non-null assertion                                                         [2m@typescript-eslint/no-non-null-assertion[22m[0m
@ptah-extension/agent-generation: [0m   [2m839:28[22m  [33mwarning[39m  Forbidden non-null assertion                                                         [2m@typescript-eslint/no-non-null-assertion[22m[0m
@ptah-extension/agent-generation: [0m   [2m957:14[22m  [33mwarning[39m  Forbidden non-null assertion                                                         [2m@typescript-eslint/no-non-null-assertion[22m[0m
@ptah-extension/agent-generation: [0m   [2m958:14[22m  [33mwarning[39m  Forbidden non-null assertion                                                         [2m@typescript-eslint/no-non-null-assertion[22m[0m
@ptah-extension/agent-generation: [0m   [2m959:14[22m  [33mwarning[39m  Forbidden non-null assertion                                                         [2m@typescript-eslint/no-non-null-assertion[22m[0m
@ptah-extension/agent-generation: [0m   [2m960:14[22m  [33mwarning[39m  Forbidden non-null assertion                                                         [2m@typescript-eslint/no-non-null-assertion[22m[0m
@ptah-extension/agent-generation: [0m  [2m1025:14[22m  [33mwarning[39m  Forbidden non-null assertion                                                         [2m@typescript-eslint/no-non-null-assertion[22m[0m
@ptah-extension/agent-generation: [0m  [2m1028:9[22m   [33mwarning[39m  Forbidden non-null assertion                                                         [2m@typescript-eslint/no-non-null-assertion[22m[0m
@ptah-extension/agent-generation: [0m  [2m1064:9[22m   [33mwarning[39m  Forbidden non-null assertion                                                         [2m@typescript-eslint/no-non-null-assertion[22m[0m
@ptah-extension/agent-generation: [0m  [2m1066:14[22m  [33mwarning[39m  Forbidden non-null assertion                                                         [2m@typescript-eslint/no-non-null-assertion[22m[0m
@ptah-extension/agent-generation: [0m  [2m1115:14[22m  [33mwarning[39m  Forbidden non-null assertion                                                         [2m@typescript-eslint/no-non-null-assertion[22m[0m
@ptah-extension/agent-generation: [0m  [2m1116:14[22m  [33mwarning[39m  Forbidden non-null assertion                                                         [2m@typescript-eslint/no-non-null-assertion[22m[0m
@ptah-extension/agent-generation: [0m  [2m1118:9[22m   [33mwarning[39m  Forbidden non-null assertion                                                         [2m@typescript-eslint/no-non-null-assertion[22m[0m
@ptah-extension/agent-generation: [0m  [2m1171:14[22m  [33mwarning[39m  Forbidden non-null assertion                                                         [2m@typescript-eslint/no-non-null-assertion[22m[0m
@ptah-extension/agent-generation: [0m  [2m1174:9[22m   [33mwarning[39m  Forbidden non-null assertion                                                         [2m@typescript-eslint/no-non-null-assertion[22m[0m
@ptah-extension/agent-generation: [0m  [2m1194:9[22m   [33mwarning[39m  Forbidden non-null assertion                                                         [2m@typescript-eslint/no-non-null-assertion[22m[0m
@ptah-extension/agent-generation: [0m  [2m1222:14[22m  [33mwarning[39m  Forbidden non-null assertion                                                         [2m@typescript-eslint/no-non-null-assertion[22m[0m
@ptah-extension/agent-generation: [0m  [2m1225:9[22m   [33mwarning[39m  Forbidden non-null assertion                                                         [2m@typescript-eslint/no-non-null-assertion[22m[0m
@ptah-extension/agent-generation: [0m  [2m1256:9[22m   [33mwarning[39m  Forbidden non-null assertion                                                         [2m@typescript-eslint/no-non-null-assertion[22m[0m
@ptah-extension/agent-generation: [0m  [2m1288:9[22m   [33mwarning[39m  Forbidden non-null assertion                                                         [2m@typescript-eslint/no-non-null-assertion[22m[0m
@ptah-extension/agent-generation: [0m  [2m1326:14[22m  [33mwarning[39m  Forbidden non-null assertion                                                         [2m@typescript-eslint/no-non-null-assertion[22m[0m
@ptah-extension/agent-generation: [0m  [2m1328:14[22m  [33mwarning[39m  Forbidden non-null assertion                                                         [2m@typescript-eslint/no-non-null-assertion[22m[0m
@ptah-extension/agent-generation: [0m  [2m1348:9[22m   [33mwarning[39m  Forbidden non-null assertion                                                         [2m@typescript-eslint/no-non-null-assertion[22m[0m
@ptah-extension/agent-generation: [0m  [2m1429:14[22m  [33mwarning[39m  Forbidden non-null assertion                                                         [2m@typescript-eslint/no-non-null-assertion[22m[0m
@ptah-extension/agent-generation: [0m  [2m1430:14[22m  [33mwarning[39m  Forbidden non-null assertion                                                         [2m@typescript-eslint/no-non-null-assertion[22m[0m
@ptah-extension/agent-generation: [0m  [2m1433:9[22m   [33mwarning[39m  Forbidden non-null assertion                                                         [2m@typescript-eslint/no-non-null-assertion[22m[0m
@ptah-extension/agent-generation: [0m  [2m1435:14[22m  [33mwarning[39m  Forbidden non-null assertion                                                         [2m@typescript-eslint/no-non-null-assertion[22m[0m
@ptah-extension/agent-generation: [0m  [2m1451:28[22m  [33mwarning[39m  Forbidden non-null assertion                                                         [2m@typescript-eslint/no-non-null-assertion[22m[0m
@ptah-extension/agent-generation: [0m  [2m1463:28[22m  [33mwarning[39m  Forbidden non-null assertion                                                         [2m@typescript-eslint/no-non-null-assertion[22m[0m
@ptah-extension/agent-generation: [0m  [2m1708:23[22m  [33mwarning[39m  Forbidden non-null assertion                                                         [2m@typescript-eslint/no-non-null-assertion[22m[0m
@ptah-extension/agent-generation: [0m  [2m1727:21[22m  [33mwarning[39m  Forbidden non-null assertion                                                         [2m@typescript-eslint/no-non-null-assertion[22m[0m
@ptah-extension/agent-generation: [0m  [2m1759:21[22m  [33mwarning[39m  Forbidden non-null assertion                                                         [2m@typescript-eslint/no-non-null-assertion[22m[0m
@ptah-extension/agent-generation: [0m  [2m1809:21[22m  [33mwarning[39m  Forbidden non-null assertion                                                         [2m@typescript-eslint/no-non-null-assertion[22m[0m
@ptah-extension/agent-generation: [0m  [2m1851:12[22m  [33mwarning[39m  Forbidden non-null assertion                                                         [2m@typescript-eslint/no-non-null-assertion[22m[0m
@ptah-extension/agent-generation: [0m  [2m1868:12[22m  [33mwarning[39m  Forbidden non-null assertion                                                         [2m@typescript-eslint/no-non-null-assertion[22m[0m
@ptah-extension/agent-generation: [0m  [2m1875:12[22m  [33mwarning[39m  Forbidden non-null assertion                                                         [2m@typescript-eslint/no-non-null-assertion[22m[0m
@ptah-extension/agent-generation: [0m[0m
@ptah-extension/agent-generation: [0m[4mD:\projects\ptah-extension\libs\backend\agent-generation\src\lib\services\orchestrator.service.ts[24m[0m
@ptah-extension/agent-generation: [0m  [2m370:58[22m  [33mwarning[39m  Forbidden non-null assertion                           [2m@typescript-eslint/no-non-null-assertion[22m[0m
@ptah-extension/agent-generation: [0m  [2m371:29[22m  [33mwarning[39m  Forbidden non-null assertion                           [2m@typescript-eslint/no-non-null-assertion[22m[0m
@ptah-extension/agent-generation: [0m  [2m374:26[22m  [33mwarning[39m  Forbidden non-null assertion                           [2m@typescript-eslint/no-non-null-assertion[22m[0m
@ptah-extension/agent-generation: [0m  [2m398:53[22m  [33mwarning[39m  Forbidden non-null assertion                           [2m@typescript-eslint/no-non-null-assertion[22m[0m
@ptah-extension/agent-generation: [0m  [2m399:27[22m  [33mwarning[39m  Forbidden non-null assertion                           [2m@typescript-eslint/no-non-null-assertion[22m[0m
@ptah-extension/agent-generation: [0m  [2m402:26[22m  [33mwarning[39m  Forbidden non-null assertion                           [2m@typescript-eslint/no-non-null-assertion[22m[0m
@ptah-extension/agent-generation: [0m  [2m665:25[22m  [33mwarning[39m  Forbidden non-null assertion                           [2m@typescript-eslint/no-non-null-assertion[22m[0m
@ptah-extension/agent-generation: [0m  [2m675:15[22m  [33mwarning[39m  Forbidden non-null assertion                           [2m@typescript-eslint/no-non-null-assertion[22m[0m
@ptah-extension/agent-generation: [0m  [2m709:27[22m  [33mwarning[39m  Forbidden non-null assertion                           [2m@typescript-eslint/no-non-null-assertion[22m[0m
@ptah-extension/agent-generation: [0m  [2m712:24[22m  [33mwarning[39m  Forbidden non-null assertion                           [2m@typescript-eslint/no-non-null-assertion[22m[0m
@ptah-extension/agent-generation: [0m  [2m796:11[22m  [33mwarning[39m  Forbidden non-null assertion                           [2m@typescript-eslint/no-non-null-assertion[22m[0m
@ptah-extension/agent-generation: [0m  [2m810:24[22m  [33mwarning[39m  Forbidden non-null assertion                           [2m@typescript-eslint/no-non-null-assertion[22m[0m
@ptah-extension/agent-generation: [0m  [2m856:25[22m  [33mwarning[39m  Forbidden non-null assertion                           [2m@typescript-eslint/no-non-null-assertion[22m[0m
@ptah-extension/agent-generation: [0m  [2m859:11[22m  [33mwarning[39m  Forbidden non-null assertion                           [2m@typescript-eslint/no-non-null-assertion[22m[0m
@ptah-extension/agent-generation: [0m  [2m875:19[22m  [33mwarning[39m  Forbidden non-null assertion                           [2m@typescript-eslint/no-non-null-assertion[22m[0m
@ptah-extension/agent-generation: [0m  [2m876:17[22m  [33mwarning[39m  Forbidden non-null assertion                           [2m@typescript-eslint/no-non-null-assertion[22m[0m
@ptah-extension/agent-generation: [0m  [2m929:18[22m  [33mwarning[39m  Forbidden non-null assertion                           [2m@typescript-eslint/no-non-null-assertion[22m[0m
@ptah-extension/agent-generation: [0m  [2m932:93[22m  [33mwarning[39m  Forbidden non-null assertion                           [2m@typescript-eslint/no-non-null-assertion[22m[0m
@ptah-extension/agent-generation: [0m  [2m942:9[22m   [33mwarning[39m  Forbidden non-null assertion                           [2m@typescript-eslint/no-non-null-assertion[22m[0m
@ptah-extension/agent-generation: [0m  [2m960:18[22m  [33mwarning[39m  Forbidden non-null assertion                           [2m@typescript-eslint/no-non-null-assertion[22m[0m
@ptah-extension/agent-generation: [0m  [2m963:71[22m  [33mwarning[39m  Forbidden non-null assertion                           [2m@typescript-eslint/no-non-null-assertion[22m[0m
@ptah-extension/agent-generation: [0m  [2m964:1[22m   [33mwarning[39m  File has too many lines (888). Maximum allowed is 700  [2mmax-lines[22m[0m
@ptah-extension/agent-generation: [0m  [2m968:24[22m  [33mwarning[39m  Forbidden non-null assertion                           [2m@typescript-eslint/no-non-null-assertion[22m[0m
@ptah-extension/agent-generation: [0m[0m
@ptah-extension/agent-generation: [0m[4mD:\projects\ptah-extension\libs\backend\agent-generation\src\lib\services\output-validation.service.spec.ts[24m[0m
@ptah-extension/agent-generation: [0m   [2m49:31[22m  [33mwarning[39m  'ValidationResult' is defined but never used. Allowed unused vars must match /^_/u  [2m@typescript-eslint/no-unused-vars[22m[0m
@ptah-extension/agent-generation: [0m   [2m72:22[22m  [33mwarning[39m  Unexpected any. Specify a different type                                            [2m@typescript-eslint/no-explicit-any[22m[0m
@ptah-extension/agent-generation: [0m   [2m73:21[22m  [33mwarning[39m  Unexpected any. Specify a different type                                            [2m@typescript-eslint/no-explicit-any[22m[0m
@ptah-extension/agent-generation: [0m   [2m74:21[22m  [33mwarning[39m  Unexpected any. Specify a different type                                            [2m@typescript-eslint/no-explicit-any[22m[0m
@ptah-extension/agent-generation: [0m   [2m75:22[22m  [33mwarning[39m  Unexpected any. Specify a different type                                            [2m@typescript-eslint/no-explicit-any[22m[0m
@ptah-extension/agent-generation: [0m   [2m80:61[22m  [33mwarning[39m  Unexpected any. Specify a different type                                            [2m@typescript-eslint/no-explicit-any[22m[0m
@ptah-extension/agent-generation: [0m   [2m83:57[22m  [33mwarning[39m  Unexpected any. Specify a different type                                            [2m@typescript-eslint/no-explicit-any[22m[0m
@ptah-extension/agent-generation: [0m   [2m95:29[22m  [33mwarning[39m  Unexpected any. Specify a different type                                            [2m@typescript-eslint/no-explicit-any[22m[0m
@ptah-extension/agent-generation: [0m  [2m102:29[22m  [33mwarning[39m  Unexpected any. Specify a different type                                            [2m@typescript-eslint/no-explicit-any[22m[0m
@ptah-extension/agent-generation: [0m  [2m157:26[22m  [33mwarning[39m  Forbidden non-null assertion                                                        [2m@typescript-eslint/no-non-null-assertion[22m[0m
@ptah-extension/agent-generation: [0m  [2m167:26[22m  [33mwarning[39m  Forbidden non-null assertion                                                        [2m@typescript-eslint/no-non-null-assertion[22m[0m
@ptah-extension/agent-generation: [0m  [2m189:26[22m  [33mwarning[39m  Forbidden non-null assertion                                                        [2m@typescript-eslint/no-non-null-assertion[22m[0m
@ptah-extension/agent-generation: [0m  [2m215:26[22m  [33mwarning[39m  Forbidden non-null assertion                                                        [2m@typescript-eslint/no-non-null-assertion[22m[0m
@ptah-extension/agent-generation: [0m  [2m245:26[22m  [33mwarning[39m  Forbidden non-null assertion                                                        [2m@typescript-eslint/no-non-null-assertion[22m[0m
@ptah-extension/agent-generation: [0m  [2m279:26[22m  [33mwarning[39m  Forbidden non-null assertion                                                        [2m@typescript-eslint/no-non-null-assertion[22m[0m
@ptah-extension/agent-generation: [0m  [2m306:26[22m  [33mwarning[39m  Forbidden non-null assertion                                                        [2m@typescript-eslint/no-non-null-assertion[22m[0m
@ptah-extension/agent-generation: [0m  [2m342:26[22m  [33mwarning[39m  Forbidden non-null assertion                                                        [2m@typescript-eslint/no-non-null-assertion[22m[0m
@ptah-extension/agent-generation: [0m  [2m372:26[22m  [33mwarning[39m  Forbidden non-null assertion                                                        [2m@typescript-eslint/no-non-null-assertion[22m[0m
@ptah-extension/agent-generation: [0m  [2m417:26[22m  [33mwarning[39m  Forbidden non-null assertion                                                        [2m@typescript-eslint/no-non-null-assertion[22m[0m
@ptah-extension/agent-generation: [0m  [2m434:30[22m  [33mwarning[39m  Forbidden non-null assertion                                                        [2m@typescript-eslint/no-non-null-assertion[22m[0m
@ptah-extension/agent-generation: [0m  [2m451:30[22m  [33mwarning[39m  Forbidden non-null assertion                                                        [2m@typescript-eslint/no-non-null-assertion[22m[0m
@ptah-extension/agent-generation: [0m  [2m467:30[22m  [33mwarning[39m  Forbidden non-null assertion                                                        [2m@typescript-eslint/no-non-null-assertion[22m[0m
@ptah-extension/agent-generation: [0m  [2m485:30[22m  [33mwarning[39m  Forbidden non-null assertion                                                        [2m@typescript-eslint/no-non-null-assertion[22m[0m
@ptah-extension/agent-generation: [0m  [2m507:30[22m  [33mwarning[39m  Forbidden non-null assertion                                                        [2m@typescript-eslint/no-non-null-assertion[22m[0m
@ptah-extension/agent-generation: [0m  [2m523:30[22m  [33mwarning[39m  Forbidden non-null assertion                                                        [2m@typescript-eslint/no-non-null-assertion[22m[0m
@ptah-extension/agent-generation: [0m  [2m544:30[22m  [33mwarning[39m  Forbidden non-null assertion                                                        [2m@typescript-eslint/no-non-null-assertion[22m[0m
@ptah-extension/agent-generation: [0m  [2m558:30[22m  [33mwarning[39m  Forbidden non-null assertion                                                        [2m@typescript-eslint/no-non-null-assertion[22m[0m
@ptah-extension/agent-generation: [0m  [2m571:26[22m  [33mwarning[39m  Forbidden non-null assertion                                                        [2m@typescript-eslint/no-non-null-assertion[22m[0m
@ptah-extension/agent-generation: [0m  [2m590:26[22m  [33mwarning[39m  Forbidden non-null assertion                                                        [2m@typescript-eslint/no-non-null-assertion[22m[0m
@ptah-extension/agent-generation: [0m  [2m617:26[22m  [33mwarning[39m  Forbidden non-null assertion                                                        [2m@typescript-eslint/no-non-null-assertion[22m[0m
@ptah-extension/agent-generation: [0m  [2m655:26[22m  [33mwarning[39m  Forbidden non-null assertion                                                        [2m@typescript-eslint/no-non-null-assertion[22m[0m
@ptah-extension/agent-generation: [0m  [2m681:26[22m  [33mwarning[39m  Forbidden non-null assertion                                                        [2m@typescript-eslint/no-non-null-assertion[22m[0m
@ptah-extension/agent-generation: [0m  [2m709:26[22m  [33mwarning[39m  Forbidden non-null assertion                                                        [2m@typescript-eslint/no-non-null-assertion[22m[0m
@ptah-extension/agent-generation: [0m  [2m738:26[22m  [33mwarning[39m  Forbidden non-null assertion                                                        [2m@typescript-eslint/no-non-null-assertion[22m[0m
@ptah-extension/agent-generation: [0m  [2m762:26[22m  [33mwarning[39m  Forbidden non-null assertion                                                        [2m@typescript-eslint/no-non-null-assertion[22m[0m
@ptah-extension/agent-generation: [0m  [2m786:26[22m  [33mwarning[39m  Forbidden non-null assertion                                                        [2m@typescript-eslint/no-non-null-assertion[22m[0m
@ptah-extension/agent-generation: [0m  [2m816:26[22m  [33mwarning[39m  Forbidden non-null assertion                                                        [2m@typescript-eslint/no-non-null-assertion[22m[0m
@ptah-extension/agent-generation: [0m  [2m841:26[22m  [33mwarning[39m  Forbidden non-null assertion                                                        [2m@typescript-eslint/no-non-null-assertion[22m[0m
@ptah-extension/agent-generation: [0m  [2m883:67[22m  [33mwarning[39m  Unexpected any. Specify a different type                                            [2m@typescript-eslint/no-explicit-any[22m[0m
@ptah-extension/agent-generation: [0m  [2m889:11[22m  [33mwarning[39m  Forbidden non-null assertion                                                        [2m@typescript-eslint/no-non-null-assertion[22m[0m
@ptah-extension/agent-generation: [0m[0m
@ptah-extension/agent-generation: [0m[4mD:\projects\ptah-extension\libs\backend\agent-generation\src\lib\services\prompt-designer\prompt-designer-agent.spec.ts[24m[0m
@ptah-extension/agent-generation: [0m  [2m198:14[22m  [33mwarning[39m  Forbidden non-null assertion  [2m@typescript-eslint/no-non-null-assertion[22m[0m
@ptah-extension/agent-generation: [0m  [2m199:14[22m  [33mwarning[39m  Forbidden non-null assertion  [2m@typescript-eslint/no-non-null-assertion[22m[0m
@ptah-extension/agent-generation: [0m  [2m200:14[22m  [33mwarning[39m  Forbidden non-null assertion  [2m@typescript-eslint/no-non-null-assertion[22m[0m
@ptah-extension/agent-generation: [0m  [2m201:14[22m  [33mwarning[39m  Forbidden non-null assertion  [2m@typescript-eslint/no-non-null-assertion[22m[0m
@ptah-extension/agent-generation: [0m[0m
@ptah-extension/agent-generation: [0m[4mD:\projects\ptah-extension\libs\backend\agent-generation\src\lib\services\setup-status.service.ts[24m[0m
@ptah-extension/agent-generation: [0m   [2m94:26[22m  [33mwarning[39m  Forbidden non-null assertion       [2m@typescript-eslint/no-non-null-assertion[22m[0m
@ptah-extension/agent-generation: [0m  [2m200:14[22m  [33mwarning[39m  'error' is defined but never used  [2m@typescript-eslint/no-unused-vars[22m[0m
@ptah-extension/agent-generation: [0m[0m
@ptah-extension/agent-generation: [0m[4mD:\projects\ptah-extension\libs\backend\agent-generation\src\lib\services\setup-wizard.service.spec.ts[24m[0m
@ptah-extension/agent-generation: [0m  [2m220:29[22m  [33mwarning[39m  Forbidden non-null assertion  [2m@typescript-eslint/no-non-null-assertion[22m[0m
@ptah-extension/agent-generation: [0m  [2m247:29[22m  [33mwarning[39m  Forbidden non-null assertion  [2m@typescript-eslint/no-non-null-assertion[22m[0m
@ptah-extension/agent-generation: [0m[0m
@ptah-extension/agent-generation: [0m[4mD:\projects\ptah-extension\libs\backend\agent-generation\src\lib\services\template-partial-resolver.spec.ts[24m[0m
@ptah-extension/agent-generation: [0m   [2m62:12[22m  [33mwarning[39m  Forbidden non-null assertion  [2m@typescript-eslint/no-non-null-assertion[22m[0m
@ptah-extension/agent-generation: [0m   [2m63:12[22m  [33mwarning[39m  Forbidden non-null assertion  [2m@typescript-eslint/no-non-null-assertion[22m[0m
@ptah-extension/agent-generation: [0m   [2m78:21[22m  [33mwarning[39m  Forbidden non-null assertion  [2m@typescript-eslint/no-non-null-assertion[22m[0m
@ptah-extension/agent-generation: [0m   [2m92:12[22m  [33mwarning[39m  Forbidden non-null assertion  [2m@typescript-eslint/no-non-null-assertion[22m[0m
@ptah-extension/agent-generation: [0m   [2m99:12[22m  [33mwarning[39m  Forbidden non-null assertion  [2m@typescript-eslint/no-non-null-assertion[22m[0m
@ptah-extension/agent-generation: [0m  [2m112:14[22m  [33mwarning[39m  Forbidden non-null assertion  [2m@typescript-eslint/no-non-null-assertion[22m[0m
@ptah-extension/agent-generation: [0m  [2m131:12[22m  [33mwarning[39m  Forbidden non-null assertion  [2m@typescript-eslint/no-non-null-assertion[22m[0m
@ptah-extension/agent-generation: [0m  [2m141:12[22m  [33mwarning[39m  Forbidden non-null assertion  [2m@typescript-eslint/no-non-null-assertion[22m[0m
@ptah-extension/agent-generation: [0m  [2m158:12[22m  [33mwarning[39m  Forbidden non-null assertion  [2m@typescript-eslint/no-non-null-assertion[22m[0m
@ptah-extension/agent-generation: [0m  [2m159:12[22m  [33mwarning[39m  Forbidden non-null assertion  [2m@typescript-eslint/no-non-null-assertion[22m[0m
@ptah-extension/agent-generation: [0m  [2m174:12[22m  [33mwarning[39m  Forbidden non-null assertion  [2m@typescript-eslint/no-non-null-assertion[22m[0m
@ptah-extension/agent-generation: [0m  [2m183:12[22m  [33mwarning[39m  Forbidden non-null assertion  [2m@typescript-eslint/no-non-null-assertion[22m[0m
@ptah-extension/agent-generation: [0m  [2m191:12[22m  [33mwarning[39m  Forbidden non-null assertion  [2m@typescript-eslint/no-non-null-assertion[22m[0m
@ptah-extension/agent-generation: [0m  [2m197:12[22m  [33mwarning[39m  Forbidden non-null assertion  [2m@typescript-eslint/no-non-null-assertion[22m[0m
@ptah-extension/agent-generation: [0m  [2m205:12[22m  [33mwarning[39m  Forbidden non-null assertion  [2m@typescript-eslint/no-non-null-assertion[22m[0m
@ptah-extension/agent-generation: [0m  [2m218:12[22m  [33mwarning[39m  Forbidden non-null assertion  [2m@typescript-eslint/no-non-null-assertion[22m[0m
@ptah-extension/agent-generation: [0m  [2m226:12[22m  [33mwarning[39m  Forbidden non-null assertion  [2m@typescript-eslint/no-non-null-assertion[22m[0m
@ptah-extension/agent-generation: [0m  [2m227:12[22m  [33mwarning[39m  Forbidden non-null assertion  [2m@typescript-eslint/no-non-null-assertion[22m[0m
@ptah-extension/agent-generation: [0m  [2m240:12[22m  [33mwarning[39m  Forbidden non-null assertion  [2m@typescript-eslint/no-non-null-assertion[22m[0m
@ptah-extension/agent-generation: [0m  [2m244:12[22m  [33mwarning[39m  Forbidden non-null assertion  [2m@typescript-eslint/no-non-null-assertion[22m[0m
@ptah-extension/agent-generation: [0m  [2m273:14[22m  [33mwarning[39m  Forbidden non-null assertion  [2m@typescript-eslint/no-non-null-assertion[22m[0m
@ptah-extension/agent-generation: [0m  [2m274:14[22m  [33mwarning[39m  Forbidden non-null assertion  [2m@typescript-eslint/no-non-null-assertion[22m[0m
@ptah-extension/agent-generation: [0m  [2m298:14[22m  [33mwarning[39m  Forbidden non-null assertion  [2m@typescript-eslint/no-non-null-assertion[22m[0m
@ptah-extension/agent-generation: [0m  [2m301:14[22m  [33mwarning[39m  Forbidden non-null assertion  [2m@typescript-eslint/no-non-null-assertion[22m[0m
@ptah-extension/agent-generation: [0m  [2m302:14[22m  [33mwarning[39m  Forbidden non-null assertion  [2m@typescript-eslint/no-non-null-assertion[22m[0m
@ptah-extension/agent-generation: [0m  [2m323:31[22m  [33mwarning[39m  Forbidden non-null assertion  [2m@typescript-eslint/no-non-null-assertion[22m[0m
@ptah-extension/agent-generation: [0m  [2m324:14[22m  [33mwarning[39m  Forbidden non-null assertion  [2m@typescript-eslint/no-non-null-assertion[22m[0m
@ptah-extension/agent-generation: [0m  [2m325:14[22m  [33mwarning[39m  Forbidden non-null assertion  [2m@typescript-eslint/no-non-null-assertion[22m[0m
@ptah-extension/agent-generation: [0m[0m
@ptah-extension/agent-generation: [0m[4mD:\projects\ptah-extension\libs\backend\agent-generation\src\lib\services\template-partial-resolver.ts[24m[0m
@ptah-extension/agent-generation: [0m  [2m170:25[22m  [33mwarning[39m  Forbidden non-null assertion  [2m@typescript-eslint/no-non-null-assertion[22m[0m
@ptah-extension/agent-generation: [0m  [2m172:19[22m  [33mwarning[39m  Forbidden non-null assertion  [2m@typescript-eslint/no-non-null-assertion[22m[0m
@ptah-extension/agent-generation: [0m  [2m185:27[22m  [33mwarning[39m  Forbidden non-null assertion  [2m@typescript-eslint/no-non-null-assertion[22m[0m
@ptah-extension/agent-generation: [0m  [2m190:9[22m   [33mwarning[39m  Forbidden non-null assertion  [2m@typescript-eslint/no-non-null-assertion[22m[0m
@ptah-extension/agent-generation: [0m  [2m194:27[22m  [33mwarning[39m  Forbidden non-null assertion  [2m@typescript-eslint/no-non-null-assertion[22m[0m
@ptah-extension/agent-generation: [0m  [2m196:20[22m  [33mwarning[39m  Forbidden non-null assertion  [2m@typescript-eslint/no-non-null-assertion[22m[0m
@ptah-extension/agent-generation: [0m[0m
@ptah-extension/agent-generation: [0m[4mD:\projects\ptah-extension\libs\backend\agent-generation\src\lib\services\template-sharing.guard.spec.ts[24m[0m
@ptah-extension/agent-generation: [0m  [2m960:29[22m  [33mwarning[39m  Forbidden non-null assertion  [2m@typescript-eslint/no-non-null-assertion[22m[0m
@ptah-extension/agent-generation: [0m  [2m962:33[22m  [33mwarning[39m  Forbidden non-null assertion  [2m@typescript-eslint/no-non-null-assertion[22m[0m
@ptah-extension/agent-generation: [0m[0m
@ptah-extension/agent-generation: [0m[4mD:\projects\ptah-extension\libs\backend\agent-generation\src\lib\services\template-storage.service.spec.ts[24m[0m
@ptah-extension/agent-generation: [0m  [2m136:27[22m  [33mwarning[39m  Unexpected any. Specify a different type  [2m@typescript-eslint/no-explicit-any[22m[0m
@ptah-extension/agent-generation: [0m  [2m137:26[22m  [33mwarning[39m  Unexpected any. Specify a different type  [2m@typescript-eslint/no-explicit-any[22m[0m
@ptah-extension/agent-generation: [0m  [2m138:26[22m  [33mwarning[39m  Unexpected any. Specify a different type  [2m@typescript-eslint/no-explicit-any[22m[0m
@ptah-extension/agent-generation: [0m  [2m139:27[22m  [33mwarning[39m  Unexpected any. Specify a different type  [2m@typescript-eslint/no-explicit-any[22m[0m
@ptah-extension/agent-generation: [0m  [2m140:36[22m  [33mwarning[39m  Unexpected any. Specify a different type  [2m@typescript-eslint/no-explicit-any[22m[0m
@ptah-extension/agent-generation: [0m  [2m141:26[22m  [33mwarning[39m  Unexpected any. Specify a different type  [2m@typescript-eslint/no-explicit-any[22m[0m
@ptah-extension/agent-generation: [0m  [2m142:29[22m  [33mwarning[39m  Unexpected any. Specify a different type  [2m@typescript-eslint/no-explicit-any[22m[0m
@ptah-extension/agent-generation: [0m  [2m147:32[22m  [33mwarning[39m  Unexpected any. Specify a different type  [2m@typescript-eslint/no-explicit-any[22m[0m
@ptah-extension/agent-generation: [0m  [2m148:38[22m  [33mwarning[39m  Unexpected any. Specify a different type  [2m@typescript-eslint/no-explicit-any[22m[0m
@ptah-extension/agent-generation: [0m  [2m149:36[22m  [33mwarning[39m  Unexpected any. Specify a different type  [2m@typescript-eslint/no-explicit-any[22m[0m
@ptah-extension/agent-generation: [0m  [2m150:35[22m  [33mwarning[39m  Unexpected any. Specify a different type  [2m@typescript-eslint/no-explicit-any[22m[0m
@ptah-extension/agent-generation: [0m  [2m151:27[22m  [33mwarning[39m  Unexpected any. Specify a different type  [2m@typescript-eslint/no-explicit-any[22m[0m
@ptah-extension/agent-generation: [0m  [2m152:30[22m  [33mwarning[39m  Unexpected any. Specify a different type  [2m@typescript-eslint/no-explicit-any[22m[0m
@ptah-extension/agent-generation: [0m  [2m153:35[22m  [33mwarning[39m  Unexpected any. Specify a different type  [2m@typescript-eslint/no-explicit-any[22m[0m
@ptah-extension/agent-generation: [0m  [2m158:21[22m  [33mwarning[39m  Unexpected any. Specify a different type  [2m@typescript-eslint/no-explicit-any[22m[0m
@ptah-extension/agent-generation: [0m  [2m159:21[22m  [33mwarning[39m  Unexpected any. Specify a different type  [2m@typescript-eslint/no-explicit-any[22m[0m
@ptah-extension/agent-generation: [0m  [2m160:49[22m  [33mwarning[39m  Unexpected any. Specify a different type  [2m@typescript-eslint/no-explicit-any[22m[0m
@ptah-extension/agent-generation: [0m  [2m172:12[22m  [33mwarning[39m  Unexpected any. Specify a different type  [2m@typescript-eslint/no-explicit-any[22m[0m
@ptah-extension/agent-generation: [0m  [2m183:25[22m  [33mwarning[39m  Forbidden non-null assertion              [2m@typescript-eslint/no-non-null-assertion[22m[0m
@ptah-extension/agent-generation: [0m  [2m195:74[22m  [33mwarning[39m  Unexpected any. Specify a different type  [2m@typescript-eslint/no-explicit-any[22m[0m
@ptah-extension/agent-generation: [0m  [2m231:70[22m  [33mwarning[39m  Unexpected any. Specify a different type  [2m@typescript-eslint/no-explicit-any[22m[0m
@ptah-extension/agent-generation: [0m  [2m251:12[22m  [33mwarning[39m  Unexpected any. Specify a different type  [2m@typescript-eslint/no-explicit-any[22m[0m
@ptah-extension/agent-generation: [0m  [2m270:25[22m  [33mwarning[39m  Forbidden non-null assertion              [2m@typescript-eslint/no-non-null-assertion[22m[0m
@ptah-extension/agent-generation: [0m  [2m282:12[22m  [33mwarning[39m  Unexpected any. Specify a different type  [2m@typescript-eslint/no-explicit-any[22m[0m
@ptah-extension/agent-generation: [0m  [2m311:24[22m  [33mwarning[39m  Forbidden non-null assertion              [2m@typescript-eslint/no-non-null-assertion[22m[0m
@ptah-extension/agent-generation: [0m  [2m452:12[22m  [33mwarning[39m  Unexpected any. Specify a different type  [2m@typescript-eslint/no-explicit-any[22m[0m
@ptah-extension/agent-generation: [0m  [2m466:25[22m  [33mwarning[39m  Forbidden non-null assertion              [2m@typescript-eslint/no-non-null-assertion[22m[0m
@ptah-extension/agent-generation: [0m  [2m480:25[22m  [33mwarning[39m  Forbidden non-null assertion              [2m@typescript-eslint/no-non-null-assertion[22m[0m
@ptah-extension/agent-generation: [0m  [2m498:14[22m  [33mwarning[39m  Forbidden non-null assertion              [2m@typescript-eslint/no-non-null-assertion[22m[0m
@ptah-extension/agent-generation: [0m  [2m498:42[22m  [33mwarning[39m  Forbidden non-null assertion              [2m@typescript-eslint/no-non-null-assertion[22m[0m
@ptah-extension/agent-generation: [0m  [2m499:14[22m  [33mwarning[39m  Forbidden non-null assertion              [2m@typescript-eslint/no-non-null-assertion[22m[0m
@ptah-extension/agent-generation: [0m  [2m499:42[22m  [33mwarning[39m  Forbidden non-null assertion              [2m@typescript-eslint/no-non-null-assertion[22m[0m
@ptah-extension/agent-generation: [0m  [2m508:25[22m  [33mwarning[39m  Forbidden non-null assertion              [2m@typescript-eslint/no-non-null-assertion[22m[0m
@ptah-extension/agent-generation: [0m  [2m519:74[22m  [33mwarning[39m  Unexpected any. Specify a different type  [2m@typescript-eslint/no-explicit-any[22m[0m
@ptah-extension/agent-generation: [0m  [2m537:74[22m  [33mwarning[39m  Unexpected any. Specify a different type  [2m@typescript-eslint/no-explicit-any[22m[0m
@ptah-extension/agent-generation: [0m  [2m556:12[22m  [33mwarning[39m  Unexpected any. Specify a different type  [2m@typescript-eslint/no-explicit-any[22m[0m
@ptah-extension/agent-generation: [0m  [2m641:14[22m  [33mwarning[39m  Forbidden non-null assertion              [2m@typescript-eslint/no-non-null-assertion[22m[0m
@ptah-extension/agent-generation: [0m  [2m661:14[22m  [33mwarning[39m  Forbidden non-null assertion              [2m@typescript-eslint/no-non-null-assertion[22m[0m
@ptah-extension/agent-generation: [0m  [2m681:14[22m  [33mwarning[39m  Forbidden non-null assertion              [2m@typescript-eslint/no-non-null-assertion[22m[0m
@ptah-extension/agent-generation: [0m  [2m701:14[22m  [33mwarning[39m  Forbidden non-null assertion              [2m@typescript-eslint/no-non-null-assertion[22m[0m
@ptah-extension/agent-generation: [0m  [2m765:34[22m  [33mwarning[39m  Unexpected any. Specify a different type  [2m@typescript-eslint/no-explicit-any[22m[0m
@ptah-extension/agent-generation: [0m  [2m766:40[22m  [33mwarning[39m  Unexpected any. Specify a different type  [2m@typescript-eslint/no-explicit-any[22m[0m
@ptah-extension/agent-generation: [0m  [2m767:38[22m  [33mwarning[39m  Unexpected any. Specify a different type  [2m@typescript-eslint/no-explicit-any[22m[0m
@ptah-extension/agent-generation: [0m  [2m768:37[22m  [33mwarning[39m  Unexpected any. Specify a different type  [2m@typescript-eslint/no-explicit-any[22m[0m
@ptah-extension/agent-generation: [0m  [2m769:29[22m  [33mwarning[39m  Unexpected any. Specify a different type  [2m@typescript-eslint/no-explicit-any[22m[0m
@ptah-extension/agent-generation: [0m  [2m770:32[22m  [33mwarning[39m  Unexpected any. Specify a different type  [2m@typescript-eslint/no-explicit-any[22m[0m
@ptah-extension/agent-generation: [0m  [2m771:37[22m  [33mwarning[39m  Unexpected any. Specify a different type  [2m@typescript-eslint/no-explicit-any[22m[0m
@ptah-extension/agent-generation: [0m  [2m778:15[22m  [33mwarning[39m  Unexpected any. Specify a different type  [2m@typescript-eslint/no-explicit-any[22m[0m
@ptah-extension/agent-generation: [0m  [2m779:28[22m  [33mwarning[39m  Unexpected any. Specify a different type  [2m@typescript-eslint/no-explicit-any[22m[0m
@ptah-extension/agent-generation: [0m  [2m780:28[22m  [33mwarning[39m  Unexpected any. Specify a different type  [2m@typescript-eslint/no-explicit-any[22m[0m
@ptah-extension/agent-generation: [0m  [2m781:29[22m  [33mwarning[39m  Unexpected any. Specify a different type  [2m@typescript-eslint/no-explicit-any[22m[0m
@ptah-extension/agent-generation: [0m  [2m782:38[22m  [33mwarning[39m  Unexpected any. Specify a different type  [2m@typescript-eslint/no-explicit-any[22m[0m
@ptah-extension/agent-generation: [0m  [2m783:28[22m  [33mwarning[39m  Unexpected any. Specify a different type  [2m@typescript-eslint/no-explicit-any[22m[0m
@ptah-extension/agent-generation: [0m  [2m784:31[22m  [33mwarning[39m  Unexpected any. Specify a different type  [2m@typescript-eslint/no-explicit-any[22m[0m
@ptah-extension/agent-generation: [0m  [2m787:27[22m  [33mwarning[39m  Unexpected any. Specify a different type  [2m@typescript-eslint/no-explicit-any[22m[0m
@ptah-extension/agent-generation: [0m  [2m788:26[22m  [33mwarning[39m  Unexpected any. Specify a different type  [2m@typescript-eslint/no-explicit-any[22m[0m
@ptah-extension/agent-generation: [0m  [2m789:55[22m  [33mwarning[39m  Unexpected any. Specify a different type  [2m@typescript-eslint/no-explicit-any[22m[0m
@ptah-extension/agent-generation: [0m  [2m823:61[22m  [33mwarning[39m  Unexpected any. Specify a different type  [2m@typescript-eslint/no-explicit-any[22m[0m
@ptah-extension/agent-generation: [0m  [2m828:19[22m  [33mwarning[39m  Forbidden non-null assertion              [2m@typescript-eslint/no-non-null-assertion[22m[0m
@ptah-extension/agent-generation: [0m  [2m836:12[22m  [33mwarning[39m  Unexpected any. Specify a different type  [2m@typescript-eslint/no-explicit-any[22m[0m
@ptah-extension/agent-generation: [0m  [2m861:64[22m  [33mwarning[39m  Unexpected any. Specify a different type  [2m@typescript-eslint/no-explicit-any[22m[0m
@ptah-extension/agent-generation: [0m[0m
@ptah-extension/agent-generation: [0m[4mD:\projects\ptah-extension\libs\backend\agent-generation\src\lib\services\template-storage.service.ts[24m[0m
@ptah-extension/agent-generation: [0m  [2m168:26[22m  [33mwarning[39m  Forbidden non-null assertion  [2m@typescript-eslint/no-non-null-assertion[22m[0m
@ptah-extension/agent-generation: [0m  [2m169:46[22m  [33mwarning[39m  Forbidden non-null assertion  [2m@typescript-eslint/no-non-null-assertion[22m[0m
@ptah-extension/agent-generation: [0m  [2m171:65[22m  [33mwarning[39m  Forbidden non-null assertion  [2m@typescript-eslint/no-non-null-assertion[22m[0m
@ptah-extension/agent-generation: [0m  [2m172:23[22m  [33mwarning[39m  Forbidden non-null assertion  [2m@typescript-eslint/no-non-null-assertion[22m[0m
@ptah-extension/agent-generation: [0m  [2m238:44[22m  [33mwarning[39m  Forbidden non-null assertion  [2m@typescript-eslint/no-non-null-assertion[22m[0m
@ptah-extension/agent-generation: [0m  [2m290:28[22m  [33mwarning[39m  Forbidden non-null assertion  [2m@typescript-eslint/no-non-null-assertion[22m[0m
@ptah-extension/agent-generation: [0m  [2m382:27[22m  [33mwarning[39m  Forbidden non-null assertion  [2m@typescript-eslint/no-non-null-assertion[22m[0m
@ptah-extension/agent-generation: [0m  [2m384:23[22m  [33mwarning[39m  Forbidden non-null assertion  [2m@typescript-eslint/no-non-null-assertion[22m[0m
@ptah-extension/agent-generation: [0m  [2m411:27[22m  [33mwarning[39m  Forbidden non-null assertion  [2m@typescript-eslint/no-non-null-assertion[22m[0m
@ptah-extension/agent-generation: [0m[0m
@ptah-extension/agent-generation: [0m[4mD:\projects\ptah-extension\libs\backend\agent-generation\src\lib\services\user-layer\user-layer-mirror.service.spec.ts[24m[0m
@ptah-extension/agent-generation: [0m  [2m754:34[22m  [33mwarning[39m  Forbidden non-null assertion  [2m@typescript-eslint/no-non-null-assertion[22m[0m
@ptah-extension/agent-generation: [0m  [2m802:34[22m  [33mwarning[39m  Forbidden non-null assertion  [2m@typescript-eslint/no-non-null-assertion[22m[0m
@ptah-extension/agent-generation: [0m[0m
@ptah-extension/agent-generation: [0m[4mD:\projects\ptah-extension\libs\backend\agent-generation\src\lib\services\user-layer\user-layer-mirror.service.ts[24m[0m
@ptah-extension/agent-generation: [0m  [2m960:1[22m  [33mwarning[39m  File has too many lines (1719). Maximum allowed is 700  [2mmax-lines[22m[0m
@ptah-extension/agent-generation: [0m[0m
@ptah-extension/agent-generation: [0m[4mD:\projects\ptah-extension\libs\backend\agent-generation\src\lib\services\wizard\analysis-schema.spec.ts[24m[0m
@ptah-extension/agent-generation: [0m  [2m737:14[22m  [33mwarning[39m  Forbidden non-null assertion              [2m@typescript-eslint/no-non-null-assertion[22m[0m
@ptah-extension/agent-generation: [0m  [2m740:14[22m  [33mwarning[39m  F
@ptah-extension/agent-generation: orbidden non-null assertion              [2m@typescript-eslint/no-non-null-assertion[22m[0m
@ptah-extension/agent-generation: [0m  [2m741:14[22m  [33mwarning[39m  Forbidden non-null assertion              [2m@typescript-eslint/no-non-null-assertion[22m[0m
@ptah-extension/agent-generation: [0m  [2m744:14[22m  [33mwarning[39m  Forbidden non-null assertion              [2m@typescript-eslint/no-non-null-assertion[22m[0m
@ptah-extension/agent-generation: [0m  [2m745:14[22m  [33mwarning[39m  Forbidden non-null assertion              [2m@typescript-eslint/no-non-null-assertion[22m[0m
@ptah-extension/agent-generation: [0m  [2m748:14[22m  [33mwarning[39m  Forbidden non-null assertion              [2m@typescript-eslint/no-non-null-assertion[22m[0m
@ptah-extension/agent-generation: [0m  [2m749:14[22m  [33mwarning[39m  Forbidden non-null assertion              [2m@typescript-eslint/no-non-null-assertion[22m[0m
@ptah-extension/agent-generation: [0m  [2m752:14[22m  [33mwarning[39m  Forbidden non-null assertion              [2m@typescript-eslint/no-non-null-assertion[22m[0m
@ptah-extension/agent-generation: [0m  [2m753:14[22m  [33mwarning[39m  Forbidden non-null assertion              [2m@typescript-eslint/no-non-null-assertion[22m[0m
@ptah-extension/agent-generation: [0m  [2m754:14[22m  [33mwarning[39m  Forbidden non-null assertion              [2m@typescript-eslint/no-non-null-assertion[22m[0m
@ptah-extension/agent-generation: [0m  [2m755:21[22m  [33mwarning[39m  Forbidden non-null assertion              [2m@typescript-eslint/no-non-null-assertion[22m[0m
@ptah-extension/agent-generation: [0m  [2m773:14[22m  [33mwarning[39m  Forbidden non-null assertion              [2m@typescript-eslint/no-non-null-assertion[22m[0m
@ptah-extension/agent-generation: [0m  [2m799:49[22m  [33mwarning[39m  Unexpected any. Specify a different type  [2m@typescript-eslint/no-explicit-any[22m[0m
@ptah-extension/agent-generation: [0m[0m
@ptah-extension/agent-generation: [0m[4mD:\projects\ptah-extension\libs\backend\agent-generation\src\lib\services\wizard\multi-phase-analysis.service.spec.ts[24m[0m
@ptah-extension/agent-generation: [0m  [2m236:22[22m  [33mwarning[39m  Forbidden non-null assertion  [2m@typescript-eslint/no-non-null-assertion[22m[0m
@ptah-extension/agent-generation: [0m  [2m270:12[22m  [33mwarning[39m  Forbidden non-null assertion  [2m@typescript-eslint/no-non-null-assertion[22m[0m
@ptah-extension/agent-generation: [0m  [2m286:19[22m  [33mwarning[39m  Forbidden non-null assertion  [2m@typescript-eslint/no-non-null-assertion[22m[0m
@ptah-extension/agent-generation: [0m  [2m290:12[22m  [33mwarning[39m  Forbidden non-null assertion  [2m@typescript-eslint/no-non-null-assertion[22m[0m
@ptah-extension/agent-generation: [0m  [2m308:19[22m  [33mwarning[39m  Forbidden non-null assertion  [2m@typescript-eslint/no-non-null-assertion[22m[0m
@ptah-extension/agent-generation: [0m  [2m332:19[22m  [33mwarning[39m  Forbidden non-null assertion  [2m@typescript-eslint/no-non-null-assertion[22m[0m
@ptah-extension/agent-generation: [0m  [2m336:12[22m  [33mwarning[39m  Forbidden non-null assertion  [2m@typescript-eslint/no-non-null-assertion[22m[0m
@ptah-extension/agent-generation: [0m  [2m337:12[22m  [33mwarning[39m  Forbidden non-null assertion  [2m@typescript-eslint/no-non-null-assertion[22m[0m
@ptah-extension/agent-generation: [0m  [2m355:22[22m  [33mwarning[39m  Forbidden non-null assertion  [2m@typescript-eslint/no-non-null-assertion[22m[0m
@ptah-extension/agent-generation: [0m  [2m412:24[22m  [33mwarning[39m  Forbidden non-null assertion  [2m@typescript-eslint/no-non-null-assertion[22m[0m
@ptah-extension/agent-generation: [0m  [2m455:21[22m  [33mwarning[39m  Forbidden non-null assertion  [2m@typescript-eslint/no-non-null-assertion[22m[0m
@ptah-extension/agent-generation: [0m  [2m486:14[22m  [33mwarning[39m  Forbidden non-null assertion  [2m@typescript-eslint/no-non-null-assertion[22m[0m
@ptah-extension/agent-generation: [0m  [2m515:14[22m  [33mwarning[39m  Forbidden non-null assertion  [2m@typescript-eslint/no-non-null-assertion[22m[0m
@ptah-extension/agent-generation: [0m  [2m537:21[22m  [33mwarning[39m  Forbidden non-null assertion  [2m@typescript-eslint/no-non-null-assertion[22m[0m
@ptah-extension/agent-generation: [0m  [2m542:14[22m  [33mwarning[39m  Forbidden non-null assertion  [2m@typescript-eslint/no-non-null-assertion[22m[0m
@ptah-extension/agent-generation: [0m  [2m561:14[22m  [33mwarning[39m  Forbidden non-null assertion  [2m@typescript-eslint/no-non-null-assertion[22m[0m
@ptah-extension/agent-generation: [0m  [2m562:14[22m  [33mwarning[39m  Forbidden non-null assertion  [2m@typescript-eslint/no-non-null-assertion[22m[0m
@ptah-extension/agent-generation: [0m  [2m591:14[22m  [33mwarning[39m  Forbidden non-null assertion  [2m@typescript-eslint/no-non-null-assertion[22m[0m
@ptah-extension/agent-generation: [0m  [2m615:14[22m  [33mwarning[39m  Forbidden non-null assertion  [2m@typescript-eslint/no-non-null-assertion[22m[0m
@ptah-extension/agent-generation: [0m  [2m632:14[22m  [33mwarning[39m  Forbidden non-null assertion  [2m@typescript-eslint/no-non-null-assertion[22m[0m
@ptah-extension/agent-generation: [0m  [2m648:14[22m  [33mwarning[39m  Forbidden non-null assertion  [2m@typescript-eslint/no-non-null-assertion[22m[0m
@ptah-extension/agent-generation: [0m  [2m660:14[22m  [33mwarning[39m  Forbidden non-null assertion  [2m@typescript-eslint/no-non-null-assertion[22m[0m
@ptah-extension/agent-generation: [0m[0m
@ptah-extension/agent-generation: [0m[4mD:\projects\ptah-extension\libs\backend\agent-generation\src\lib\services\wizard\multi-phase-analysis.service.ts[24m[0m
@ptah-extension/agent-generation: [0m  [2m890:1[22m  [33mwarning[39m  File has too many lines (775). Maximum allowed is 700  [2mmax-lines[22m[0m
@ptah-extension/agent-generation: [0m[0m
@ptah-extension/agent-generation: [0m[4mD:\projects\ptah-extension\libs\backend\agent-generation\src\lib\types\analysis.types.ts[24m[0m
@ptah-extension/agent-generation: [0m  [2m13:3[22m  [33mwarning[39m  'Framework' is defined but never used. Allowed unused vars must match /^_/u  [2m@typescript-eslint/no-unused-vars[22m[0m
@ptah-extension/agent-generation: [0m[0m
@ptah-extension/agent-generation: [0m[4mD:\projects\ptah-extension\libs\backend\agent-generation\src\lib\types\core.types.spec.ts[24m[0m
@ptah-extension/agent-generation: [0m  [2m11:3[22m  [33mwarning[39m  'LlmSection' is defined but never used. Allowed unused vars must match /^_/u        [2m@typescript-eslint/no-unused-vars[22m[0m
@ptah-extension/agent-generation: [0m  [2m13:3[22m  [33mwarning[39m  'TechStackSummary' is defined but never used. Allowed unused vars must match /^_/u  [2m@typescript-eslint/no-unused-vars[22m[0m
@ptah-extension/agent-generation: [0m  [2m14:3[22m  [33mwarning[39m  'CodeConventions' is defined but never used. Allowed unused vars must match /^_/u   [2m@typescript-eslint/no-unused-vars[22m[0m
@ptah-extension/agent-generation: [0m  [2m15:3[22m  [33mwarning[39m  'LlmCustomization' is defined but never used. Allowed unused vars must match /^_/u  [2m@typescript-eslint/no-unused-vars[22m[0m
@ptah-extension/agent-generation: [0m  [2m20:3[22m  [33mwarning[39m  'ValidationIssue' is defined but never used. Allowed unused vars must match /^_/u   [2m@typescript-eslint/no-unused-vars[22m[0m
@ptah-extension/agent-generation: [0m[0m
@ptah-extension/agent-generation: [0m[4mD:\projects\ptah-extension\libs\backend\agent-generation\src\lib\types\core.types.ts[24m[0m
@ptah-extension/agent-generation: [0m  [2m13:3[22m  [33mwarning[39m  'Framework' is defined but never used. Allowed unused vars must match /^_/u  [2m@typescript-eslint/no-unused-vars[22m[0m
@ptah-extension/agent-generation: [0m[0m
@ptah-extension/agent-generation: [0m[33m[1m✖ 430 problems (0 errors, 430 warnings)[22m[39m[0m
@ptah-extension/agent-generation: [0m[33m[1m[22m[39m[33m[1m  0 errors and 2 warnings potentially fixable with the `--fix` option.[22m[39m[0m
@ptah-extension/agent-generation: [0m[33m[1m[22m[39m[0m
@ptah-extension/agent-generation: ✖ 430 problems (0 errors, 430 warnings)
@ptah-extension/agent-generation:   0 errors and 2 warnings are potentially fixable with the `--fix` option.

> nx run @ptah-extension/output-styles:test

@ptah-extension/output-styles: (node:13620) Warning: The 'NO_COLOR' env is ignored due to the 'FORCE_COLOR' env being 
set.
@ptah-extension/output-styles: (Use `node --trace-warnings ...` to show where the warning was created)
@ptah-extension/output-styles: (node:31220) Warning: The 'NO_COLOR' env is ignored due to the 'FORCE_COLOR' env being 
set.
@ptah-extension/output-styles: (Use `node --trace-warnings ...` to show where the warning was created)
@ptah-extension/output-styles: (node:29164) Warning: The 'NO_COLOR' env is ignored due to the 'FORCE_COLOR' env being 
set.
@ptah-extension/output-styles: (Use `node --trace-warnings ...` to show where the warning was created)
@ptah-extension/output-styles: (node:21568) Warning: The 'NO_COLOR' env is ignored due to the 'FORCE_COLOR' env being 
set.
@ptah-extension/output-styles: (Use `node --trace-warnings ...` to show where the warning was created)
@ptah-extension/output-styles: (node:36592) Warning: The 'NO_COLOR' env is ignored due to the 'FORCE_COLOR' env being 
set.
@ptah-extension/output-styles: (Use `node --trace-warnings ...` to show where the warning was created)
@ptah-extension/output-styles: (node:2612) Warning: The 'NO_COLOR' env is ignored due to the 'FORCE_COLOR' env being 
set.
@ptah-extension/output-styles: (Use `node --trace-warnings ...` to show where the warning was created)
@ptah-extension/output-styles: (node:23924) Warning: The 'NO_COLOR' env is ignored due to the 'FORCE_COLOR' env being 
set.
@ptah-extension/output-styles: (Use `node --trace-warnings ...` to show where the warning was created)
@ptah-extension/output-styles: (node:19040) Warning: The 'NO_COLOR' env is ignored due to the 'FORCE_COLOR' env being 
set.
@ptah-extension/output-styles: (Use `node --trace-warnings ...` to show where the warning was created)
@ptah-extension/output-styles: (node:4584) Warning: The 'NO_COLOR' env is ignored due to the 'FORCE_COLOR' env being 
set.
@ptah-extension/output-styles: (Use `node --trace-warnings ...` to show where the warning was created)
@ptah-extension/output-styles: (node:12992) Warning: The 'NO_COLOR' env is ignored due to the 'FORCE_COLOR' env being 
set.
@ptah-extension/output-styles: (Use `node --trace-warnings ...` to show where the warning was created)
@ptah-extension/output-styles: (node:33068) Warning: The 'NO_COLOR' env is ignored due to the 'FORCE_COLOR' env being 
set.
@ptah-extension/output-styles: (Use `node --trace-warnings ...` to show where the warning was created)
@ptah-extension/output-styles: (node:33896) Warning: The 'NO_COLOR' env is ignored due to the 'FORCE_COLOR' env being 
set.
@ptah-extension/output-styles: (Use `node --trace-warnings ...` to show where the warning was created)
@ptah-extension/output-styles: (node:31856) Warning: The 'NO_COLOR' env is ignored due to the 'FORCE_COLOR' env being 
set.
@ptah-extension/output-styles: (Use `node --trace-warnings ...` to show where the warning was created)
@ptah-extension/output-styles: (node:27604) Warning: The 'NO_COLOR' env is ignored due to the 'FORCE_COLOR' env being 
set.
@ptah-extension/output-styles: (Use `node --trace-warnings ...` to show where the warning was created)
@ptah-extension/output-styles: [1mTest Suites: [22m[1m[32m9 passed[39m[22m, 9 total
@ptah-extension/output-styles: [1mTests:       [22m[1m[32m250 passed[39m[22m, 250 total
@ptah-extension/output-styles: [1mSnapshots:   [22m0 total
@ptah-extension/output-styles: [1mTime:[22m        20.276 s
@ptah-extension/output-styles: [2mRan all test suites[22m[2m.[22m

> nx run api-identity:test

api-identity: (node:30596) Warning: The 'NO_COLOR' env is ignored due to the 'FORCE_COLOR' env being set.
api-identity: (Use `node --trace-warnings ...` to show where the warning was created)
api-identity: (node:3340) Warning: The 'NO_COLOR' env is ignored due to the 'FORCE_COLOR' env being set.
api-identity: (Use `node --trace-warnings ...` to show where the warning was created)
api-identity: (node:13080) Warning: The 'NO_COLOR' env is ignored due to the 'FORCE_COLOR' env being set.
api-identity: (Use `node --trace-warnings ...` to show where the warning was created)
api-identity: (node:38096) Warning: The 'NO_COLOR' env is ignored due to the 'FORCE_COLOR' env being set.
api-identity: (Use `node --trace-warnings ...` to show where the warning was created)
api-identity: (node:21008) Warning: The 'NO_COLOR' env is ignored due to the 'FORCE_COLOR' env being set.
api-identity: (Use `node --trace-warnings ...` to show where the warning was created)
api-identity: (node:39860) Warning: The 'NO_COLOR' env is ignored due to the 'FORCE_COLOR' env being set.
api-identity: (Use `node --trace-warnings ...` to show where the warning was created)
api-identity: (node:25892) Warning: The 'NO_COLOR' env is ignored due to the 'FORCE_COLOR' env being set.
api-identity: (Use `node --trace-warnings ...` to show where the warning was created)
api-identity: (node:3460) Warning: The 'NO_COLOR' env is ignored due to the 'FORCE_COLOR' env being set.
api-identity: (Use `node --trace-warnings ...` to show where the warning was created)
api-identity: (node:1784) Warning: The 'NO_COLOR' env is ignored due to the 'FORCE_COLOR' env being set.
api-identity: (Use `node --trace-warnings ...` to show where the warning was created)
api-identity: [Nest] 21008  - 04/24/2026, 3:00:00 PM   DEBUG [PkceService] Generated PKCE state: 3a922ad9... (expires in 5 min)
api-identity: [Nest] 21008  - 04/24/2026, 3:00:00 PM   DEBUG [PkceService] Generated PKCE state: 90d40ef9... (expires in 5 min)
api-identity: [Nest] 21008  - 04/24/2026, 3:00:00 PM   DEBUG [PkceService] Generated PKCE state: 0c48b7c8... (expires in 5 min)
api-identity: [Nest] 21008  - 04/24/2026, 3:00:00 PM   DEBUG [PkceService] Generated PKCE state: e0944c21... (expires in 5 min)
api-identity: [Nest] 21008  - 04/24/2026, 3:00:00 PM   DEBUG [PkceService] Generated PKCE state: 0fae2541... (expires in 5 min)
api-identity: [Nest] 21008  - 04/24/2026, 3:00:00 PM   DEBUG [PkceService] Generated PKCE state: d836802b... (expires in 5 min)
api-identity: [Nest] 21008  - 04/24/2026, 3:00:00 PM   DEBUG [PkceService] Generated PKCE state: 53eb78d7... (expires in 5 min)
api-identity: [Nest] 21008  - 04/24/2026, 3:00:00 PM   DEBUG [PkceService] Generated PKCE state: bfe80f61... (expires in 5 min)
api-identity: [Nest] 21008  - 04/24/2026, 3:00:00 PM   DEBUG [PkceService] Generated PKCE state: ad20e843... (expires in 5 min)
api-identity: [Nest] 21008  - 04/24/2026, 3:00:00 PM   DEBUG [PkceService] Generated PKCE state: eb816f86... (expires in 5 min)
api-identity: [Nest] 21008  - 04/24/2026, 3:00:00 PM   DEBUG [PkceService] Generated PKCE state: 7191db29... (expires in 5 min)
api-identity: [Nest] 21008  - 04/24/2026, 3:00:00 PM   DEBUG [PkceService] Generated PKCE state: 877808c5... (expires in 5 min)
api-identity: [Nest] 21008  - 04/24/2026, 3:00:00 PM   DEBUG [PkceService] Generated PKCE state: 850e701c... (expires in 5 min)
api-identity: [Nest] 21008  - 04/24/2026, 3:00:00 PM   DEBUG [PkceService] Generated PKCE state: 41471ba7... (expires in 5 min)
api-identity: [Nest] 21008  - 04/24/2026, 3:00:00 PM   DEBUG [PkceService] Generated PKCE state: bd27b374... (expires in 5 min)
api-identity: [Nest] 21008  - 04/24/2026, 3:00:00 PM   DEBUG [PkceService] Generated PKCE state: 48219072... (expires in 5 min)
api-identity: [Nest] 21008  - 04/24/2026, 3:00:00 PM   DEBUG [PkceService] Generated PKCE state: ce9c9f2e... (expires in 5 min)
api-identity: [Nest] 21008  - 04/24/2026, 3:00:00 PM   DEBUG [PkceService] Generated PKCE state: 0fda0fe3... (expires in 5 min)
api-identity: [Nest] 21008  - 04/24/2026, 3:00:00 PM   DEBUG [PkceService] Generated PKCE state: cc2fce90... (expires in 5 min)
api-identity: [Nest] 21008  - 04/24/2026, 3:00:00 PM   DEBUG [PkceService] Generated PKCE state: a8d88258... (expires in 5 min)
api-identity: [Nest] 21008  - 04/24/2026, 3:00:00 PM   DEBUG [PkceService] Generated PKCE state: d31126f2... (expires in 5 min)
api-identity: [Nest] 21008  - 04/24/2026, 3:00:00 PM   DEBUG [PkceService] Generated PKCE state: 076a82b2... (expires in 5 min)
api-identity: [Nest] 21008  - 04/24/2026, 3:00:00 PM   DEBUG [PkceService] Generated PKCE state: 40659941... (expires in 5 min)
api-identity: [Nest] 21008  - 04/24/2026, 3:00:00 PM   DEBUG [PkceService] Generated PKCE state: bb98261b... (expires in 5 min)
api-identity: [Nest] 21008  - 04/24/2026, 3:00:00 PM   DEBUG [PkceService] Generated PKCE state: da100251... (expires in 5 min)
api-identity: [Nest] 21008  - 04/24/2026, 3:00:00 PM   DEBUG [PkceService] Generated PKCE state: 818a2446... (expires in 5 min)
api-identity: [Nest] 21008  - 04/24/2026, 3:00:00 PM   DEBUG [PkceService] Generated PKCE state: a759521d... (expires in 5 min)
api-identity: [Nest] 21008  - 04/24/2026, 3:00:00 PM   DEBUG [PkceService] Generated PKCE state: 39a79d18... (expires in 5 min)
api-identity: [Nest] 21008  - 04/24/2026, 3:00:00 PM   DEBUG [PkceService] Generated PKCE state: 134a9d51... (expires in 5 min)
api-identity: [Nest] 21008  - 04/24/2026, 3:00:00 PM   DEBUG [PkceService] Generated PKCE state: e95f0b23... (expires in 5 min)
api-identity: [Nest] 21008  - 04/24/2026, 3:00:00 PM   DEBUG [PkceService] Generated PKCE state: 19ce54c8... (expires in 5 min)
api-identity: [Nest] 21008  - 04/24/2026, 3:00:00 PM   DEBUG [PkceService] Generated PKCE state: 761d3754... (expires in 5 min)
api-identity: [Nest] 21008  - 04/24/2026, 3:00:00 PM   DEBUG [PkceService] Generated PKCE state: 002d3d96... (expires in 5 min)
api-identity: [Nest] 21008  - 04/24/2026, 3:00:00 PM   DEBUG [PkceService] Generated PKCE state: 941c22d3... (expires in 5 min)
api-identity: [Nest] 21008  - 04/24/2026, 3:00:00 PM   DEBUG [PkceService] Generated PKCE state: ed4e1cfc... (expires in 5 min)
api-identity: [Nest] 21008  - 04/24/2026, 3:00:00 PM   DEBUG [PkceService] Generated PKCE state: d8c8b25f... (expires in 5 min)
api-identity: [Nest] 21008  - 04/24/2026, 3:00:00 PM   DEBUG [PkceService] Generated PKCE state: d29259ad... (expires in 5 min)
api-identity: [Nest] 21008  - 04/24/2026, 3:00:00 PM   DEBUG [PkceService] Generated PKCE state: a11721e0... (expires in 5 min)
api-identity: [Nest] 21008  - 04/24/2026, 3:00:00 PM   DEBUG [PkceService] Generated PKCE state: 677e3f3d... (expires in 5 min)
api-identity: [Nest] 21008  - 04/24/2026, 3:00:00 PM   DEBUG [PkceService] Generated PKCE state: 7364f94f... (expires in 5 min)
api-identity: [Nest] 21008  - 04/24/2026, 3:00:00 PM   DEBUG [PkceService] Generated PKCE state: 00659340... (expires in 5 min)
api-identity: [Nest] 21008  - 04/24/2026, 3:00:00 PM   DEBUG [PkceService] Generated PKCE state: e0bedf9f... (expires in 5 min)
api-identity: [Nest] 21008  - 04/24/2026, 3:00:00 PM   DEBUG [PkceService] Generated PKCE state: a7e57152... (expires in 5 min)
api-identity: [Nest] 21008  - 04/24/2026, 3:00:00 PM   DEBUG [PkceService] Generated PKCE state: 05183a37... (expires in 5 min)
api-identity: [Nest] 21008  - 04/24/2026, 3:00:00 PM   DEBUG [PkceService] Generated PKCE state: 4fe86873... (expires in 5 min)
api-identity: [Nest] 21008  - 04/24/2026, 3:00:00 PM   DEBUG [PkceService] Generated PKCE state: 1baf36d4... (expires in 5 min)
api-identity: [Nest] 21008  - 04/24/2026, 3:00:00 PM   DEBUG [PkceService] Generated PKCE state: 949eafd4... (expires in 5 min)
api-identity: [Nest] 21008  - 04/24/2026, 3:00:00 PM   DEBUG [PkceService] Generated PKCE state: 74b73ac7... (expires in 5 min)
api-identity: [Nest] 21008  - 04/24/2026, 3:00:00 PM   DEBUG [PkceService] Generated PKCE state: a0c7cbe3... (expires in 5 min)
api-identity: [Nest] 21008  - 04/24/2026, 3:00:00 PM   DEBUG [PkceService] Generated PKCE state: 9cb36cdb... (expires in 5 min)
api-identity: [Nest] 21008  - 04/24/2026, 3:00:00 PM   DEBUG [PkceService] Generated PKCE state: 21c36a77... (expires in 5 min)
api-identity: [Nest] 21008  - 04/24/2026, 3:00:00 PM   DEBUG [PkceService] Generated PKCE state: 6389ad90... (expires in 5 min)
api-identity: [Nest] 21008  - 04/24/2026, 3:00:00 PM   DEBUG [PkceService] Generated PKCE state: b282fc36... (expires in 5 min) returnUrl=https://ptah.live/dashboard plan=pro-monthly
api-identity: [Nest] 21008  - 04/24/2026, 3:00:00 PM   DEBUG [PkceService] Consumed PKCE state: b282fc36... (remaining: 0)
api-identity: [Nest] 21008  - 04/24/2026, 3:00:00 PM   DEBUG [PkceService] Generated PKCE state: 7685a18d... (expires in 5 min)
api-identity: [Nest] 21008  - 04/24/2026, 3:00:00 PM   DEBUG [PkceService] Consumed PKCE state: 7685a18d... (remaining: 0)
api-identity: [Nest] 21008  - 04/24/2026, 3:00:00 PM   DEBUG [PkceService] Generated PKCE state: 5a034312... (expires in 5 min)
api-identity: [Nest] 21008  - 04/24/2026, 3:00:00 PM   DEBUG [PkceService] Consumed PKCE state: 5a034312... (remaining: 0)
api-identity: [Nest] 21008  - 04/24/2026, 3:00:00 PM   DEBUG [PkceService] Generated PKCE state: c25c643f... (expires in 5 min)
api-identity: [Nest] 21008  - 04/24/2026, 3:00:00 PM   DEBUG [PkceService] Consumed PKCE state: c25c643f... (remaining: 0)
api-identity: [Nest] 21008  - 04/24/2026, 3:00:00 PM    WARN [PkceService] Invalid PKCE state: c25c643f...
api-identity: [Nest] 21008  - 04/24/2026, 3:00:00 PM    WARN [PkceService] Invalid PKCE state: not-a-re...
api-identity: [Nest] 21008  - 04/24/2026, 3:00:00 PM    WARN [PkceService] Invalid PKCE state: ...
api-identity: [Nest] 21008  - 04/24/2026, 3:00:00 PM   DEBUG [PkceService] Generated PKCE state: e41c253b... (expires in 5 min)
api-identity: [Nest] 21008  - 04/24/2026, 3:00:00 PM   DEBUG [PkceService] Generated PKCE state: 69aa91f9... (expires in 5 min)
api-identity: [Nest] 21008  - 04/24/2026, 3:00:00 PM   DEBUG [PkceService] Consumed PKCE state: e41c253b... (remaining: 1)
api-identity: [Nest] 21008  - 04/24/2026, 3:00:00 PM   DEBUG [PkceService] Generated PKCE state: 3bb6b08b... (expires in 5 min)
api-identity: [Nest] 21008  - 04/24/2026, 3:04:59 PM   DEBUG [PkceService] Consumed PKCE state: 3bb6b08b... (remaining: 0)
api-identity: [Nest] 21008  - 04/24/2026, 3:00:00 PM   DEBUG [PkceService] Generated PKCE state: 3f1229b2... (expires in 5 min)
api-identity: [Nest] 21008  - 04/24/2026, 3:05:00 PM    WARN [PkceService] Expired PKCE state: 3f1229b2...
api-identity: [Nest] 21008  - 04/24/2026, 3:00:00 PM   DEBUG [PkceService] Generated PKCE state: a6a50697... (expires in 5 min)
api-identity: [Nest] 21008  - 04/24/2026, 3:05:00 PM    WARN [PkceService] Expired PKCE state: a6a50697...
api-identity: [Nest] 21008  - 04/24/2026, 3:05:00 PM    WARN [PkceService] Invalid PKCE state: a6a50697...
api-identity: [Nest] 21008  - 04/24/2026, 3:00:00 PM   DEBUG [PkceService] Generated PKCE state: 3f70fa2a... (expires in 5 min)
api-identity: [Nest] 21008  - 04/24/2026, 3:00:00 PM   DEBUG [PkceService] Generated PKCE state: 77860c25... (expires in 5 min)
api-identity: [Nest] 21008  - 04/24/2026, 3:06:00 PM   DEBUG [PkceService] Cleaned up 2 expired PKCE states
api-identity: [Nest] 21008  - 04/24/2026, 3:06:00 PM    WARN [PkceService] Invalid PKCE state: 3f70fa2a...
api-identity: [Nest] 21008  - 04/24/2026, 3:06:00 PM    WARN [PkceService] Invalid PKCE state: 77860c25...
api-identity: [Nest] 3340  - 04/24/2026, 3:00:00 PM     LOG [MagicLinkService] MagicLinkService initialized with TTL: 120000ms
api-identity: [Nest] 3340  - 04/24/2026, 3:00:00 PM     LOG [MagicLinkService] Magic link CREATED: token=386becb0...4416d63c (length: 64), expires in 120000ms, total tokens in storage: 1
api-identity: [Nest] 3340  - 04/24/2026, 3:00:00 PM     LOG [MagicLinkService] MagicLinkService initialized with TTL: 120000ms
api-identity: [Nest] 3340  - 04/24/2026, 3:00:00 PM     LOG [MagicLinkService] Magic link CREATED: token=cf033583...b6f14644 (length: 64), expires in 120000ms, total tokens in storage: 1
api-identity: [Nest] 3340  - 04/24/2026, 3:00:00 PM     LOG [MagicLinkService] Magic link CREATED: token=7ce922a3...0aa2e38b (length: 64), expires in 120000ms, total tokens in storage: 2
api-identity: [Nest] 3340  - 04/24/2026, 3:00:00 PM     LOG [MagicLinkService] Magic link CREATED: token=1d02abc9...52600995 (length: 64), expires in 120000ms, total tokens in storage: 3
api-identity: [Nest] 3340  - 04/24/2026, 3:00:00 PM     LOG [MagicLinkService] Magic link CREATED: token=ae910628...2e39e9d0 (length: 64), expires in 120000ms, total tokens in storage: 4
api-identity: [Nest] 3340  - 04/24/2026, 3:00:00 PM     LOG [MagicLinkService] Magic link CREATED: token=239e4c56...331b731c (length: 64), expires in 120000ms, total tokens in storage: 5
api-identity: [Nest] 3340  - 04/24/2026, 3:00:00 PM     LOG [MagicLinkService] Magic link CREATED: token=1fcf69c2...a68e9b98 (length: 64), expires in 120000ms, total tokens in storage: 6
api-identity: [Nest] 3340  - 04/24/2026, 3:00:00 PM     LOG [MagicLinkService] Magic link CREATED: token=ce6049f0...691e5c2e (length: 64), expires in 120000ms, total tokens in storage: 7
api-identity: [Nest] 3340  - 04/24/2026, 3:00:00 PM     LOG [MagicLinkService] Magic link CREATED: token=3e04b8df...de4098a9 (length: 64), expires in 120000ms, total tokens in storage: 8
api-identity: [Nest] 3340  - 04/24/2026, 3:00:00 PM     LOG [MagicLinkService] Magic link CREATED: token=77becb51...eabaaab8 (length: 64), expires in 120000ms, total tokens in storage: 9
api-identity: [Nest] 3340  - 04/24/2026, 3:00:00 PM     LOG [MagicLinkService] Magic link CREATED: token=0f07624c...c309fe50 (length: 64), expires in 120000ms, total tokens in storage: 10
api-identity: [Nest] 3340  - 04/24/2026, 3:00:00 PM     LOG [MagicLinkService] Magic link CREATED: token=cc27a2a9...6e7441e5 (length: 64), expires in 120000ms, total tokens in storage: 11
api-identity: [Nest] 3340  - 04/24/2026, 3:00:00 PM     LOG [MagicLinkService] Magic link CREATED: token=c9546029...579ef6f6 (length: 64), expires in 120000ms, total tokens in storage: 12
api-identity: [Nest] 3340  - 04/24/2026, 3:00:00 PM     LOG [MagicLinkService] Magic link CREATED: token=1e07f8a9...2dff4490 (length: 64), expires in 120000ms, total tokens in storage: 13
api-identity: [Nest] 3340  - 04/24/2026, 3:00:00 PM     LOG [MagicLinkService] Magic link CREATED: token=d58c5183...86604357 (length: 64), expires in 120000ms, total tokens in storage: 14
api-identity: [Nest] 3340  - 04/24/2026, 3:00:00 PM     LOG [MagicLinkService] Magic link CREATED: token=3dc8004a...2befbaa6 (length: 64), expires in 120000ms, total tokens in storage: 15
api-identity: [Nest] 3340  - 04/24/2026, 3:00:00 PM     LOG [MagicLinkService] Magic link CREATED: token=18c6ef85...199887c2 (length: 64), expires in 120000ms, total tokens in storage: 16
api-identity: [Nest] 3340  - 04/24/2026, 3:00:00 PM     LOG [MagicLinkService] Magic link CREATED: token=dce5a821...71a74d77 (length: 64), expires in 120000ms, total tokens in storage: 17
api-identity: [Nest] 3340  - 04/24/2026, 3:00:00 PM     LOG [MagicLinkService] Magic link CREATED: token=dc391f37...9cb60ba4 (length: 64), expires in 120000ms, total tokens in storage: 18
api-identity: [Nest] 3340  - 04/24/2026, 3:00:00 PM     LOG [MagicLinkService] Magic link CREATED: token=64d08d6d...e128c56f (length: 64), expires in 120000ms, total tokens in storage: 19
api-identity: [Nest] 3340  - 04/24/2026, 3:00:00 PM     LOG [MagicLinkService] Magic link CREATED: token=8eb71e89...9a5cf887 (length: 64), expires in 120000ms, total tokens in storage: 20
api-identity: [Nest] 3340  - 04/24/2026, 3:00:00 PM     LOG [MagicLinkService] Magic link CREATED: token=d99bd980...e12e2238 (length: 64), expires in 120000ms, total tokens in storage: 21
api-identity: [Nest] 3340  - 04/24/2026, 3:00:00 PM     LOG [MagicLinkService] Magic link CREATED: token=bf6fd168...0422d6ed (length: 64), expires in 120000ms, total tokens in storage: 22
api-identity: [Nest] 3340  - 04/24/2026, 3:00:00 PM     LOG [MagicLinkService] Magic link CREATED: token=de360624...59e8158e (length: 64), expires in 120000ms, total tokens in storage: 23
api-identity: [Nest] 3340  - 04/24/2026, 3:00:00 PM     LOG [MagicLinkService] Magic link CREATED: token=2847e400...11fe7f36 (length: 64), expires in 120000ms, total tokens in storage: 24
api-identity: [Nest] 3340  - 04/24/2026, 3:00:00 PM     LOG [MagicLinkService] Magic link CREATED: token=bb882e4a...a7f25f05 (length: 64), expires in 120000ms, total tokens in storage: 25
api-identity: [Nest] 3340  - 04/24/2026, 3:00:00 PM     LOG [MagicLinkService] Magic link CREATED: token=b304e3ac...7d4318f7 (length: 64), expires in 120000ms, total tokens in storage: 26
api-identity: [Nest] 3340  - 04/24/2026, 3:00:00 PM     LOG [MagicLinkService] Magic link CREATED: token=97629eeb...fea5635b (length: 64), expires in 120000ms, total tokens in storage: 27
api-identity: [Nest] 3340  - 04/24/2026, 3:00:00 PM     LOG [MagicLinkService] Magic link CREATED: token=17a2b11b...6c1672dc (length: 64), expires in 120000ms, total tokens in storage: 28
api-identity: [Nest] 3340  - 04/24/2026, 3:00:00 PM     LOG [MagicLinkService] Magic link CREATED: token=d6750f34...9e2ae694 (length: 64), expires in 120000ms, total tokens in storage: 29
api-identity: [Nest] 3340  - 04/24/2026, 3:00:00 PM     LOG [MagicLinkService] Magic link CREATED: token=ee528e3a...2186f78f (length: 64), expires in 120000ms, total tokens in storage: 30
api-identity: [Nest] 3340  - 04/24/2026, 3:00:00 PM     LOG [MagicLinkService] Magic link CREATED: token=3d4ee86a...f88fa3e9 (length: 64), expires in 120000ms, total tokens in storage: 31
api-identity: [Nest] 3340  - 04/24/2026, 3:00:00 PM     LOG [MagicLinkService] Magic link CREATED: token=0aa5cdda...dd23ac2c (length: 64), expires in 120000ms, total tokens in storage: 32
api-identity: [Nest] 3340  - 04/24/2026, 3:00:00 PM     LOG [MagicLinkService] Magic link CREATED: token=8fd33f4a...9eb2ee3c (length: 64), expires in 120000ms, total tokens in storage: 33
api-identity: [Nest] 3340  - 04/24/2026, 3:00:00 PM     LOG [MagicLinkService] Magic link CREATED: token=07eef48d...01121d3f (length: 64), expires in 120000ms, total tokens in storage: 34
api-identity: [Nest] 3340  - 04/24/2026, 3:00:00 PM     LOG [MagicLinkService] Magic link CREATED: token=180bdf73...5d34815b (length: 64), expires in 120000ms, total tokens in storage: 35
api-identity: [Nest] 3340  - 04/24/2026, 3:00:00 PM     LOG [MagicLinkService] Magic link CREATED: token=37bfb1b8...af12eba1 (length: 64), expires in 120000ms, total tokens in storage: 36
api-identity: [Nest] 3340  - 04/24/2026, 3:00:00 PM     LOG [MagicLinkService] Magic link CREATED: token=1fdfc27e...e0788f70 (length: 64), expires in 120000ms, total tokens in storage: 37
api-identity: [Nest] 3340  - 04/24/2026, 3:00:00 PM     LOG [MagicLinkService] Magic link CREATED: token=f947f9e2...5f36740f (length: 64), expires in 120000ms, total tokens in storage: 38
api-identity: [Nest] 3340  - 04/24/2026, 3:00:00 PM     LOG [MagicLinkService] Magic link CREATED: token=412bced4...296df7a2 (length: 64), expires in 120000ms, total tokens in storage: 39
api-identity: [Nest] 3340  - 04/24/2026, 3:00:00 PM     LOG [MagicLinkService] Magic link CREATED: token=86d840f8...dd3d9062 (length: 64), expires in 120000ms, total tokens in storage: 40
api-identity: [Nest] 3340  - 04/24/2026, 3:00:00 PM     LOG [MagicLinkService] Magic link CREATED: token=d06262e1...aa4c06bc (length: 64), expires in 120000ms, total tokens in storage: 41
api-identity: [Nest] 3340  - 04/24/2026, 3:00:00 PM     LOG [MagicLinkService] Magic link CREATED: token=0e44f067...326ea834 (length: 64), expires in 120000ms, total tokens in storage: 42
api-identity: [Nest] 3340  - 04/24/2026, 3:00:00 PM     LOG [MagicLinkService] Magic link CREATED: token=e2e5ce94...e352556a (length: 64), expires in 120000ms, total tokens in storage: 43
api-identity: [Nest] 3340  - 04/24/2026, 3:00:00 PM     LOG [MagicLinkService] Magic link CREATED: token=f909e626...ca11ab24 (length: 64), expires in 120000ms, total tokens in storage: 44
api-identity: [Nest] 3340  - 04/24/2026, 3:00:00 PM     LOG [MagicLinkService] Magic link CREATED: token=3dfe3c64...aa8d59c2 (length: 64), expires in 120000ms, total tokens in storage: 45
api-identity: [Nest] 3340  - 04/24/2026, 3:00:00 PM     LOG [MagicLinkService] Magic link CREATED: token=d7e9a0c5...7f84897f (length: 64), expires in 120000ms, total tokens in storage: 46
api-identity: [Nest] 3340  - 04/24/2026, 3:00:00 PM     LOG [MagicLinkService] Magic link CREATED: token=923ea399...eb10a85a (length: 64), expires in 120000ms, total tokens in storage: 47
api-identity: [Nest] 3340  - 04/24/2026, 3:00:00 PM     LOG [MagicLinkService] Magic link CREATED: token=c5e98d86...906005f7 (length: 64), expires in 120000ms, total tokens in storage: 48
api-identity: [Nest] 3340  - 04/24/2026, 3:00:00 PM     LOG [MagicLinkService] Magic link CREATED: token=c3d4f21e...baba7ccf (length: 64), expires in 120000ms, total tokens in storage: 49
api-identity: [Nest] 3340  - 04/24/2026, 3:00:00 PM     LOG [MagicLinkService] Magic link CREATED: token=166484bb...d2d3e477 (length: 64), expires in 120000ms, total tokens in storage: 50
api-identity: [Nest] 3340  - 04/24/2026, 3:00:00 PM     LOG [MagicLinkService] Magic link CREATED: token=698409a8...a0ca3109 (length: 64), expires in 120000ms, total tokens in storage: 51
api-identity: [Nest] 3340  - 04/24/2026, 3:00:00 PM     LOG [MagicLinkService] Magic link CREATED: token=2d275105...396ebd73 (length: 64), expires in 120000ms, total tokens in storage: 52
api-identity: [Nest] 3340  - 04/24/2026, 3:00:00 PM     LOG [MagicLinkService] Magic link CREATED: token=7c746d15...ecba0556 (length: 64), expires in 120000ms, total tokens in storage: 53
api-identity: [Nest] 3340  - 04/24/2026, 3:00:00 PM     LOG [MagicLinkService] Magic link CREATED: token=953eea65...763c87ac (length: 64), expires in 120000ms, total tokens in storage: 54
api-identity: [Nest] 3340  - 04/24/2026, 3:00:00 PM     LOG [MagicLinkService] Magic link CREATED: token=bad4d3b0...a980d18a (length: 64), expires in 120000ms, total tokens in storage: 55
api-identity: [Nest] 3340  - 04/24/2026, 3:00:00 PM     LOG [MagicLinkService] Magic link CREATED: token=bc26ef5b...c6e146ac (length: 64), expires in 120000ms, total tokens in storage: 56
api-identity: [Nest] 3340  - 04/24/2026, 3:00:00 PM     LOG [MagicLinkService] Magic link CREATED: token=b41fe372...58df38f6 (length: 64), expires in 120000ms, total tokens in storage: 57
api-identity: [Nest] 3340  - 04/24/2026, 3:00:00 PM     LOG [MagicLinkService] Magic link CREATED: token=8ebe81cf...943edc4d (length: 64), expires in 120000ms, total tokens in storage: 58
api-identity: [Nest] 3340  - 04/24/2026, 3:00:00 PM     LOG [MagicLinkService] Magic link CREATED: token=e0d702cc...fa9f0e49 (length: 64), expires in 120000ms, total tokens in storage: 59
api-identity: [Nest] 3340  - 04/24/2026, 3:00:00 PM     LOG [MagicLinkService] Magic link CREATED: token=42910493...f7e5a143 (length: 64), expires in 120000ms, total tokens in storage: 60
api-identity: [Nest] 3340  - 04/24/2026, 3:00:00 PM     LOG [MagicLinkService] Magic link CREATED: token=3976ed16...35db3776 (length: 64), expires in 120000ms, total tokens in storage: 61
api-identity: [Nest] 3340  - 04/24/2026, 3:00:00 PM     LOG [MagicLinkService] Magic link CREATED: token=9f48a99d...66a75b79 (length: 64), expires in 120000ms, total tokens in storage: 62
api-identity: [Nest] 3340  - 04/24/2026, 3:00:00 PM     LOG [MagicLinkService] Magic link CREATED: token=acb50011...92a80bb2 (length: 64), expires in 120000ms, total tokens in storage: 63
api-identity: [Nest] 3340  - 04/24/2026, 3:00:00 PM     LOG [MagicLinkService] Magic link CREATED: token=35951d85...43754113 (length: 64), expires in 120000ms, total tokens in storage: 64
api-identity: [Nest] 3340  - 04/24/2026, 3:00:00 PM     LOG [MagicLinkService] Magic link CREATED: token=65f8d4f2...0ebfa253 (length: 64), expires in 120000ms, total tokens in storage: 65
api-identity: [Nest] 3340  - 04/24/2026, 3:00:00 PM     LOG [MagicLinkService] Magic link CREATED: token=f26614d7...7ae8dd83 (length: 64), expires in 120000ms, total tokens in storage: 66
api-identity: [Nest] 3340  - 04/24/2026, 3:00:00 PM     LOG [MagicLinkService] Magic link CREATED: token=71a45d38...e3c43517 (length: 64), expires in 120000ms, total tokens in storage: 67
api-identity: [Nest] 3340  - 04/24/2026, 3:00:00 PM     LOG [MagicLinkService] Magic link CREATED: token=3cb0b7c3...b7eb3ae2 (length: 64), expires in 120000ms, total tokens in storage: 68
api-identity: [Nest] 3340  - 04/24/2026, 3:00:00 PM     LOG [MagicLinkService] Magic link CREATED: token=6414a681...120e12bc (length: 64), expires in 120000ms, total tokens in storage: 69
api-identity: [Nest] 3340  - 04/24/2026, 3:00:00 PM     LOG [MagicLinkService] Magic link CREATED: token=6026a31a...79a5c988 (length: 64), expires in 120000ms, total tokens in storage: 70
api-identity: [Nest] 3340  - 04/24/2026, 3:00:00 PM     LOG [MagicLinkService] Magic link CREATED: token=7e04d7af...695c6c12 (length: 64), expires in 120000ms, total tokens in storage: 71
api-identity: [Nest] 3340  - 04/24/2026, 3:00:00 PM     LOG [MagicLinkService] Magic link CREATED: token=9a61d63b...4f583700 (length: 64), expires in 120000ms, total tokens in storage: 72
api-identity: [Nest] 3340  - 04/24/2026, 3:00:00 PM     LOG [MagicLinkService] Magic link CREATED: token=d777be93...7f8eedb6 (length: 64), expires in 120000ms, total tokens in storage: 73
api-identity: [Nest] 3340  - 04/24/2026, 3:00:00 PM     LOG [MagicLinkService] Magic link CREATED: token=a1f48414...f9b4ddc1 (length: 64), expires in 120000ms, total tokens in storage: 74
api-identity: [Nest] 3340  - 04/24/2026, 3:00:00 PM     LOG [MagicLinkService] Magic link CREATED: token=6b0802cf...a261367f (length: 64), expires in 120000ms, total tokens in storage: 75
api-identity: [Nest] 3340  - 04/24/2026, 3:00:00 PM     LOG [MagicLinkService] Magic link CREATED: token=e6fc3171...c7736f80 (length: 64), expires in 120000ms, total tokens in storage: 76
api-identity: [Nest] 3340  - 04/24/2026, 3:00:00 PM     LOG [MagicLinkService] Magic link CREATED: token=8c96a10a...f2363f2f (length: 64), expires in 120000ms, total tokens in storage: 77
api-identity: [Nest] 3340  - 04/24/2026, 3:00:00 PM     LOG [MagicLinkService] Magic link CREATED: token=facc8180...edd77935 (length: 64), expires in 120000ms, total tokens in storage: 78
api-identity: [Nest] 3340  - 04/24/2026, 3:00:00 PM     LOG [MagicLinkService] Magic link CREATED: token=13a095c2...6ebbfe29 (length: 64), expires in 120000ms, total tokens in storage: 79
api-identity: [Nest] 3340  - 04/24/2026, 3:00:00 PM     LOG [MagicLinkService] Magic link CREATED: token=c9a27430...79d1420b (length: 64), expires in 120000ms, total tokens in storage: 80
api-identity: [Nest] 3340  - 04/24/2026, 3:00:00 PM     LOG [MagicLinkService] Magic link CREATED: token=ec7c1cee...635c59d7 (length: 64), expires in 120000ms, total tokens in storage: 81
api-identity: [Nest] 3340  - 04/24/2026, 3:00:00 PM     LOG [MagicLinkService] Magic link CREATED: token=921c205f...772a3490 (length: 64), expires in 120000ms, total tokens in storage: 82
api-identity: [Nest] 3340  - 04/24/2026, 3:00:00 PM     LOG [MagicLinkService] Magic link CREATED: token=a67988f2...42edbadc (length: 64), expires in 120000ms, total tokens in storage: 83
api-identity: [Nest] 3340  - 04/24/2026, 3:00:00 PM     LOG [MagicLinkService] Magic link CREATED: token=e034e7c1...033764c3 (length: 64), expires in 120000ms, total tokens in storage: 84
api-identity: [Nest] 3340  - 04/24/2026, 3:00:00 PM     LOG [MagicLinkService] Magic link CREATED: token=874a99b1...d05a3773 (length: 64), expires in 120000ms, total tokens in storage: 85
api-identity: [Nest] 3340  - 04/24/2026, 3:00:00 PM     LOG [MagicLinkService] Magic link CREATED: token=9d27f208...d6917407 (length: 64), expires in 120000ms, total tokens in storage: 86
api-identity: [Nest] 3340  - 04/24/2026, 3:00:00 PM     LOG [MagicLinkService] Magic link CREATED: token=7afec36d...0d934fd2 (length: 64), expires in 120000ms, total tokens in storage: 87
api-identity: [Nest] 3340  - 04/24/2026, 3:00:00 PM     LOG [MagicLinkService] Magic link CREATED: token=fa92c8e1...b35d0d17 (length: 64), expires in 120000ms, total tokens in storage: 88
api-identity: [Nest] 3340  - 04/24/2026, 3:00:00 PM     LOG [MagicLinkService] Magic link CREATED: token=6c75edc4...bc7a4954 (length: 64), expires in 120000ms, total tokens in storage: 89
api-identity: [Nest] 3340  - 04/24/2026, 3:00:00 PM     LOG [MagicLinkService] Magic link CREATED: token=a7c07fb8...ddfdb21a (length: 64), expires in 120000ms, total tokens in storage: 90
api-identity: [Nest] 3340  - 04/24/2026, 3:00:00 PM     LOG [MagicLinkService] Magic link CREATED: token=d5797367...df126a6e (length: 64), expires in 120000ms, total tokens in storage: 91
api-identity: [Nest] 3340  - 04/24/2026, 3:00:00 PM     LOG [MagicLinkService] Magic link CREATED: token=eca37d5d...7881fe0d (length: 64), expires in 120000ms, total tokens in storage: 92
api-identity: [Nest] 3340  - 04/24/2026, 3:00:00 PM     LOG [MagicLinkService] Magic link CREATED: token=48f9fb64...3ae8f80f (length: 64), expires in 120000ms, total tokens in storage: 93
api-identity: [Nest] 3340  - 04/24/2026, 3:00:00 PM     LOG [MagicLinkService] Magic link CREATED: token=f954dcb1...fb144050 (length: 64), expires in 120000ms, total tokens in storage: 94
api-identity: [Nest] 3340  - 04/24/2026, 3:00:00 PM     LOG [MagicLinkService] Magic link CREATED: token=444c0a2b...b97cb434 (length: 64), expires in 120000ms, total tokens in storage: 95
api-identity: [Nest] 3340  - 04/24/2026, 3:00:00 PM     LOG [MagicLinkService] Magic link CREATED: token=f0934687...e9d43504 (length: 64), expires in 120000ms, total tokens in storage: 96
api-identity: [Nest] 3340  - 04/24/2026, 3:00:00 PM     LOG [MagicLinkService] Magic link CREATED: token=c6495671...092a637e (length: 64), expires in 120000ms, total tokens in storage: 97
api-identity: [Nest] 3340  - 04/24/2026, 3:00:00 PM     LOG [MagicLinkService] Magic link CREATED: token=d5ef355e...0fc910c9 (length: 64), expires in 120000ms, total tokens in storage: 98
api-identity: [Nest] 3340  - 04/24/2026, 3:00:00 PM     LOG [MagicLinkService] Magic link CREATED: token=67caa8e7...a7e2fa45 (length: 64), expires in 120000ms, total tokens in storage: 99
api-identity: [Nest] 3340  - 04/24/2026, 3:00:00 PM     LOG [MagicLinkService] Magic link CREATED: token=2a4e7076...715c2d05 (length: 64), expires in 120000ms, total tokens in storage: 100
api-identity: [Nest] 3340  - 04/24/2026, 3:00:00 PM     LOG [MagicLinkService] MagicLinkService initialized with TTL: 120000ms
api-identity: [Nest] 3340  - 04/24/2026, 3:00:00 PM     LOG [MagicLinkService] MagicLinkService initialized with TTL: 120000ms
api-identity: [Nest] 3340  - 04/24/2026, 3:00:00 PM     LOG [MagicLinkService] Magic link CREATED: token=9031a8f3...ec8a8649 (length: 64), expires in 120000ms, total tokens in storage: 1
api-identity: [Nest] 3340  - 04/24/2026, 3:00:00 PM     LOG [MagicLinkService] MagicLinkService initialized with TTL: 120000ms
api-identity: [Nest] 3340  - 04/24/2026, 3:00:00 PM     LOG [MagicLinkService] MagicLinkService initialized with TTL: 120000ms
api-identity: [Nest] 3340  - 04/24/2026, 3:00:00 PM     LOG [MagicLinkService] Magic link CREATED: token=1b8c8d60...98918b1a (length: 64), expires in 120000ms, total tokens in storage: 1
api-identity: [Nest] 3340  - 04/24/2026, 3:00:00 PM     LOG [MagicLinkService] MagicLinkService initialized with TTL: 120000ms
api-identity: [Nest] 3340  - 04/24/2026, 3:00:00 PM     LOG [MagicLinkService] Magic link CREATED: token=5a07bcbb...88737c87 (length: 64), expires in 120000ms, total tokens in storage: 1
api-identity: [Nest] 3340  - 04/24/2026, 3:00:00 PM   DEBUG [MagicLinkService] Magic link LOOKUP: searching for token=5a07bcbb...88737c87 (length: 64), tokens in storage: 1
api-identity: [Nest] 3340  - 04/24/2026, 3:00:00 PM     LOG [MagicLinkService] Magic link token validated and consumed for email
api-identity: [Nest] 3340  - 04/24/2026, 3:00:00 PM     LOG [MagicLinkService] MagicLinkService initialized with TTL: 120000ms
api-identity: [Nest] 3340  - 04/24/2026, 3:00:00 PM     LOG [MagicLinkService] Magic link CREATED: token=2450e5cb...257a38db (length: 64), expires in 120000ms, total tokens in storage: 1, returnUrl=https://ptah.live/billing, plan=pro-yearly
api-identity: [Nest] 3340  - 04/24/2026, 3:00:00 PM   DEBUG [MagicLinkService] Magic link LOOKUP: searching for token=2450e5cb...257a38db (length: 64), tokens in storage: 1
api-identity: [Nest] 3340  - 04/24/2026, 3:00:00 PM     LOG [MagicLinkService] Magic link token validated and consumed for email
api-identity: [Nest] 3340  - 04/24/2026, 3:00:00 PM     LOG [MagicLinkService] MagicLinkService initialized with TTL: 120000ms
api-identity: [Nest] 3340  - 04/24/2026, 3:00:00 PM     LOG [MagicLinkService] Magic link CREATED: token=fa86f25c...52b1db8f (length: 64), expires in 120000ms, total tokens in storage: 1
api-identity: [Nest] 3340  - 04/24/2026, 3:00:00 PM   DEBUG [MagicLinkService] Magic link LOOKUP: searching for token=fa86f25c...52b1db8f (length: 64), tokens in storage: 1
api-identity: [Nest] 3340  - 04/24/2026, 3:00:00 PM     LOG [MagicLinkService] Magic link token validated and consumed for email
api-identity: [Nest] 3340  - 04/24/2026, 3:00:00 PM   DEBUG [MagicLinkService] Magic link LOOKUP: searching for token=fa86f25c...52b1db8f (length: 64), tokens in storage: 0
api-identity: [Nest] 3340  - 04/24/2026, 3:00:00 PM    WARN [MagicLinkService] Token validation failed: token not found. Received: fa86f25c..., Stored tokens: [none]
api-identity: [Nest] 3340  - 04/24/2026, 3:00:00 PM     LOG [MagicLinkService] MagicLinkService initialized with TTL: 120000ms
api-identity: [Nest] 3340  - 04/24/2026, 3:00:00 PM   DEBUG [MagicLinkService] Magic link LOOKUP: searching for token=aaaaaaaa...aaaaaaaa (length: 64), tokens in storage: 0
api-identity: [Nest] 3340  - 04/24/2026, 3:00:00 PM    WARN [MagicLinkService] Token validation failed: token not found. Received: aaaaaaaa..., Stored tokens: [none]
api-identity: [Nest] 3340  - 04/24/2026, 3:00:00 PM     LOG [MagicLinkService] MagicLinkService initialized with TTL: 120000ms
api-identity: [Nest] 3340  - 04/24/2026, 3:00:00 PM   DEBUG [MagicLinkService] Magic link LOOKUP: searching for token=EMPTY, tokens in storage: 0
api-identity: [Nest] 3340  - 04/24/2026, 3:00:00 PM    WARN [MagicLinkService] Token validation failed: token not found. Received: ..., Stored tokens: [none]
api-identity: [Nest] 3340  - 04/24/2026, 3:00:00 PM     LOG [MagicLinkService] MagicLinkService initialized with TTL: 120000ms
api-identity: [Nest] 3340  - 04/24/2026, 3:00:00 PM     LOG [MagicLinkService] Magic link CREATED: token=0be797f8...3a2fc150 (length: 64), expires in 120000ms, total tokens in storage: 1
api-identity: [Nest] 3340  - 04/24/2026, 3:01:59 PM   DEBUG [MagicLinkService] Magic link LOOKUP: searching for token=0be797f8...3a2fc150 (length: 64), tokens in storage: 1
api-identity: [Nest] 3340  - 04/24/2026, 3:01:59 PM     LOG [MagicLinkService] Magic link token validated and consumed for email
api-identity: [Nest] 3340  - 04/24/2026, 3:00:00 PM     LOG [MagicLinkService] MagicLinkService initialized with TTL: 120000ms
api-identity: [Nest] 3340  - 04/24/2026, 3:00:00 PM     LOG [MagicLinkService] Magic link CREATED: token=f008bcbb...95e85e7e (length: 64), expires in 120000ms, total tokens in storage: 1
api-identity: [Nest] 3340  - 04/24/2026, 3:02:00 PM   DEBUG [MagicLinkService] Magic link LOOKUP: searching for token=f008bcbb...95e85e7e (length: 64), tokens in storage: 1
api-identity: [Nest] 3340  - 04/24/2026, 3:02:00 PM    WARN [MagicLinkService] Token validation failed: token expired
api-identity: [Nest] 3340  - 04/24/2026, 3:00:00 PM     LOG [MagicLinkService] MagicLinkService initialized with TTL: 120000ms
api-identity: [Nest] 3340  - 04/24/2026, 3:00:00 PM     LOG [MagicLinkService] Magic link CREATED: token=4d11b1ff...a7e089e8 (length: 64), expires in 120000ms, total tokens in storage: 1
api-identity: [Nest] 3340  - 04/24/2026, 3:02:00 PM   DEBUG [MagicLinkService] Magic link LOOKUP: searching for token=4d11b1ff...a7e089e8 (length: 64), tokens in storage: 1
api-identity: [Nest] 3340  - 04/24/2026, 3:02:00 PM    WARN [MagicLinkService] Token validation failed: token expired
api-identity: [Nest] 3340  - 04/24/2026, 3:02:00 PM   DEBUG [MagicLinkService] Magic link LOOKUP: searching for token=4d11b1ff...a7e089e8 (length: 64), tokens in storage: 0
api-identity: [Nest] 3340  - 04/24/2026, 3:02:00 PM    WARN [MagicLinkService] Token validation failed: token not found. Received: 4d11b1ff..., Stored tokens: [none]
api-identity: [Nest] 3340  - 04/24/2026, 3:00:00 PM     LOG [MagicLinkService] MagicLinkService initialized with TTL: 120000ms
api-identity: [Nest] 3340  - 04/24/2026, 3:00:00 PM     LOG [MagicLinkService] MagicLinkService initialized with TTL: 10000ms
api-identity: [Nest] 3340  - 04/24/2026, 3:00:00 PM     LOG [MagicLinkService] Magic link CREATED: token=06261f96...8a2034e7 (length: 64), expires in 10000ms, total tokens in storage: 1
api-identity: [Nest] 3340  - 04/24/2026, 3:00:10 PM   DEBUG [MagicLinkService] Magic link LOOKUP: searching for token=06261f96...8a2034e7 (length: 64), tokens in storage: 1
api-identity: [Nest] 3340  - 04/24/2026, 3:00:10 PM    WARN [MagicLinkService] Token validation failed: token expired
api-identity: [Nest] 3340  - 04/24/2026, 3:00:00 PM     LOG [MagicLinkService] MagicLinkService initialized with TTL: 120000ms
api-identity: [Nest] 3340  - 04/24/2026, 3:00:00 PM     LOG [MagicLinkService] Magic link CREATED: token=9d991893...a214e1a5 (length: 64), expires in 120000ms, total tokens in storage: 1
api-identity: [Nest] 3340  - 04/24/2026, 3:00:00 PM   DEBUG [MagicLinkService] Magic link LOOKUP: searching for token=9d991893...a214e1a5 (length: 64), tokens in storage: 1
api-identity: [Nest] 3340  - 04/24/2026, 3:00:00 PM     LOG [MagicLinkService] Magic link token validated and consumed for email
api-identity: [Nest] 38096  - 09/21/2026, 12:31:30 AM     LOG [AuthService] Auth service initialized
api-identity: [Nest] 38096  - 09/21/2026, 12:31:30 AM     LOG [AuthService] Auth service initialized
api-identity: [Nest] 38096  - 09/21/2026, 12:31:30 AM     LOG [AuthService] Auth service initialized
api-identity: [Nest] 38096  - 09/21/2026, 12:31:30 AM     LOG [AuthService] Auth service initialized
api-identity: [Nest] 38096  - 09/21/2026, 12:31:30 AM     LOG [AuthService] Auth service initialized
api-identity: [Nest] 25892  - 09/21/2026, 12:31:30 AM    WARN [JwtAuthGuard] Token validation rejected: jwt expired
api-identity: [Nest] 25892  - 09/21/2026, 12:31:30 AM    WARN [JwtAuthGuard] Token validation rejected: jwt expired
api-identity: [Nest] 25892  - 09/21/2026, 12:31:30 AM    WARN [JwtAuthGuard] Token validation rejected: jwt expired
api-identity: [Nest] 25892  - 09/21/2026, 12:31:30 AM    WARN [JwtAuthGuard] Token validation rejected: invalid signature
api-identity: [Nest] 25892  - 09/21/2026, 12:31:30 AM    WARN [JwtAuthGuard] Token validation rejected: invalid signature
api-identity: [Nest] 25892  - 09/21/2026, 12:31:30 AM    WARN [JwtAuthGuard] Token validation rejected: malformed
api-identity: [Nest] 38096  - 09/21/2026, 12:31:30 AM     LOG [AuthService] Auth service initialized
api-identity: [Nest] 38096  - 09/21/2026, 12:31:30 AM     LOG [AuthService] Auth service initialized
api-identity: [Nest] 38096  - 09/21/2026, 12:31:30 AM     LOG [AuthService] Auth service initialized
api-identity: [Nest] 38096  - 09/21/2026, 12:31:30 AM     LOG [AuthService] User authenticated: user@example.com
api-identity: [Nest] 38096  - 09/21/2026, 12:31:30 AM     LOG [AuthService] Auth service initialized
api-identity: [Nest] 38096  - 09/21/2026, 12:31:30 AM     LOG [AuthService] Auth service initialized
api-identity: [Nest] 38096  - 09/21/2026, 12:31:30 AM     LOG [AuthService] Auth service initialized
api-identity: [Nest] 38096  - 09/21/2026, 12:31:30 AM     LOG [AuthService] Auth service initialized
api-identity: [Nest] 38096  - 09/21/2026, 12:31:30 AM     LOG [AuthService] Auth service initialized
api-identity: [Nest] 38096  - 09/21/2026, 12:31:30 AM     LOG [AuthService] Auth service initialized
api-identity: [Nest] 38096  - 09/21/2026, 12:31:30 AM     LOG [AuthService] Auth service initialized
api-identity: [Nest] 38096  - 09/21/2026, 12:31:30 AM     LOG [AuthService] Auth service initialized
api-identity: [1mTest Suites: [22m[1m[32m8 passed[39m[22m, 8 total
api-identity: [1mTests:       [22m[1m[32m123 passed[39m[22m, 123 total
api-identity: [1mSnapshots:   [22m0 total
api-identity: [1mTime:[22m        10.942 s
api-identity: [2mRan all test suites[22m[2m.[22m

> nx run @ptah-extension/harness-sync:test

@ptah-extension/harness-sync: (node:10372) Warning: The 'NO_COLOR' env is ignored due to the 'FORCE_COLOR' env being 
set.
@ptah-extension/harness-sync: (Use `node --trace-warnings ...` to show where the warning was created)
@ptah-extension/harness-sync: (node:6068) Warning: The 'NO_COLOR' env is ignored due to the 'FORCE_COLOR' env being 
set.
@ptah-extension/harness-sync: (Use `node --trace-warnings ...` to show where the warning was created)
@ptah-extension/harness-sync: (node:38468) Warning: The 'NO_COLOR' env is ignored due to the 'FORCE_COLOR' env being 
set.
@ptah-extension/harness-sync: (Use `node --trace-warnings ...` to show where the warning was created)
@ptah-extension/harness-sync: (node:38180) Warning: The 'NO_COLOR' env is ignored due to the 'FORCE_COLOR' env being 
set.
@ptah-extension/harness-sync: (Use `node --trace-warnings ...` to show where the warning was created)
@ptah-extension/harness-sync: (node:8480) Warning: The 'NO_COLOR' env is ignored due to the 'FORCE_COLOR' env being 
set.
@ptah-extension/harness-sync: (Use `node --trace-warnings ...` to show where the warning was created)
@ptah-extension/harness-sync: (node:26344) Warning: The 'NO_COLOR' env is ignored due to the 'FORCE_COLOR' env being 
set.
@ptah-extension/harness-sync: (Use `node --trace-warnings ...` to show where the warning was created)
@ptah-extension/harness-sync: (node:26988) Warning: The 'NO_COLOR' env is ignored due to the 'FORCE_COLOR' env being 
set.
@ptah-extension/harness-sync: (Use `node --trace-warnings ...` to show where the warning was created)
@ptah-extension/harness-sync: (node:34184) Warning: The 'NO_COLOR' env is ignored due to the 'FORCE_COLOR' env being 
set.
@ptah-extension/harness-sync: (Use `node --trace-warnings ...` to show where the warning was created)
@ptah-extension/harness-sync: (node:39692) Warning: The 'NO_COLOR' env is ignored due to the 'FORCE_COLOR' env being 
set.
@ptah-extension/harness-sync: (Use `node --trace-warnings ...` to show where the warning was created)
@ptah-extension/harness-sync: [1mTest Suites: [22m[1m[32m46 passed[39m[22m, 46 total
@ptah-extension/harness-sync: [1mTests:       [22m[1m[32m386 passed[39m[22m, 386 total
@ptah-extension/harness-sync: [1mSnapshots:   [22m0 total
@ptah-extension/harness-sync: [1mTime:[22m        19.999 s
@ptah-extension/harness-sync: [2mRan all test suites[22m[2m.[22m

> nx run @ptah-extension/chat-ui:test

@ptah-extension/chat-ui: (node:19820) Warning: The 'NO_COLOR' env is ignored due to the 'FORCE_COLOR' env being set.
@ptah-extension/chat-ui: (Use `node --trace-warnings ...` to show where the warning was created)
@ptah-extension/chat-ui: (node:19544) Warning: The 'NO_COLOR' env is ignored due to the 'FORCE_COLOR' env being set.
@ptah-extension/chat-ui: (Use `node --trace-warnings ...` to show where the warning was created)
@ptah-extension/chat-ui: (node:38032) Warning: The 'NO_COLOR' env is ignored due to the 'FORCE_COLOR' env being set.
@ptah-extension/chat-ui: (Use `node --trace-warnings ...` to show where the warning was created)
@ptah-extension/chat-ui: (node:37424) Warning: The 'NO_COLOR' env is ignored due to the 'FORCE_COLOR' env being set.
@ptah-extension/chat-ui: (Use `node --trace-warnings ...` to show where the warning was created)
@ptah-extension/chat-ui: (node:39256) Warning: The 'NO_COLOR' env is ignored due to the 'FORCE_COLOR' env being set.
@ptah-extension/chat-ui: (Use `node --trace-warnings ...` to show where the warning was created)
@ptah-extension/chat-ui: (node:34180) Warning: The 'NO_COLOR' env is ignored due to the 'FORCE_COLOR' env being set.
@ptah-extension/chat-ui: (Use `node --trace-warnings ...` to show where the warning was created)
@ptah-extension/chat-ui: (node:22056) Warning: The 'NO_COLOR' env is ignored due to the 'FORCE_COLOR' env being set.
@ptah-extension/chat-ui: (Use `node --trace-warnings ...` to show where the warning was created)
@ptah-extension/chat-ui: (node:1900) Warning: The 'NO_COLOR' env is ignored due to the 'FORCE_COLOR' env being set.
@ptah-extension/chat-ui: (Use `node --trace-warnings ...` to show where the warning was created)
@ptah-extension/chat-ui: (node:21596) Warning: The 'NO_COLOR' env is ignored due to the 'FORCE_COLOR' env being set.
@ptah-extension/chat-ui: (Use `node --trace-warnings ...` to show where the warning was created)
@ptah-extension/chat-ui: [1mTest Suites: [22m[1m[32m28 passed[39m[22m, 28 total
@ptah-extension/chat-ui: [1mTests:       [22m[1m[32m200 passed[39m[22m, 200 total
@ptah-extension/chat-ui: [1mSnapshots:   [22m0 total
@ptah-extension/chat-ui: [1mTime:[22m        [1m[33m12.836 s[39m[22m
@ptah-extension/chat-ui: [2mRan all test suites[22m[2m.[22m

> nx run @ptah-extension/auth-providers:test

@ptah-extension/auth-providers: (node:30948) Warning: The 'NO_COLOR' env is ignored due to the 'FORCE_COLOR' env being 
set.
@ptah-extension/auth-providers: (Use `node --trace-warnings ...` to show where the warning was created)
@ptah-extension/auth-providers: (node:30948) Warning: Failed to load the ES module: 
D:\projects\ptah-extension\libs\backend\auth-providers\jest.config.ts. Make sure to set "type": "module" in the 
nearest package.json file or use the .mjs extension.
@ptah-extension/auth-providers: (node:39536) Warning: The 'NO_COLOR' env is ignored due to the 'FORCE_COLOR' env being 
set.
@ptah-extension/auth-providers: (Use `node --trace-warnings ...` to show where the warning was created)
@ptah-extension/auth-providers: (node:2736) Warning: The 'NO_COLOR' env is ignored due to the 'FORCE_COLOR' env being 
set.
@ptah-extension/auth-providers: (Use `node --trace-warnings ...` to show where the warning was created)
@ptah-extension/auth-providers: (node:33864) Warning: The 'NO_COLOR' env is ignored due to the 'FORCE_COLOR' env being 
set.
@ptah-extension/auth-providers: (Use `node --trace-warnings ...` to show where the warning was created)
@ptah-extension/auth-providers: (node:26696) Warning: The 'NO_COLOR' env is ignored due to the 'FORCE_COLOR' env being 
set.
@ptah-extension/auth-providers: (Use `node --trace-warnings ...` to show where the warning was created)
@ptah-extension/auth-providers: (node:38900) Warning: The 'NO_COLOR' env is ignored due to the 'FORCE_COLOR' env being 
set.
@ptah-extension/auth-providers: (Use `node --trace-warnings ...` to show where the warning was created)
@ptah-extension/auth-providers: (node:38768) Warning: The 'NO_COLOR' env is ignored due to the 'FORCE_COLOR' env being 
set.
@ptah-extension/auth-providers: (Use `node --trace-warnings ...` to show where the warning was created)
@ptah-extension/auth-providers: (node:39368) Warning: The 'NO_COLOR' env is ignored due to the 'FORCE_COLOR' env being 
set.
@ptah-extension/auth-providers: (Use `node --trace-warnings ...` to show where the warning was created)
@ptah-extension/auth-providers: (node:2216) Warning: The 'NO_COLOR' env is ignored due to the 'FORCE_COLOR' env being 
set.
@ptah-extension/auth-providers: (Use `node --trace-warnings ...` to show where the warning was created)
@ptah-extension/workspace-intelligence: [33mA worker process has failed to exit gracefully and has been force exited. 
This is likely caused by tests leaking due to improper teardown. Try running with --detectOpenHandles to find leaks. 
Active timers can also cause this, ensure that .unref() was called on them.[39m
@ptah-extension/workspace-intelligence: [1mTest Suites: [22m[1m[32m44 passed[39m[22m, 44 total
@ptah-extension/workspace-intelligence: [1mTests:       [22m[1m[32m1119 passed[39m[22m, 1119 total
@ptah-extension/workspace-intelligence: [1mSnapshots:   [22m0 total
@ptah-extension/workspace-intelligence: [1mTime:[22m        163.546 s
@ptah-extension/workspace-intelligence: [2mRan all test suites[22m[2m.[22m

> nx run @ptah-extension/task-specs:test

@ptah-extension/task-specs: (node:31172) Warning: The 'NO_COLOR' env is ignored due to the 'FORCE_COLOR' env being set.
@ptah-extension/task-specs: (Use `node --trace-warnings ...` to show where the warning was created)
@ptah-extension/task-specs: (node:14964) Warning: The 'NO_COLOR' env is ignored due to the 'FORCE_COLOR' env being set.
@ptah-extension/task-specs: (Use `node --trace-warnings ...` to show where the warning was created)
@ptah-extension/task-specs: (node:23124) Warning: The 'NO_COLOR' env is ignored due to the 'FORCE_COLOR' env being set.
@ptah-extension/task-specs: (Use `node --trace-warnings ...` to show where the warning was created)
@ptah-extension/task-specs: (node:23192) Warning: The 'NO_COLOR' env is ignored due to the 'FORCE_COLOR' env being set.
@ptah-extension/task-specs: (Use `node --trace-warnings ...` to show where the warning was created)
@ptah-extension/task-specs: (node:3460) Warning: The 'NO_COLOR' env is ignored due to the 'FORCE_COLOR' env being set.
@ptah-extension/task-specs: (Use `node --trace-warnings ...` to show where the warning was created)
@ptah-extension/task-specs: (node:29508) Warning: The 'NO_COLOR' env is ignored due to the 'FORCE_COLOR' env being set.
@ptah-extension/task-specs: (Use `node --trace-warnings ...` to show where the warning was created)
@ptah-extension/task-specs: (node:39768) Warning: The 'NO_COLOR' env is ignored due to the 'FORCE_COLOR' env being set.
@ptah-extension/task-specs: (Use `node --trace-warnings ...` to show where the warning was created)
@ptah-extension/task-specs: (node:32496) Warning: The 'NO_COLOR' env is ignored due to the 'FORCE_COLOR' env being set.
@ptah-extension/task-specs: (Use `node --trace-warnings ...` to show where the warning was created)
@ptah-extension/task-specs: (node:29484) Warning: The 'NO_COLOR' env is ignored due to the 'FORCE_COLOR' env being set.
@ptah-extension/task-specs: (Use `node --trace-warnings ...` to show where the warning was created)
@ptah-extension/task-specs: [1mTest Suites: [22m[1m[32m18 passed[39m[22m, 18 total
@ptah-extension/task-specs: [1mTests:       [22m[1m[32m518 passed[39m[22m, 518 total
@ptah-extension/task-specs: [1mSnapshots:   [22m0 total
@ptah-extension/task-specs: [1mTime:[22m        [1m[33m40.646 s[39m[22m
@ptah-extension/task-specs: [2mRan all test suites[22m[2m.[22m

> nx run @ptah-extension/chat-ui:typecheck

@ptah-extension/chat-ui: (node:25580) Warning: The 'NO_COLOR' env is ignored due to the 'FORCE_COLOR' env being set.
@ptah-extension/chat-ui: (Use `node --trace-warnings ...` to show where the warning was created)
@ptah-extension/chat-ui: (node:22312) Warning: The 'NO_COLOR' env is ignored due to the 'FORCE_COLOR' env being set.
@ptah-extension/chat-ui: (Use `node --trace-warnings ...` to show where the warning was created)
@ptah-extension/auth-providers: [1mTest Suites: [22m[1m[32m41 passed[39m[22m, 41 total
@ptah-extension/auth-providers: [1mTests:       [22m[1m[32m751 passed[39m[22m, 751 total
@ptah-extension/auth-providers: [1mSnapshots:   [22m[1m[32m2 passed[39m[22m, 2 total
@ptah-extension/auth-providers: [1mTime:[22m        55.729 s
@ptah-extension/auth-providers: [2mRan all test suites[22m[2m.[22m

> nx run @ptah-extension/auth-providers:typecheck


> nx run @ptah-extension/harness-sync:typecheck


> nx run @ptah-extension/output-styles:typecheck


> nx run @ptah-extension/harness-sync:lint

@ptah-extension/harness-sync: (node:31648) Warning: The 'NO_COLOR' env is ignored due to the 'FORCE_COLOR' env being 
set.
@ptah-extension/harness-sync: (Use `node --trace-warnings ...` to show where the warning was created)
@ptah-extension/harness-sync: Linting "@ptah-extension/harness-sync"...
@ptah-extension/harness-sync: [0m[0m
@ptah-extension/harness-sync: [0m[4mD:\projects\ptah-extension\libs\backend\harness-sync\src\lib\targets\workspace-target.ts[24m[0m
@ptah-extension/harness-sync: [0m  [2m1046:1[22m  [33mwarning[39m  File has too many lines (703). Maximum allowed is 700  [2mmax-lines[22m[0m
@ptah-extension/harness-sync: [0m[0m
@ptah-extension/harness-sync: [0m[33m[1m✖ 1 problem (0 errors, 1 warning)[22m[39m[0m
@ptah-extension/harness-sync: [0m[33m[1m[22m[39m[0m
@ptah-extension/harness-sync: ✖ 1 problem (0 errors, 1 warning)

> nx run @ptah-extension/task-specs:typecheck


> nx run api-identity:typecheck

api-identity: (node:17584) Warning: The 'NO_COLOR' env is ignored due to the 'FORCE_COLOR' env being set.
api-identity: (Use `node --trace-warnings ...` to show where the warning was created)

> nx run @ptah-extension/chat-ui:lint

@ptah-extension/chat-ui: (node:37996) Warning: The 'NO_COLOR' env is ignored due to the 'FORCE_COLOR' env being set.
@ptah-extension/chat-ui: (Use `node --trace-warnings ...` to show where the warning was created)
@ptah-extension/chat-ui: Linting "@ptah-extension/chat-ui"...

> nx run @ptah-extension/auth-providers:lint

@ptah-extension/auth-providers: (node:23008) Warning: The 'NO_COLOR' env is ignored due to the 'FORCE_COLOR' env being 
set.
@ptah-extension/auth-providers: (Use `node --trace-warnings ...` to show where the warning was created)
@ptah-extension/auth-providers: Linting "@ptah-extension/auth-providers"...
@ptah-extension/chat-ui: [0m[0m
@ptah-extension/chat-ui: [0m[4mD:\projects\ptah-extension\libs\frontend\chat-ui\src\lib\molecules\session\session-stats-summary.component.ts[24m[0m
@ptah-extension/chat-ui: [0m  [2m830:1[22m  [33mwarning[39m  File has too many lines (725). Maximum allowed is 700  [2mmax-lines[22m[0m
@ptah-extension/chat-ui: [0m[0m
@ptah-extension/chat-ui: [0m[4mD:\projects\ptah-extension\libs\frontend\chat-ui\src\lib\molecules\setup-plugins\mcp-directory-browser.component.ts[24m[0m
@ptah-extension/chat-ui: [0m  [2m818:1[22m  [33mwarning[39m  File has too many lines (867). Maximum allowed is 700  [2mmax-lines[22m[0m
@ptah-extension/chat-ui: [0m[0m
@ptah-extension/chat-ui: [0m[4mD:\projects\ptah-extension\libs\frontend\chat-ui\src\lib\molecules\setup-plugins\plugin-browser-modal.component.ts[24m[0m
@ptah-extension/chat-ui: [0m  [2m973:1[22m  [33mwarning[39m  File has too many lines (856). Maximum allowed is 700  [2mmax-lines[22m[0m
@ptah-extension/chat-ui: [0m[0m
@ptah-extension/chat-ui: [0m[33m[1m✖ 3 problems (0 errors, 3 warnings)[22m[39m[0m
@ptah-extension/chat-ui: [0m[33m[1m[22m[39m[0m
@ptah-extension/chat-ui: ✖ 3 problems (0 errors, 3 warnings)

> nx run @ptah-extension/task-specs:lint

@ptah-extension/task-specs: (node:1936) Warning: The 'NO_COLOR' env is ignored due to the 'FORCE_COLOR' env being set.
@ptah-extension/task-specs: (Use `node --trace-warnings ...` to show where the warning was created)
@ptah-extension/task-specs: Linting "@ptah-extension/task-specs"...
@ptah-extension/auth-providers: [0m[0m
@ptah-extension/auth-providers: [0m[4mD:\projects\ptah-extension\libs\backend\auth-providers\src\lib\provider-models.service.ts[24m[0m
@ptah-extension/auth-providers: [0m  [2m1144:1[22m  [33mwarning[39m  File has too many lines (732). Maximum allowed is 700  [2mmax-lines[22m[0m
@ptah-extension/auth-providers: [0m[0m
@ptah-extension/auth-providers: [0m[4mD:\projects\ptah-extension\libs\backend\auth-providers\src\lib\translation\responses-stream-translator.ts[24m[0m
@ptah-extension/auth-providers: [0m  [2m321:26[22m  [33mwarning[39m  Forbidden non-null assertion  [2m@typescript-eslint/no-non-null-assertion[22m[0m
@ptah-extension/auth-providers: [0m[0m
@ptah-extension/auth-providers: [0m[4mD:\projects\ptah-extension\libs\backend\auth-providers\src\lib\translation\translation-proxy-base.ts[24m[0m
@ptah-extension/auth-providers: [0m  [2m203:19[22m  [33mwarning[39m  Forbidden non-null assertion                           [2m@typescript-eslint/no-non-null-assertion[22m[0m
@ptah-extension/auth-providers: [0m  [2m885:1[22m   [33mwarning[39m  File has too many lines (980). Maximum allowed is 700  [2mmax-lines[22m[0m
@ptah-extension/auth-providers: [0m[0m
@ptah-extension/auth-providers: [0m[33m[1m✖ 4 problems (0 errors, 4 warnings)[22m[39m[0m
@ptah-extension/auth-providers: [0m[33m[1m[22m[39m[0m
@ptah-extension/auth-providers: ✖ 4 problems (0 errors, 4 warnings)

> nx run @ptah-extension/output-styles:lint

@ptah-extension/output-styles: (node:13208) Warning: The 'NO_COLOR' env is ignored due to the 'FORCE_COLOR' env being 
set.
@ptah-extension/output-styles: (Use `node --trace-warnings ...` to show where the warning was created)
@ptah-extension/output-styles: Linting "@ptah-extension/output-styles"...
@ptah-extension/task-specs: [0m[0m
@ptah-extension/task-specs: [0m[4mD:\projects\ptah-extension\libs\backend\task-specs\src\lib\task-writer.create-race.spec.ts[24m[0m
@ptah-extension/task-specs: [0m  [2m33:8[22m  [33mwarning[39m  'MockFileSystemProvider' is defined but never used. Allowed unused vars must match /^_/u  [2m@typescript-eslint/no-unused-vars[22m[0m
@ptah-extension/task-specs: [0m[0m
@ptah-extension/task-specs: [0m[33m[1m✖ 1 problem (0 errors, 1 warning)[22m[39m[0m
@ptah-extension/task-specs: [0m[33m[1m[22m[39m[0m
@ptah-extension/task-specs: ✖ 1 problem (0 errors, 1 warning)

> nx run @ptah-extension/voice-contracts:typecheck

@ptah-extension/output-styles: [0m[0m
@ptah-extension/output-styles: [0m[4mD:\projects\ptah-extension\libs\backend\output-styles\src\lib\output-style-session-activation.service.spec.ts[24m[0m
@ptah-extension/output-styles: [0m  [2m19:7[22m  [33mwarning[39m  'SELECTED_KEY' is assigned a value but never used. Allowed unused vars must match /^_/u  [2m@typescript-eslint/no-unused-vars[22m[0m
@ptah-extension/output-styles: [0m[0m
@ptah-extension/output-styles: [0m[33m[1m✖ 1 problem (0 errors, 1 warning)[22m[39m[0m
@ptah-extension/output-styles: [0m[33m[1m[22m[39m[0m
@ptah-extension/output-styles: ✖ 1 problem (0 errors, 1 warning)

> nx run @ptah-extension/workspace-indexing:test

@ptah-extension/workspace-indexing: (node:7492) Warning: The 'NO_COLOR' env is ignored due to the 'FORCE_COLOR' env 
being set.
@ptah-extension/workspace-indexing: (Use `node --trace-warnings ...` to show where the warning was created)

> nx run @ptah-extension/chat-execution-tree:test

@ptah-extension/chat-execution-tree: (node:39648) Warning: The 'NO_COLOR' env is ignored due to the 'FORCE_COLOR' env 
being set.
@ptah-extension/chat-execution-tree: (Use `node --trace-warnings ...` to show where the warning was created)
@ptah-extension/workspace-indexing: (node:36212) Warning: The 'NO_COLOR' env is ignored due to the 'FORCE_COLOR' env 
being set.
@ptah-extension/workspace-indexing: (Use `node --trace-warnings ...` to show where the warning was created)
@ptah-extension/workspace-indexing: (node:12856) Warning: The 'NO_COLOR' env is ignored due to the 'FORCE_COLOR' env 
being set.
@ptah-extension/workspace-indexing: (Use `node --trace-warnings ...` to show where the warning was created)
@ptah-extension/chat-execution-tree: (node:37572) Warning: The 'NO_COLOR' env is ignored due to the 'FORCE_COLOR' env 
being set.
@ptah-extension/chat-execution-tree: (Use `node --trace-warnings ...` to show where the warning was created)
@ptah-extension/chat-execution-tree: (node:10292) Warning: The 'NO_COLOR' env is ignored due to the 'FORCE_COLOR' env 
being set.
@ptah-extension/chat-execution-tree: (Use `node --trace-warnings ...` to show where the warning was created)
@ptah-extension/chat-execution-tree: [1mTest Suites: [22m[1m[32m2 passed[39m[22m, 2 total
@ptah-extension/chat-execution-tree: [1mTests:       [22m[1m[32m22 passed[39m[22m, 22 total
@ptah-extension/chat-execution-tree: [1mSnapshots:   [22m0 total
@ptah-extension/chat-execution-tree: [1mTime:[22m        6.216 s
@ptah-extension/chat-execution-tree: [2mRan all test suites[22m[2m.[22m

> nx run @ptah-extension/cli-agent-runtime:test

@ptah-extension/cli-agent-runtime: (node:28884) Warning: The 'NO_COLOR' env is ignored due to the 'FORCE_COLOR' env 
being set.
@ptah-extension/cli-agent-runtime: (Use `node --trace-warnings ...` to show where the warning was created)
@ptah-extension/workspace-indexing: [1mTest Suites: [22m[1m[32m2 passed[39m[22m, 2 total
@ptah-extension/workspace-indexing: [1mTests:       [22m[1m[32m34 passed[39m[22m, 34 total
@ptah-extension/workspace-indexing: [1mSnapshots:   [22m0 total
@ptah-extension/workspace-indexing: [1mTime:[22m        7.432 s
@ptah-extension/workspace-indexing: [2mRan all test suites[22m[2m.[22m

> nx run @ptah-extension/git-ui:test

@ptah-extension/cli-agent-runtime: (node:28884) Warning: Failed to load the ES module: 
D:\projects\ptah-extension\libs\backend\cli-agent-runtime\jest.config.ts. Make sure to set "type": "module" in the 
nearest package.json file or use the .mjs extension.
@ptah-extension/git-ui: (node:31696) Warning: The 'NO_COLOR' env is ignored due to the 'FORCE_COLOR' env being set.
@ptah-extension/git-ui: (Use `node --trace-warnings ...` to show where the warning was created)
@ptah-extension/cli-agent-runtime: (node:2540) Warning: The 'NO_COLOR' env is ignored due to the 'FORCE_COLOR' env 
being set.
@ptah-extension/cli-agent-runtime: (Use `node --trace-warnings ...` to show where the warning was created)
@ptah-extension/cli-agent-runtime: (node:21832) Warning: The 'NO_COLOR' env is ignored due to the 'FORCE_COLOR' env 
being set.
@ptah-extension/cli-agent-runtime: (Use `node --trace-warnings ...` to show where the warning was created)
@ptah-extension/cli-agent-runtime: (node:18624) Warning: The 'NO_COLOR' env is ignored due to the 'FORCE_COLOR' env 
being set.
@ptah-extension/cli-agent-runtime: (Use `node --trace-warnings ...` to show where the warning was created)
@ptah-extension/cli-agent-runtime: (node:38200) Warning: The 'NO_COLOR' env is ignored due to the 'FORCE_COLOR' env 
being set.
@ptah-extension/cli-agent-runtime: (Use `node --trace-warnings ...` to show where the warning was created)
@ptah-extension/cli-agent-runtime: (node:14748) Warning: The 'NO_COLOR' env is ignored due to the 'FORCE_COLOR' env 
being set.
@ptah-extension/cli-agent-runtime: (Use `node --trace-warnings ...` to show where the warning was created)
@ptah-extension/cli-agent-runtime: (node:9452) Warning: The 'NO_COLOR' env is ignored due to the 'FORCE_COLOR' env 
being set.
@ptah-extension/cli-agent-runtime: (Use `node --trace-warnings ...` to show where the warning was created)
@ptah-extension/cli-agent-runtime: (node:3540) Warning: The 'NO_COLOR' env is ignored due to the 'FORCE_COLOR' env 
being set.
@ptah-extension/cli-agent-runtime: (Use `node --trace-warnings ...` to show where the warning was created)
@ptah-extension/cli-agent-runtime: (node:8484) Warning: The 'NO_COLOR' env is ignored due to the 'FORCE_COLOR' env 
being set.
@ptah-extension/cli-agent-runtime: (Use `node --trace-warnings ...` to show where the warning was created)
@ptah-extension/git-ui: (node:37612) Warning: The 'NO_COLOR' env is ignored due to the 'FORCE_COLOR' env being set.
@ptah-extension/git-ui: (Use `node --trace-warnings ...` to show where the warning was created)
@ptah-extension/git-ui: (node:36516) Warning: The 'NO_COLOR' env is ignored due to the 'FORCE_COLOR' env being set.
@ptah-extension/git-ui: (Use `node --trace-warnings ...` to show where the warning was created)
@ptah-extension/git-ui: (node:4688) Warning: The 'NO_COLOR' env is ignored due to the 'FORCE_COLOR' env being set.
@ptah-extension/git-ui: (Use `node --trace-warnings ...` to show where the warning was created)
@ptah-extension/git-ui: (node:17920) Warning: The 'NO_COLOR' env is ignored due to the 'FORCE_COLOR' env being set.
@ptah-extension/git-ui: (Use `node --trace-warnings ...` to show where the warning was created)
@ptah-extension/git-ui: (node:36356) Warning: The 'NO_COLOR' env is ignored due to the 'FORCE_COLOR' env being set.
@ptah-extension/git-ui: (Use `node --trace-warnings ...` to show where the warning was created)
@ptah-extension/git-ui: (node:39108) Warning: The 'NO_COLOR' env is ignored due to the 'FORCE_COLOR' env being set.
@ptah-extension/git-ui: (Use `node --trace-warnings ...` to show where the warning was created)
@ptah-extension/git-ui: (node:39328) Warning: The 'NO_COLOR' env is ignored due to the 'FORCE_COLOR' env being set.
@ptah-extension/git-ui: (Use `node --trace-warnings ...` to show where the warning was created)
@ptah-extension/git-ui: (node:25680) Warning: The 'NO_COLOR' env is ignored due to the 'FORCE_COLOR' env being set.
@ptah-extension/git-ui: (Use `node --trace-warnings ...` to show where the warning was created)
@ptah-extension/git-ui: [1mTest Suites: [22m[1m[32m27 passed[39m[22m, 27 total
@ptah-extension/git-ui: [1mTests:       [22m[1m[32m420 passed[39m[22m, 420 total
@ptah-extension/git-ui: [1mSnapshots:   [22m0 total
@ptah-extension/git-ui: [1mTime:[22m        [1m[33m29.432 s[39m[22m
@ptah-extension/git-ui: [2mRan all test suites[22m[2m.[22m

> nx run @ptah-extension/cli-agent-runtime:typecheck


> nx run @ptah-extension/git-ui:typecheck

@ptah-extension/git-ui: (node:7364) Warning: The 'NO_COLOR' env is ignored due to the 'FORCE_COLOR' env being set.
@ptah-extension/git-ui: (Use `node --trace-warnings ...` to show where the warning was created)
@ptah-extension/cli-agent-runtime: [1mTest Suites: [22m[1m[32m62 passed[39m[22m, 62 total
@ptah-extension/cli-agent-runtime: [1mTests:       [22m[1m[33m1 skipped[39m[22m, [1m[32m953 passed[39m[22m, 
954 total
@ptah-extension/cli-agent-runtime: [1mSnapshots:   [22m0 total
@ptah-extension/cli-agent-runtime: [1mTime:[22m        52.352 s
@ptah-extension/cli-agent-runtime: [2mRan all test suites[22m[2m.[22m

> nx run @ptah-extension/workspace-indexing:typecheck

@ptah-extension/git-ui: (node:11640) Warning: The 'NO_COLOR' env is ignored due to the 'FORCE_COLOR' env being set.
@ptah-extension/git-ui: (Use `node --trace-warnings ...` to show where the warning was created)
@ptah-extension/workspace-indexing: (node:38820) Warning: The 'NO_COLOR' env is ignored due to the 'FORCE_COLOR' env being set.
@ptah-extension/workspace-indexing: (Use `node --trace-warnings ...` to show where the warning was created)
@ptah-extension/workspace-indexing: (node:7892) Warning: The 'NO_COLOR' env is ignored due to the 'FORCE_COLOR' env being set.
@ptah-extension/workspace-indexing: (Use `node --trace-warnings ...` to show where the warning was created)

> nx run @ptah-extension/git-ui:lint


> nx run @ptah-extension/cli-agent-runtime:lint

@ptah-extension/git-ui: (node:30976) Warning: The 'NO_COLOR' env is ignored due to the 'FORCE_COLOR' env being set.
@ptah-extension/git-ui: (Use `node --trace-warnings ...` to show where the warning was created)
@ptah-extension/cli-agent-runtime: (node:38524) Warning: The 'NO_COLOR' env is ignored due to the 'FORCE_COLOR' env 
being set.
@ptah-extension/cli-agent-runtime: (Use `node --trace-warnings ...` to show where the warning was created)
@ptah-extension/git-ui: Linting "@ptah-extension/git-ui"...
@ptah-extension/cli-agent-runtime: Linting "@ptah-extension/cli-agent-runtime"...
@ptah-extension/git-ui: [0m[0m
@ptah-extension/git-ui: [0m[4mD:\projects\ptah-extension\libs\frontend\git-ui\src\lib\diff-view\diff-view.component.ts[24m[0m
@ptah-extension/git-ui: [0m  [2m946:1[22m  [33mwarning[39m  File has too many lines (1417). Maximum allowed is 700  [2mmax-lines[22m[0m
@ptah-extension/git-ui: [0m[0m
@ptah-extension/git-ui: [0m[33m[1m✖ 1 problem (0 errors, 1 warning)[22m[39m[0m
@ptah-extension/git-ui: [0m[33m[1m[22m[39m[0m
@ptah-extension/git-ui: ✖ 1 problem (0 errors, 1 warning)

> nx run @ptah-extension/chat-execution-tree:typecheck

@ptah-extension/cli-agent-runtime: [0m[0m
@ptah-extension/cli-agent-runtime: [0m[4mD:\projects\ptah-extension\libs\backend\cli-agent-runtime\src\lib\cli-agents\agent-process-manager.service.ts[24m[0m
@ptah-extension/cli-agent-runtime: [0m  [2m1066:1[22m   [33mwarning[39m  File has too many lines (1131). Maximum allowed is 700  [2mmax-lines[22m[0m
@ptah-extension/cli-agent-runtime: [0m  [2m1317:37[22m  [33mwarning[39m  Unexpected empty arrow function                         [2m@typescript-eslint/no-empty-function[22m[0m
@ptah-extension/cli-agent-runtime: [0m[0m
@ptah-extension/cli-agent-runtime: [0m[4mD:\projects\ptah-extension\libs\backend\cli-agent-runtime\src\lib\cli-agents\cli-adapters\antigravity-cli.adapter.ts[24m[0m
@ptah-extension/cli-agent-runtime: [0m  [2m980:1[22m  [33mwarning[39m  File has too many lines (755). Maximum allowed is 700  [2mmax-lines[22m[0m
@ptah-extension/cli-agent-runtime: [0m[0m
@ptah-extension/cli-agent-runtime: [0m[4mD:\projects\ptah-extension\libs\backend\cli-agent-runtime\src\lib\cli-agents\cli-adapters\codex-cli.adapter.ts[24m[0m
@ptah-extension/cli-agent-runtime: [0m   [2m780:25[22m  [33mwarning[39m  Unexpected empty method 'setAgentId'                   [2m@typescript-eslint/no-empty-function[22m[0m
@ptah-extension/cli-agent-runtime: [0m  [2m1009:1[22m   [33mwarning[39m  File has too many lines (819). Maximum allowed is 700  [2mmax-lines[22m[0m
@ptah-extension/cli-agent-runtime: [0m[0m
@ptah-extension/cli-agent-runtime: [0m[4mD:\projects\ptah-extension\libs\backend\cli-agent-runtime\src\lib\cli-agents\cli-adapters\copilot-sdk.adapter.spec.ts[24m[0m
@ptah-extension/cli-agent-runtime: [0m  [2m227:29[22m  [33mwarning[39m  Unexpected empty arrow function  [2m@typescript-eslint/no-empty-function[22m[0m
@ptah-extension/cli-agent-runtime: [0m  [2m251:29[22m  [33mwarning[39m  Unexpected empty arrow function  [2m@typescript-eslint/no-empty-function[22m[0m
@ptah-extension/cli-agent-runtime: [0m  [2m268:29[22m  [33mwarning[39m  Unexpected empty arrow function  [2m@typescript-eslint/no-empty-function[22m[0m
@ptah-extension/cli-agent-runtime: [0m  [2m286:29[22m  [33mwarning[39m  Unexpected empty arrow function  [2m@typescript-eslint/no-empty-function[22m[0m
@ptah-extension/cli-agent-runtime: [0m  [2m303:29[22m  [33mwarning[39m  Unexpected empty arrow function  [2m@typescript-eslint/no-empty-function[22m[0m
@ptah-extension/cli-agent-runtime: [0m  [2m319:29[22m  [33mwarning[39m  Unexpected empty arrow function  [2m@typescript-eslint/no-empty-function[22m[0m
@ptah-extension/cli-agent-runtime: [0m  [2m340:29[22m  [33mwarning[39m  Unexpected empty arrow function  [2m@typescript-eslint/no-empty-function[22m[0m
@ptah-extension/cli-agent-runtime: [0m  [2m432:29[22m  [33mwarning[39m  Unexpected empty arrow function  [2m@typescript-eslint/no-empty-function[22m[0m
@ptah-extension/cli-agent-runtime: [0m  [2m488:29[22m  [33mwarning[39m  Unexpected empty arrow function  [2m@typescript-eslint/no-empty-function[22m[0m
@ptah-extension/cli-agent-runtime: [0m  [2m528:29[22m  [33mwarning[39m  Unexpected empty arrow function  [2m@typescript-eslint/no-empty-function[22m[0m
@ptah-extension/cli-agent-runtime: [0m  [2m561:29[22m  [33mwarning[39m  Unexpected empty arrow function  [2m@typescript-eslint/no-empty-function[22m[0m
@ptah-extension/cli-agent-runtime: [0m  [2m644:29[22m  [33mwarning[39m  Unexpected empty arrow function  [2m@typescript-eslint/no-empty-function[22m[0m
@ptah-extension/cli-agent-runtime: [0m  [2m676:29[22m  [33mwarning[39m  Unexpected empty arrow function  [2m@typescript-eslint/no-empty-function[22m[0m
@ptah-extension/cli-agent-runtime: [0m  [2m710:29[22m  [33mwarning[39m  Unexpected empty arrow function  [2m@typescript-eslint/no-empty-function[22m[0m
@ptah-extension/cli-agent-runtime: [0m  [2m721:29[22m  [33mwarning[39m  Unexpected empty arrow function  [2m@typescript-eslint/no-empty-function[22m[0m
@ptah-extension/cli-agent-runtime: [0m  [2m782:29[22m  [33mwarning[39m  Unexpected empty arrow function  [2m@typescript-eslint/no-empty-function[22m[0m
@ptah-extension/cli-agent-runtime: [0m  [2m803:29[22m  [33mwarning[39m  Unexpected empty arrow function  [2m@typescript-eslint/no-empty-function[22m[0m
@ptah-extension/cli-agent-runtime: [0m  [2m812:29[22m  [33mwarning[39m  Unexpected empty arrow function  [2m@typescript-eslint/no-empty-function[22m[0m
@ptah-extension/cli-agent-runtime: [0m  [2m841:26[22m  [33mwarning[39m  Forbidden non-null assertion     [2m@typescript-eslint/no-non-null-assertion[22m[0m
@ptah-extension/cli-agent-runtime: [0m  [2m875:13[22m  [33mwarning[39m  Forbidden non-null assertion     [2m@typescript-eslint/no-non-null-assertion[22m[0m
@ptah-extension/cli-agent-runtime: [0m  [2m884:29[22m  [33mwarning[39m  Unexpected empty arrow function  [2m@typescript-eslint/no-empty-function[22m[0m
@ptah-extension/cli-agent-runtime: [0m  [2m904:26[22m  [33mwarning[39m  Forbidden non-null assertion     [2m@typescript-eslint/no-non-null-assertion[22m[0m
@ptah-extension/cli-agent-runtime: [0m[0m
@ptah-extension/cli-agent-runtime: [0m[4mD:\projects\ptah-extension\libs\backend\cli-agent-runtime\src\lib\cli-agents\cli-adapters\cursor-cli.adapter.spec.ts[24m[0m
@ptah-extension/cli-agent-runtime: [0m  [2m112:34[22m  [33mwarning[39m  Forbidden non-null assertion  [2m@typescript-eslint/no-non-null-assertion[22m[0m
@ptah-extension/cli-agent-runtime: [0m  [2m301:39[22m  [33mwarning[39m  Forbidden non-null assertion  [2m@typescript-eslint/no-non-null-assertion[22m[0m
@ptah-extension/cli-agent-runtime: [0m[0m
@ptah-extension/cli-agent-runtime: [0m[4mD:\projects\ptah-extension\libs\backend\cli-agent-runtime\src\lib\cli-agents\cli-adapters\cursor-cli.adapter.ts[24m[0m
@ptah-extension/cli-agent-runtime: [0m  [2m449:25[22m  [33mwarning[39m  Unexpected empty method 'setAgentId'  [2m@typescript-eslint/no-empty-function[22m[0m
@ptah-extension/cli-agent-runtime: [0m[0m
@ptah-extension/cli-agent-runtime: [0m[4mD:\projects\ptah-extension\libs\backend\cli-agent-runtime\src\lib\cli-agents\cli-adapters\pi-cli.adapter.spec.ts[24m[0m
@ptah-extension/cli-agent-runtime: [0m  [2m339:40[22m  [33mwarning[39m  Forbidden non-null assertion  [2m@typescript-eslint/no-non-null-assertion[22m[0m
@ptah-extension/cli-agent-runtime: [0m  [2m666:40[22m  [33mwarning[39m  Forbidden non-null assertion  [2m@typescript-eslint/no-non-null-assertion[22m[0m
@ptah-extension/cli-agent-runtime: [0m  [2m675:40[22m  [33mwarning[39m  Forbidden non-null assertion  [2m@typescript-eslint/no-non-null-assertion[22m[0m
@ptah-extension/cli-agent-runtime: [0m  [2m704:29[22m  [33mwarning[39m  Forbidden non-null assertion  [2m@typescript-eslint/no-non-null-assertion[22m[0m
@ptah-extension/cli-agent-runtime: [0m  [2m742:40[22m  [33mwarning[39m  Forbidden non-null assertion  [2m@typescript-eslint/no-non-null-assertion[22m[0m
@ptah-extension/cli-agent-runtime: [0m[0m
@ptah-extension/cli-agent-runtime: [0m[4mD:\projects\ptah-extension\libs\backend\cli-agent-runtime\src\lib\cli-agents\cli-adapters\pi-cli.adapter.ts[24m[0m
@ptah-extension/cli-agent-runtime: [0m  [2m399:38[22m  [33mwarning[39m  Unexpected empty arrow function  [2m@typescript-eslint/no-empty-function[22m[0m
@ptah-extension/cli-agent-runtime: [0m[0m
@ptah-extension/cli-agent-runtime: [0m[4mD:\projects\ptah-extension\libs\backend\cli-agent-runtime\src\lib\ptah-cli\ptah-cli-registry-spawn-model.spec.ts[24m[0m
@ptah-extension/cli-agent-runtime: [0m  [2m305:25[22m  [33mwarning[39m  Forbidden non-null assertion  [2m@typescript-eslint/no-non-null-assertion[22m[0m
@ptah-extension/cli-agent-runtime: [0m[0m
@ptah-extension/cli-agent-runtime: [0m[4mD:\projects\ptah-extension\libs\backend\cli-agent-runtime\src\lib\ptah-cli\ptah-cli-registry.ts[24m[0m
@ptah-extension/cli-agent-runtime: [0m  [2m963:1[22m  [33mwarning[39m  File has too many lines (1081). Maximum allowed is 700  [2mmax-lines[22m[0m
@ptah-extension/cli-agent-runtime: [0m[0m
@ptah-extension/cli-agent-runtime: [0m[4mD:\projects\ptah-extension\libs\backend\cli-agent-runtime\src\lib\ptah-cli\testing\fake-sdk-process-spawner.ts[24m[0m
@ptah-extension/cli-agent-runtime: [0m  [2m29:5[22m  [33mwarning[39m  Forbidden non-null assertion  [2m@typescript-eslint/no-non-null-assertion[22m[0m
@ptah-extension/cli-agent-runtime: [0m[0m
@ptah-extension/cli-agent-runtime: [0m[4mD:\projects\ptah-extension\libs\backend\cli-agent-runtime\src\lib\wiring\agent-events.spec.ts[24m[0m
@ptah-extension/cli-agent-runtime: [0m  [2m255:24[22m  [33mwarning[39m  'addCliSession' is assigned a value but never used. Allowed unused vars must match /^_/u  [2m@typescript-eslint/no-unused-vars[22m[0m
@ptah-extension/cli-agent-runtime: [0m[0m
@ptah-extension/cli-agent-runtime: [0m[33m[1m✖ 40 problems (0 errors, 40 warnings)[22m[39m[0m
@ptah-extension/cli-agent-runtime: [0m[33m[1m[22m[39m[0m
@ptah-extension/cli-agent-runtime: ✖ 40 problems (0 errors, 40 warnings)

> nx run @ptah-extension/chat-execution-tree:lint

@ptah-extension/chat-execution-tree: (node:10040) Warning: The 'NO_COLOR' env is ignored due to the 'FORCE_COLOR' env being set.
@ptah-extension/chat-execution-tree: (Use `node --trace-warnings ...` to show where the warning was created)
@ptah-extension/chat-execution-tree: (node:7604) Warning: The 'NO_COLOR' env is ignored due to the 'FORCE_COLOR' env 
being set.
@ptah-extension/chat-execution-tree: (Use `node --trace-warnings ...` to show where the warning was created)
@ptah-extension/chat-execution-tree: (node:26332) Warning: The 'NO_COLOR' env is ignored due to the 'FORCE_COLOR' env being set.
@ptah-extension/chat-execution-tree: (Use `node --trace-warnings ...` to show where the warning was created)
@ptah-extension/chat-execution-tree: Linting "@ptah-extension/chat-execution-tree"...
@ptah-extension/chat-execution-tree: ✔ All files pass linting

> nx run @ptah-extension/workspace-indexing:lint

@ptah-extension/workspace-indexing: (node:5348) Warning: The 'NO_COLOR' env is ignored due to the 'FORCE_COLOR' env 
being set.
@ptah-extension/workspace-indexing: (Use `node --trace-warnings ...` to show where the warning was created)

> nx run @ptah-extension/messaging-gateway:test

@ptah-extension/workspace-indexing: Linting "@ptah-extension/workspace-indexing"...
@ptah-extension/messaging-gateway: (node:34732) Warning: The 'NO_COLOR' env is ignored due to the 'FORCE_COLOR' env 
being set.
@ptah-extension/messaging-gateway: (Use `node --trace-warnings ...` to show where the warning was created)
@ptah-extension/messaging-gateway: (node:14964) Warning: The 'NO_COLOR' env is ignored due to the 'FORCE_COLOR' env 
being set.
@ptah-extension/messaging-gateway: (Use `node --trace-warnings ...` to show where the warning was created)
@ptah-extension/messaging-gateway: (node:23792) Warning: The 'NO_COLOR' env is ignored due to the 'FORCE_COLOR' env 
being set.
@ptah-extension/messaging-gateway: (Use `node --trace-warnings ...` to show where the warning was created)
@ptah-extension/messaging-gateway: (node:39008) Warning: The 'NO_COLOR' env is ignored due to the 'FORCE_COLOR' env 
being set.
@ptah-extension/messaging-gateway: (Use `node --trace-warnings ...` to show where the warning was created)
@ptah-extension/messaging-gateway: (node:1148) Warning: The 'NO_COLOR' env is ignored due to the 'FORCE_COLOR' env 
being set.
@ptah-extension/messaging-gateway: (Use `node --trace-warnings ...` to show where the warning was created)
@ptah-extension/messaging-gateway: (node:34876) Warning: The 'NO_COLOR' env is ignored due to the 'FORCE_COLOR' env 
being set.
@ptah-extension/messaging-gateway: (Use `node --trace-warnings ...` to show where the warning was created)
@ptah-extension/messaging-gateway: (node:29464) Warning: The 'NO_COLOR' env is ignored due to the 'FORCE_COLOR' env 
being set.
@ptah-extension/messaging-gateway: (Use `node --trace-warnings ...` to show where the warning was created)
@ptah-extension/messaging-gateway: (node:16172) Warning: The 'NO_COLOR' env is ignored due to the 'FORCE_COLOR' env 
being set.
@ptah-extension/messaging-gateway: (Use `node --trace-warnings ...` to show where the warning was created)
@ptah-extension/messaging-gateway: (node:14344) Warning: The 'NO_COLOR' env is ignored due to the 'FORCE_COLOR' env 
being set.
@ptah-extension/messaging-gateway: (Use `node --trace-warnings ...` to show where the warning was created)
@ptah-extension/workspace-indexing: ✔ All files pass linting

> nx run @ptah-extension/memory-curator-ui:test

@ptah-extension/memory-curator-ui: (node:36204) Warning: The 'NO_COLOR' env is ignored due to the 'FORCE_COLOR' env 
being set.
@ptah-extension/memory-curator-ui: (Use `node --trace-warnings ...` to show where the warning was created)
@ptah-extension/memory-curator-ui: (node:36388) Warning: The 'NO_COLOR' env is ignored due to the 'FORCE_COLOR' env 
being set.
@ptah-extension/memory-curator-ui: (Use `node --trace-warnings ...` to show where the warning was created)
@ptah-extension/memory-curator-ui: (node:37588) Warning: The 'NO_COLOR' env is ignored due to the 'FORCE_COLOR' env 
being set.
@ptah-extension/memory-curator-ui: (Use `node --trace-warnings ...` to show where the warning was created)
@ptah-extension/memory-curator-ui: (node:7576) Warning: The 'NO_COLOR' env is ignored due to the 'FORCE_COLOR' env 
being set.
@ptah-extension/memory-curator-ui: (Use `node --trace-warnings ...` to show where the warning was created)
@ptah-extension/memory-curator-ui: (node:19644) Warning: The 'NO_COLOR' env is ignored due to the 'FORCE_COLOR' env 
being set.
@ptah-extension/memory-curator-ui: (Use `node --trace-warnings ...` to show where the warning was created)
@ptah-extension/memory-curator-ui: (node:33472) Warning: The 'NO_COLOR' env is ignored due to the 'FORCE_COLOR' env 
being set.
@ptah-extension/memory-curator-ui: (Use `node --trace-warnings ...` to show where the warning was created)
@ptah-extension/memory-curator-ui: (node:2532) Warning: The 'NO_COLOR' env is ignored due to the 'FORCE_COLOR' env 
being set.
@ptah-extension/memory-curator-ui: (Use `node --trace-warnings ...` to show where the warning was created)
@ptah-extension/memory-curator-ui: (node:39076) Warning: The 'NO_COLOR' env is ignored due to the 'FORCE_COLOR' env 
being set.
@ptah-extension/memory-curator-ui: (Use `node --trace-warnings ...` to show where the warning was created)
@ptah-extension/memory-curator-ui: (node:32040) Warning: The 'NO_COLOR' env is ignored due to the 'FORCE_COLOR' env 
being set.
@ptah-extension/memory-curator-ui: (Use `node --trace-warnings ...` to show where the warning was created)
@ptah-extension/memory-curator-ui: [1mTest Suites: [22m[1m[32m17 passed[39m[22m, 17 total
@ptah-extension/memory-curator-ui: [1mTests:       [22m[1m[32m189 passed[39m[22m, 189 total
@ptah-extension/memory-curator-ui: [1mSnapshots:   [22m0 total
@ptah-extension/memory-curator-ui: [1mTime:[22m        26.816 s
@ptah-extension/memory-curator-ui: [2mRan all test suites[22m[2m.[22m

> nx run @ptah-extension/messaging-gateway-ui:test

@ptah-extension/messaging-gateway-ui: (node:37564) Warning: The 'NO_COLOR' env is ignored due to the 'FORCE_COLOR' env 
being set.
@ptah-extension/messaging-gateway-ui: (Use `node --trace-warnings ...` to show where the warning was created)
@ptah-extension/messaging-gateway: [1mTest Suites: [22m[1m[32m14 passed[39m[22m, 14 total
@ptah-extension/messaging-gateway: [1mTests:       [22m[1m[32m306 passed[39m[22m, 306 total
@ptah-extension/messaging-gateway: [1mSnapshots:   [22m0 total
@ptah-extension/messaging-gateway: [1mTime:[22m        34.2 s
@ptah-extension/messaging-gateway: [2mRan all test suites[22m[2m.[22m

> nx run @ptah-extension/skill-synthesis-ui:test

@ptah-extension/skill-synthesis-ui: (node:39328) Warning: The 'NO_COLOR' env is ignored due to the 'FORCE_COLOR' env 
being set.
@ptah-extension/skill-synthesis-ui: (Use `node --trace-warnings ...` to show where the warning was created)
@ptah-extension/messaging-gateway-ui: (node:8480) Warning: The 'NO_COLOR' env is ignored due to the 'FORCE_COLOR' env 
being set.
@ptah-extension/messaging-gateway-ui: (Use `node --trace-warnings ...` to show where the warning was created)
@ptah-extension/messaging-gateway-ui: (node:13536) Warning: The 'NO_COLOR' env is ignored due to the 'FORCE_COLOR' env 
being set.
@ptah-extension/messaging-gateway-ui: (Use `node --trace-warnings ...` to show where the warning was created)
@ptah-extension/messaging-gateway-ui: (node:26856) Warning: The 'NO_COLOR' env is ignored due to the 'FORCE_COLOR' env 
being set.
@ptah-extension/messaging-gateway-ui: (Use `node --trace-warnings ...` to show where the warning was created)
@ptah-extension/messaging-gateway-ui: (node:3784) Warning: The 'NO_COLOR' env is ignored due to the 'FORCE_COLOR' env 
being set.
@ptah-extension/messaging-gateway-ui: (Use `node --trace-warnings ...` to show where the warning was created)
@ptah-extension/skill-synthesis-ui: (node:24020) Warning: The 'NO_COLOR' env is ignored due to the 'FORCE_COLOR' env 
being set.
@ptah-extension/skill-synthesis-ui: (Use `node --trace-warnings ...` to show where the warning was created)
@ptah-extension/skill-synthesis-ui: (node:22704) Warning: The 'NO_COLOR' env is ignored due to the 'FORCE_COLOR' env 
being set.
@ptah-extension/skill-synthesis-ui: (Use `node --trace-warnings ...` to show where the warning was created)
@ptah-extension/skill-synthesis-ui: (node:26776) Warning: The 'NO_COLOR' env is ignored due to the 'FORCE_COLOR' env 
being set.
@ptah-extension/skill-synthesis-ui: (Use `node --trace-warnings ...` to show where the warning was created)
@ptah-extension/skill-synthesis-ui: (node:19568) Warning: The 'NO_COLOR' env is ignored due to the 'FORCE_COLOR' env 
being set.
@ptah-extension/skill-synthesis-ui: (Use `node --trace-warnings ...` to show where the warning was created)
@ptah-extension/skill-synthesis-ui: (node:37864) Warning: The 'NO_COLOR' env is ignored due to the 'FORCE_COLOR' env 
being set.
@ptah-extension/skill-synthesis-ui: (Use `node --trace-warnings ...` to show where the warning was created)
@ptah-extension/skill-synthesis-ui: (node:14744) Warning: The 'NO_COLOR' env is ignored due to the 'FORCE_COLOR' env 
being set.
@ptah-extension/skill-synthesis-ui: (Use `node --trace-warnings ...` to show where the warning was created)
@ptah-extension/skill-synthesis-ui: (node:23932) Warning: The 'NO_COLOR' env is ignored due to the 'FORCE_COLOR' env 
being set.
@ptah-extension/skill-synthesis-ui: (Use `node --trace-warnings ...` to show where the warning was created)
@ptah-extension/skill-synthesis-ui: (node:25420) Warning: The 'NO_COLOR' env is ignored due to the 'FORCE_COLOR' env 
being set.
@ptah-extension/skill-synthesis-ui: (Use `node --trace-warnings ...` to show where the warning was created)
@ptah-extension/messaging-gateway-ui: [1mTest Suites: [22m[1m[32m4 passed[39m[22m, 4 total
@ptah-extension/messaging-gateway-ui: [1mTests:       [22m[1m[32m75 passed[39m[22m, 75 total
@ptah-extension/messaging-gateway-ui: [1mSnapshots:   [22m0 total
@ptah-extension/messaging-gateway-ui: [1mTime:[22m        19.144 s
@ptah-extension/messaging-gateway-ui: [2mRan all test suites[22m[2m.[22m

> nx run @ptah-extension/cron-scheduler-ui:test

@ptah-extension/cron-scheduler-ui: (node:23984) Warning: The 'NO_COLOR' env is ignored due to the 'FORCE_COLOR' env 
being set.
@ptah-extension/cron-scheduler-ui: (Use `node --trace-warnings ...` to show where the warning was created)
@ptah-extension/cron-scheduler-ui: (node:10172) Warning: The 'NO_COLOR' env is ignored due to the 'FORCE_COLOR' env 
being set.
@ptah-extension/cron-scheduler-ui: (Use `node --trace-warnings ...` to show where the warning was created)
@ptah-extension/cron-scheduler-ui: (node:20332) Warning: The 'NO_COLOR' env is ignored due to the 'FORCE_COLOR' env 
being set.
@ptah-extension/cron-scheduler-ui: (Use `node --trace-warnings ...` to show where the warning was created)
@ptah-extension/cron-scheduler-ui: (node:38796) Warning: The 'NO_COLOR' env is ignored due to the 'FORCE_COLOR' env 
being set.
@ptah-extension/cron-scheduler-ui: (Use `node --trace-warnings ...` to show where the warning was created)
@ptah-extension/cron-scheduler-ui: (node:9928) Warning: The 'NO_COLOR' env is ignored due to the 'FORCE_COLOR' env 
being set.
@ptah-extension/cron-scheduler-ui: (Use `node --trace-warnings ...` to show where the warning was created)
@ptah-extension/cron-scheduler-ui: [1mTest Suites: [22m[1m[32m4 passed[39m[22m, 4 total
@ptah-extension/cron-scheduler-ui: [1mTests:       [22m[1m[32m39 passed[39m[22m, 39 total
@ptah-extension/cron-scheduler-ui: [1mSnapshots:   [22m0 total
@ptah-extension/cron-scheduler-ui: [1mTime:[22m        9.04 s
@ptah-extension/cron-scheduler-ui: [2mRan all test suites[22m[2m.[22m

> nx run api-membership:test

api-membership: (node:31204) Warning: The 'NO_COLOR' env is ignored due to the 'FORCE_COLOR' env being set.
api-membership: (Use `node --trace-warnings ...` to show where the warning was created)
api-membership: (node:14308) Warning: The 'NO_COLOR' env is ignored due to the 'FORCE_COLOR' env being set.
api-membership: (Use `node --trace-warnings ...` to show where the warning was created)
api-membership: (node:29044) Warning: The 'NO_COLOR' env is ignored due to the 'FORCE_COLOR' env being set.
api-membership: (Use `node --trace-warnings ...` to show where the warning was created)
api-membership: (node:26072) Warning: The 'NO_COLOR' env is ignored due to the 'FORCE_COLOR' env being set.
api-membership: (Use `node --trace-warnings ...` to show where the warning was created)
api-membership: [1mTest Suites: [22m[1m[32m3 passed[39m[22m, 3 total
api-membership: [1mTests:       [22m[1m[32m23 passed[39m[22m, 23 total
api-membership: [1mSnapshots:   [22m0 total
api-membership: [1mTime:[22m        6.395 s
api-membership: [2mRan all test suites[22m[2m.[22m

> nx run @ptah-extension/memory-curator:test

@ptah-extension/memory-curator: (node:38552) Warning: The 'NO_COLOR' env is ignored due to the 'FORCE_COLOR' env being 
set.
@ptah-extension/memory-curator: (Use `node --trace-warnings ...` to show where the warning was created)
@ptah-extension/memory-curator: (node:12532) Warning: The 'NO_COLOR' env is ignored due to the 'FORCE_COLOR' env being 
set.
@ptah-extension/memory-curator: (Use `node --trace-warnings ...` to show where the warning was created)
@ptah-extension/memory-curator: (node:13612) Warning: The 'NO_COLOR' env is ignored due to the 'FORCE_COLOR' env being 
set.
@ptah-extension/memory-curator: (Use `node --trace-warnings ...` to show where the warning was created)
@ptah-extension/memory-curator: (node:17784) Warning: The 'NO_COLOR' env is ignored due to the 'FORCE_COLOR' env being 
set.
@ptah-extension/memory-curator: (Use `node --trace-warnings ...` to show where the warning was created)
@ptah-extension/memory-curator: (node:36976) Warning: The 'NO_COLOR' env is ignored due to the 'FORCE_COLOR' env being 
set.
@ptah-extension/memory-curator: (Use `node --trace-warnings ...` to show where the warning was created)
@ptah-extension/memory-curator: (node:22840) Warning: The 'NO_COLOR' env is ignored due to the 'FORCE_COLOR' env being 
set.
@ptah-extension/memory-curator: (Use `node --trace-warnings ...` to show where the warning was created)
@ptah-extension/memory-curator: (node:38972) Warning: The 'NO_COLOR' env is ignored due to the 'FORCE_COLOR' env being 
set.
@ptah-extension/memory-curator: (Use `node --trace-warnings ...` to show where the warning was created)
@ptah-extension/memory-curator: (node:16884) Warning: The 'NO_COLOR' env is ignored due to the 'FORCE_COLOR' env being 
set.
@ptah-extension/memory-curator: (Use `node --trace-warnings ...` to show where the warning was created)
@ptah-extension/memory-curator: (node:17780) Warning: The 'NO_COLOR' env is ignored due to the 'FORCE_COLOR' env being 
set.
@ptah-extension/memory-curator: (Use `node --trace-warnings ...` to show where the warning was created)
@ptah-extension/skill-synthesis-ui: [1mTest Suites: [22m[1m[32m27 passed[39m[22m, 27 total
@ptah-extension/skill-synthesis-ui: [1mTests:       [22m[1m[32m433 passed[39m[22m, 433 total
@ptah-extension/skill-synthesis-ui: [1mSnapshots:   [22m0 total
@ptah-extension/skill-synthesis-ui: [1mTime:[22m        38.761 s
@ptah-extension/skill-synthesis-ui: [2mRan all test suites[22m[2m.[22m

> nx run @ptah-extension/marketplace:test

@ptah-extension/marketplace: (node:5196) Warning: The 'NO_COLOR' env is ignored due to the 'FORCE_COLOR' env being set.
@ptah-extension/marketplace: (Use `node --trace-warnings ...` to show where the warning was created)
@ptah-extension/marketplace: (node:16924) Warning: The 'NO_COLOR' env is ignored due to the 'FORCE_COLOR' env being 
set.
@ptah-extension/marketplace: (Use `node --trace-warnings ...` to show where the warning was created)
@ptah-extension/marketplace: (node:35596) Warning: The 'NO_COLOR' env is ignored due to the 'FORCE_COLOR' env being 
set.
@ptah-extension/marketplace: (Use `node --trace-warnings ...` to show where the warning was created)
@ptah-extension/marketplace: (node:1908) Warning: The 'NO_COLOR' env is ignored due to the 'FORCE_COLOR' env being set.
@ptah-extension/marketplace: (Use `node --trace-warnings ...` to show where the warning was created)
@ptah-extension/marketplace: (node:26344) Warning: The 'NO_COLOR' env is ignored due to the 'FORCE_COLOR' env being 
set.
@ptah-extension/marketplace: (Use `node --trace-warnings ...` to show where the warning was created)
@ptah-extension/marketplace: (node:16792) Warning: The 'NO_COLOR' env is ignored due to the 'FORCE_COLOR' env being 
set.
@ptah-extension/marketplace: (Use `node --trace-warnings ...` to show where the warning was created)
@ptah-extension/marketplace: (node:38372) Warning: The 'NO_COLOR' env is ignored due to the 'FORCE_COLOR' env being 
set.
@ptah-extension/marketplace: (Use `node --trace-warnings ...` to show where the warning was created)
@ptah-extension/marketplace: (node:9472) Warning: The 'NO_COLOR' env is ignored due to the 'FORCE_COLOR' env being set.
@ptah-extension/marketplace: (Use `node --trace-warnings ...` to show where the warning was created)
@ptah-extension/marketplace: (node:4128) Warning: The 'NO_COLOR' env is ignored due to the 'FORCE_COLOR' env being set.
@ptah-extension/marketplace: (Use `node --trace-warnings ...` to show where the warning was created)
@ptah-extension/marketplace: [1mTest Suites: [22m[1m[32m12 passed[39m[22m, 12 total
@ptah-extension/marketplace: [1mTests:       [22m[1m[32m241 passed[39m[22m, 241 total
@ptah-extension/marketplace: [1mSnapshots:   [22m0 total
@ptah-extension/marketplace: [1mTime:[22m        35.86 s
@ptah-extension/marketplace: [2mRan all test suites[22m[2m.[22m

> nx run @ptah-extension/vscode-lm-tools:test

@ptah-extension/vscode-lm-tools: (node:36284) Warning: The 'NO_COLOR' env is ignored due to the 'FORCE_COLOR' env 
being set.
@ptah-extension/vscode-lm-tools: (Use `node --trace-warnings ...` to show where the warning was created)
@ptah-extension/vscode-lm-tools: (node:36284) Warning: Failed to load the ES module: 
D:\projects\ptah-extension\libs\backend\vscode-lm-tools\jest.config.ts. Make sure to set "type": "module" in the 
nearest package.json file or use the .mjs extension.
@ptah-extension/vscode-lm-tools: (node:39696) Warning: The 'NO_COLOR' env is ignored due to the 'FORCE_COLOR' env 
being set.
@ptah-extension/vscode-lm-tools: (Use `node --trace-warnings ...` to show where the warning was created)
@ptah-extension/vscode-lm-tools: (node:38500) Warning: The 'NO_COLOR' env is ignored due to the 'FORCE_COLOR' env 
being set.
@ptah-extension/vscode-lm-tools: (Use `node --trace-warnings ...` to show where the warning was created)
@ptah-extension/vscode-lm-tools: (node:17644) Warning: The 'NO_COLOR' env is ignored due to the 'FORCE_COLOR' env 
being set.
@ptah-extension/vscode-lm-tools: (Use `node --trace-warnings ...` to show where the warning was created)
@ptah-extension/vscode-lm-tools: (node:12396) Warning: The 'NO_COLOR' env is ignored due to the 'FORCE_COLOR' env 
being set.
@ptah-extension/vscode-lm-tools: (Use `node --trace-warnings ...` to show where the warning was created)
@ptah-extension/vscode-lm-tools: (node:38316) Warning: The 'NO_COLOR' env is ignored due to the 'FORCE_COLOR' env 
being set.
@ptah-extension/vscode-lm-tools: (Use `node --trace-warnings ...` to show where the warning was created)
@ptah-extension/vscode-lm-tools: (node:13028) Warning: The 'NO_COLOR' env is ignored due to the 'FORCE_COLOR' env 
being set.
@ptah-extension/vscode-lm-tools: (Use `node --trace-warnings ...` to show where the warning was created)
@ptah-extension/vscode-lm-tools: (node:27644) Warning: The 'NO_COLOR' env is ignored due to the 'FORCE_COLOR' env 
being set.
@ptah-extension/vscode-lm-tools: (Use `node --trace-warnings ...` to show where the warning was created)
@ptah-extension/vscode-lm-tools: (node:27712) Warning: The 'NO_COLOR' env is ignored due to the 'FORCE_COLOR' env 
being set.
@ptah-extension/vscode-lm-tools: (Use `node --trace-warnings ...` to show where the warning was created)
@ptah-extension/memory-curator: [33mA worker process has failed to exit gracefully and has been force exited. This is 
likely caused by tests leaking due to improper teardown. Try running with --detectOpenHandles to find leaks. Active 
timers can also cause this, ensure that .unref() was called on them.[39m
@ptah-extension/memory-curator: [1mTest Suites: [22m[1m[32m42 passed[39m[22m, 42 total
@ptah-extension/memory-curator: [1mTests:       [22m[1m[32m732 passed[39m[22m, 732 total
@ptah-extension/memory-curator: [1mSnapshots:   [22m0 total
@ptah-extension/memory-curator: [1mTime:[22m        50.722 s
@ptah-extension/memory-curator: [2mRan all test suites[22m[2m.[22m

> nx run @ptah-extension/chat-streaming:test

@ptah-extension/chat-streaming: (node:29496) Warning: The 'NO_COLOR' env is ignored due to the 'FORCE_COLOR' env being 
set.
@ptah-extension/chat-streaming: (Use `node --trace-warnings ...` to show where the warning was created)
@ptah-extension/chat-streaming: (node:38716) Warning: The 'NO_COLOR' env is ignored due to the 'FORCE_COLOR' env being 
set.
@ptah-extension/chat-streaming: (Use `node --trace-warnings ...` to show where the warning was created)
@ptah-extension/chat-streaming: (node:25316) Warning: The 'NO_COLOR' env is ignored due to the 'FORCE_COLOR' env being 
set.
@ptah-extension/chat-streaming: (Use `node --trace-warnings ...` to show where the warning was created)
@ptah-extension/chat-streaming: (node:27208) Warning: The 'NO_COLOR' env is ignored due to the 'FORCE_COLOR' env being 
set.
@ptah-extension/chat-streaming: (Use `node --trace-warnings ...` to show where the warning was created)
@ptah-extension/chat-streaming: (node:22040) Warning: The 'NO_COLOR' env is ignored due to the 'FORCE_COLOR' env being 
set.
@ptah-extension/chat-streaming: (Use `node --trace-warnings ...` to show where the warning was created)
@ptah-extension/chat-streaming: (node:34324) Warning: The 'NO_COLOR' env is ignored due to the 'FORCE_COLOR' env being 
set.
@ptah-extension/chat-streaming: (Use `node --trace-warnings ...` to show where the warning was created)
@ptah-extension/chat-streaming: (node:36484) Warning: The 'NO_COLOR' env is ignored due to the 'FORCE_COLOR' env being 
set.
@ptah-extension/chat-streaming: (Use `node --trace-warnings ...` to show where the warning was created)
@ptah-extension/chat-streaming: (node:19812) Warning: The 'NO_COLOR' env is ignored due to the 'FORCE_COLOR' env being 
set.
@ptah-extension/chat-streaming: (Use `node --trace-warnings ...` to show where the warning was created)
@ptah-extension/chat-streaming: (node:35948) Warning: The 'NO_COLOR' env is ignored due to the 'FORCE_COLOR' env being 
set.
@ptah-extension/chat-streaming: (Use `node --trace-warnings ...` to show where the warning was created)
@ptah-extension/chat-streaming: [1mTest Suites: [22m[1m[32m24 passed[39m[22m, 24 total
@ptah-extension/chat-streaming: [1mTests:       [22m[1m[33m1 skipped[39m[22m, [1m[32m504 passed[39m[22m, 505 
total
@ptah-extension/chat-streaming: [1mSnapshots:   [22m0 total
@ptah-extension/chat-streaming: [1mTime:[22m        [1m[33m28.399 s[39m[22m
@ptah-extension/chat-streaming: [2mRan all test suites[22m[2m.[22m

> nx run @ptah-extension/vscode-lm-tools:typecheck


> nx run api-audit:test

api-audit: (node:30948) Warning: The 'NO_COLOR' env is ignored due to the 'FORCE_COLOR' env being set.
api-audit: (Use `node --trace-warnings ...` to show where the warning was created)
@ptah-extension/vscode-lm-tools: [1mTest Suites: [22m[1m[32m50 passed[39m[22m, 50 total
@ptah-extension/vscode-lm-tools: [1mTests:       [22m[1m[32m1161 passed[39m[22m, 1161 total
@ptah-extension/vscode-lm-tools: [1mSnapshots:   [22m0 total
@ptah-extension/vscode-lm-tools: [1mTime:[22m        56.784 s
@ptah-extension/vscode-lm-tools: [2mRan all test suites[22m[2m.[22m

> nx run @ptah-extension/skill-synthesis-ui:typecheck

@ptah-extension/skill-synthesis-ui: (node:39040) Warning: The 'NO_COLOR' env is ignored due to the 'FORCE_COLOR' env being set.
@ptah-extension/skill-synthesis-ui: (Use `node --trace-warnings ...` to show where the warning was created)
@ptah-extension/skill-synthesis-ui: (node:23272) Warning: The 'NO_COLOR' env is ignored due to the 'FORCE_COLOR' env being set.
@ptah-extension/skill-synthesis-ui: (Use `node --trace-warnings ...` to show where the warning was created)
api-audit: [Nest] 30948  - 09/21/2026, 12:37:39 AM     LOG [AuditLogService] Object(7) {
api-audit:   message: 'admin audit log recorded',
api-audit:   auditLogId: 'audit-row-id-1',
api-audit:   actorEmail: 'admin@example.com',
api-audit:   action: 'user.delete',
api-audit:   targetType: 'User',
api-audit:   targetId: 'user-uuid-1',
api-audit:   transactional: false
api-audit: }
api-audit: [Nest] 30948  - 09/21/2026, 12:37:39 AM     LOG [AuditLogService] Object(7) {
api-audit:   message: 'admin audit log recorded',
api-audit:   auditLogId: 'tx-audit-id',
api-audit:   actorEmail: 'admin@example.com',
api-audit:   action: 'license.complimentary.issue',
api-audit:   targetType: 'License',
api-audit:   targetId: 'license-uuid-1',
api-audit:   transactional: true
api-audit: }
api-audit: [Nest] 30948  - 09/21/2026, 12:37:39 AM     LOG [AuditLogService] Object(7) {
api-audit:   message: 'admin audit log recorded',
api-audit:   auditLogId: 'audit-row-id-1',
api-audit:   actorEmail: 'admin@example.com',
api-audit:   action: 'marketing.campaign.send',
api-audit:   targetType: 'MarketingCampaign',
api-audit:   targetId: null,
api-audit:   transactional: false
api-audit: }
api-audit: [Nest] 30948  - 09/21/2026, 12:37:39 AM     LOG [AuditLogService] Object(7) {
api-audit:   message: 'admin audit log recorded',
api-audit:   auditLogId: 'audit-row-id-1',
api-audit:   actorEmail: 'system',
api-audit:   action: 'user.bounced',
api-audit:   targetType: 'User',
api-audit:   targetId: 'user-uuid-2',
api-audit:   transactional: false
api-audit: }
api-audit: [Nest] 30948  - 09/21/2026, 12:37:39 AM     LOG [AuditLogService] Object(7) {
api-audit:   message: 'admin audit log recorded',
api-audit:   auditLogId: 'custom-id-42',
api-audit:   actorEmail: 'admin@example.com',
api-audit:   action: 'user.unsubscribe',
api-audit:   targetType: 'User',
api-audit:   targetId: 'user-uuid-3',
api-audit:   transactional: false
api-audit: }
api-audit: [1mTest Suites: [22m[1m[32m1 passed[39m[22m, 1 total
api-audit: [1mTests:       [22m[1m[32m5 passed[39m[22m, 5 total
api-audit: [1mSnapshots:   [22m0 total
api-audit: [1mTime:[22m        5.646 s, estimated 12 s
api-audit: [2mRan all test suites[22m[2m.[22m

> nx run @ptah-extension/memory-curator-ui:typecheck

@ptah-extension/memory-curator-ui: (node:14516) Warning: The 'NO_COLOR' env is ignored due to the 'FORCE_COLOR' env being set.
@ptah-extension/memory-curator-ui: (Use `node --trace-warnings ...` to show where the warning was created)
@ptah-extension/memory-curator-ui: (node:39032) Warning: The 'NO_COLOR' env is ignored due to the 'FORCE_COLOR' env being set.
@ptah-extension/memory-curator-ui: (Use `node --trace-warnings ...` to show where the warning was created)

> nx run @ptah-extension/marketplace:typecheck

@ptah-extension/marketplace: (node:36064) Warning: The 'NO_COLOR' env is ignored due to the 'FORCE_COLOR' env being set.
@ptah-extension/marketplace: (Use `node --trace-warnings ...` to show where the warning was created)
@ptah-extension/marketplace: (node:39856) Warning: The 'NO_COLOR' env is ignored due to the 'FORCE_COLOR' env being set.
@ptah-extension/marketplace: (Use `node --trace-warnings ...` to show where the warning was created)

> nx run @ptah-extension/cron-scheduler-ui:typecheck

@ptah-extension/cron-scheduler-ui: (node:22544) Warning: The 'NO_COLOR' env is ignored due to the 'FORCE_COLOR' env being set.
@ptah-extension/cron-scheduler-ui: (Use `node --trace-warnings ...` to show where the warning was created)
@ptah-extension/cron-scheduler-ui: (node:33896) Warning: The 'NO_COLOR' env is ignored due to the 'FORCE_COLOR' env being set.
@ptah-extension/cron-scheduler-ui: (Use `node --trace-warnings ...` to show where the warning was created)

> nx run @ptah-extension/memory-curator:typecheck


> nx run @ptah-extension/messaging-gateway-ui:typecheck

@ptah-extension/messaging-gateway-ui: (node:38724) Warning: The 'NO_COLOR' env is ignored due to the 'FORCE_COLOR' env being set.
@ptah-extension/messaging-gateway-ui: (Use `node --trace-warnings ...` to show where the warning was created)
@ptah-extension/messaging-gateway-ui: (node:35680) Warning: The 'NO_COLOR' env is ignored due to the 'FORCE_COLOR' env being set.
@ptah-extension/messaging-gateway-ui: (Use `node --trace-warnings ...` to show where the warning was created)

> nx run @ptah-extension/chat-streaming:typecheck

@ptah-extension/chat-streaming: (node:27972) Warning: The 'NO_COLOR' env is ignored due to the 'FORCE_COLOR' env being set.
@ptah-extension/chat-streaming: (Use `node --trace-warnings ...` to show where the warning was created)
@ptah-extension/chat-streaming: (node:31916) Warning: The 'NO_COLOR' env is ignored due to the 'FORCE_COLOR' env being set.
@ptah-extension/chat-streaming: (Use `node --trace-warnings ...` to show where the warning was created)

> nx run @ptah-extension/messaging-gateway:typecheck


> nx run api-audit:typecheck

api-audit: (node:30856) Warning: The 'NO_COLOR' env is ignored due to the 'FORCE_COLOR' env being set.
api-audit: (Use `node --trace-warnings ...` to show where the warning was created)

> nx run api-membership:typecheck

api-membership: (node:27604) Warning: The 'NO_COLOR' env is ignored due to the 'FORCE_COLOR' env being set.
api-membership: (Use `node --trace-warnings ...` to show where the warning was created)

> nx run @ptah-extension/memory-curator:lint


> nx run @ptah-extension/vscode-lm-tools:lint

@ptah-extension/memory-curator: (node:32980) Warning: The 'NO_COLOR' env is ignored due to the 'FORCE_COLOR' env being 
set.
@ptah-extension/memory-curator: (Use `node --trace-warnings ...` to show where the warning was created)
@ptah-extension/memory-curator: Linting "@ptah-extension/memory-curator"...
@ptah-extension/vscode-lm-tools: (node:30400) Warning: The 'NO_COLOR' env is ignored due to the 'FORCE_COLOR' env 
being set.
@ptah-extension/vscode-lm-tools: (Use `node --trace-warnings ...` to show where the warning was created)
@ptah-extension/vscode-lm-tools: Linting "@ptah-extension/vscode-lm-tools"...
@ptah-extension/memory-curator: [0m[0m
@ptah-extension/memory-curator: [0m[4mD:\projects\ptah-extension\libs\backend\memory-curator\src\lib\memory-search.service.spec.ts[24m[0m
@ptah-extension/memory-curator: [0m  [2m399:12[22m  [33mwarning[39m  Forbidden non-null assertion  [2m@typescript-eslint/no-non-null-assertion[22m[0m
@ptah-extension/memory-curator: [0m[0m
@ptah-extension/memory-curator: [0m[4mD:\projects\ptah-extension\libs\backend\memory-curator\src\lib\memory-search.service.ts[24m[0m
@ptah-extension/memory-curator: [0m  [2m810:1[22m  [33mwarning[39m  File has too many lines (852). Maximum allowed is 700  [2mmax-lines[22m[0m
@ptah-extension/memory-curator: [0m[0m
@ptah-extension/memory-curator: [0m[4mD:\projects\ptah-extension\libs\backend\memory-curator\src\lib\memory.store.ts[24m[0m
@ptah-extension/memory-curator: [0m  [2m841:1[22m  [33mwarning[39m  File has too many lines (706). Maximum allowed is 700  [2mmax-lines[22m[0m
@ptah-extension/memory-curator: [0m[0m
@ptah-extension/memory-curator: [0m[4mD:\projects\ptah-extension\libs\backend\memory-curator\src\lib\triggers\memory-trigger.coalesce.spec.ts[24m[0m
@ptah-extension/memory-curator: [0m  [2m12:3[22m  [33mwarning[39m  'PostToolUsePayload' is defined but never used. Allowed unused vars must match /^_/u  [2m@typescript-eslint/no-unused-vars[22m[0m
@ptah-extension/memory-curator: [0m  [2m23:3[22m  [33mwarning[39m  'ToolFailurePayload' is defined but never used. Allowed unused vars must match /^_/u  [2m@typescript-eslint/no-unused-vars[22m[0m
@ptah-extension/memory-curator: [0m[0m
@ptah-extension/memory-curator: [0m[4mD:\projects\ptah-extension\libs\backend\memory-curator\src\lib\triggers\memory-trigger.service.ts[24m[0m
@ptah-extension/memory-curator: [0m  [2m922:1[22m  [33mwarning[39m  File has too many lines (988). Maximum allowed is 700  [2mmax-lines[22m[0m
@ptah-extension/memory-curator: [0m[0m
@ptah-extension/memory-curator: [0m[33m[1m✖ 6 problems (0 errors, 6 warnings)[22m[39m[0m
@ptah-extension/memory-curator: [0m[33m[1m[22m[39m[0m
@ptah-extension/memory-curator: ✖ 6 problems (0 errors, 6 warnings)

> nx run @ptah-extension/chat-streaming:lint

@ptah-extension/chat-streaming: (node:16928) Warning: The 'NO_COLOR' env is ignored due to the 'FORCE_COLOR' env being 
set.
@ptah-extension/chat-streaming: (Use `node --trace-warnings ...` to show where the warning was created)
@ptah-extension/vscode-lm-tools: [0m[0m
@ptah-extension/vscode-lm-tools: [0m[4mD:\projects\ptah-extension\libs\backend\vscode-lm-tools\src\lib\code-execution\mcp-core\mcp-response-formatter.ts[24m[0m
@ptah-extension/vscode-lm-tools: [0m    [2m86:19[22m  [33mwarning[39m  Unexpected any. Specify a different type                [2m@typescript-eslint/no-explicit-any[22m[0m
@ptah-extension/vscode-lm-tools: [0m   [2m287:17[22m  [33mwarning[39m  Unexpected any. Specify a different type                [2m@typescript-eslint/no-explicit-any[22m[0m
@ptah-extension/vscode-lm-tools: [0m   [2m598:19[22m  [33mwarning[39m  Unexpected any. Specify a different type                [2m@typescript-eslint/no-explicit-any[22m[0m
@ptah-extension/vscode-lm-tools: [0m   [2m638:19[22m  [33mwarning[39m  Unexpected any. Specify a different type                [2m@typescript-eslint/no-explicit-any[22m[0m
@ptah-extension/vscode-lm-tools: [0m   [2m794:19[22m  [33mwarning[39m  Unexpected any. Specify a different type                [2m@typescript-eslint/no-explicit-any[22m[0m
@ptah-extension/vscode-lm-tools: [0m   [2m859:1[22m   [33mwarning[39m  File has too many lines (1091). Maximum allowed is 700  [2mmax-lines[22m[0m
@ptah-extension/vscode-lm-tools: [0m   [2m961:21[22m  [33mwarning[39m  Unexpected any. Specify a different type                [2m@typescript-eslint/no-explicit-any[22m[0m
@ptah-extension/vscode-lm-tools: [0m   [2m979:19[22m  [33mwarning[39m  Unexpected any. Specify a different type                [2m@typescript-eslint/no-explicit-any[22m[0m
@ptah-extension/vscode-lm-tools: [0m  [2m1072:19[22m  [33mwarning[39m  Unexpected any. Specify a different type                [2m@typescript-eslint/no-explicit-any[22m[0m
@ptah-extension/vscode-lm-tools: [0m  [2m1310:19[22m  [33mwarning[39m  Unexpected any. Specify a different type                [2m@typescript-eslint/no-explicit-any[22m[0m
@ptah-extension/vscode-lm-tools: [0m[0m
@ptah-extension/vscode-lm-tools: [0m[4mD:\projects\ptah-extension\libs\backend\vscode-lm-tools\src\lib\code-execution\mcp-core\protocol-dispatcher.ts[24m[0m
@ptah-extension/vscode-lm-tools: [0m  [2m912:1[22m  [33mwarning[39m  File has too many lines (1750). Maximum allowed is 700  [2mmax-lines[22m[0m
@ptah-extension/vscode-lm-tools: [0m[0m
@ptah-extension/vscode-lm-tools: [0m[4mD:\projects\ptah-extension\libs\backend\vscode-lm-tools\src\lib\code-execution\mcp-core\tool-description.builder.ts[24m[0m
@ptah-extension/vscode-lm-tools: [0m  [2m838:1[22m  [33mwarning[39m  File has too many lines (1502). Maximum allowed is 700  [2mmax-lines[22m[0m
@ptah-extension/vscode-lm-tools: [0m[0m
@ptah-extension/vscode-lm-tools: [0m[4mD:\projects\ptah-extension\libs\backend\vscode-lm-tools\src\lib\code-execution\namespace-builders\harness-namespace.builder.ts[24m[0m
@ptah-extension/vscode-lm-tools: [0m  [2m932:1[22m  [33mwarning[39m  File has too many lines (726). Maximum allowed is 700  [2mmax-lines[22m[0m
@ptah-extension/vscode-lm-tools: [0m[0m
@ptah-extension/vscode-lm-tools: [0m[4mD:\projects\ptah-extension\libs\backend\vscode-lm-tools\src\lib\code-execution\services\chrome-launcher-browser-capabilities.ts[24m[0m
@ptah-extension/vscode-lm-tools: [0m   [2m17:30[22m  [33mwarning[39m  Unexpected any. Specify a different type  [2m@typescript-eslint/no-explicit-any[22m[0m
@ptah-extension/vscode-lm-tools: [0m   [2m17:48[22m  [33mwarning[39m  Unexpected any. Specify a different type  [2m@typescript-eslint/no-explicit-any[22m[0m
@ptah-extension/vscode-lm-tools: [0m   [2m18:27[22m  [33mwarning[39m  Unexpected any. Specify a different type  [2m@typescript-eslint/no-explicit-any[22m[0m
@ptah-extension/vscode-lm-tools: [0m   [2m18:45[22m  [33mwarning[39m  Unexpected any. Specify a different type  [2m@typescript-eslint/no-explicit-any[22m[0m
@ptah-extension/vscode-lm-tools: [0m   [2m48:19[22m  [33mwarning[39m  Unexpected any. Specify a different type  [2m@typescript-eslint/no-explicit-any[22m[0m
@ptah-extension/vscode-lm-tools: [0m   [2m49:19[22m  [33mwarning[39m  Unexpected any. Specify a different type  [2m@typescript-eslint/no-explicit-any[22m[0m
@ptah-extension/vscode-lm-tools: [0m  [2m589:39[22m  [33mwarning[39m  Unexpected empty arrow function           [2m@typescript-eslint/no-empty-function[22m[0m
@ptah-extension/vscode-lm-tools: [0m  [2m634:68[22m  [33mwarning[39m  Unexpected empty arrow function           [2m@typescript-eslint/no-empty-function[22m[0m
@ptah-extension/vscode-lm-tools: [0m[0m
@ptah-extension/vscode-lm-tools: [0m[33m[1m✖ 21 problems (0 errors, 21 warnings)[22m[39m[0m
@ptah-extension/vscode-lm-tools: [0m[33m[1m[22m[39m[0m
@ptah-extension/vscode-lm-tools: ✖ 21 problems (0 errors, 21 warnings)

> nx run @ptah-extension/skill-synthesis-ui:lint

@ptah-extension/chat-streaming: Linting "@ptah-extension/chat-streaming"...
@ptah-extension/skill-synthesis-ui: (node:28416) Warning: The 'NO_COLOR' env is ignored due to the 'FORCE_COLOR' env 
being set.
@ptah-extension/skill-synthesis-ui: (Use `node --trace-warnings ...` to show where the warning was created)
@ptah-extension/skill-synthesis-ui: Linting "@ptah-extension/skill-synthesis-ui"...
@ptah-extension/chat-streaming: [0m[0m
@ptah-extension/chat-streaming: [0m[4mD:\projects\ptah-extension\libs\frontend\chat-streaming\src\lib\agent-monitor.store.ts[24m[0m
@ptah-extension/chat-streaming: [0m  [2m1145:1[22m  [33mwarning[39m  File has too many lines (1179). Maximum allowed is 700  [2mmax-lines[22m[0m
@ptah-extension/chat-streaming: [0m[0m
@ptah-extension/chat-streaming: [0m[4mD:\projects\ptah-extension\libs\frontend\chat-streaming\src\lib\streaming-event-cascade-clean.spec.ts[24m[0m
@ptah-extension/chat-streaming: [0m  [2m8:11[22m  [33mwarning[39m  'SeedTextDelta' is defined but never used. Allowed unused vars must match /^_/u  [2m@typescript-eslint/no-unused-vars[22m[0m
@ptah-extension/chat-streaming: [0m[0m
@ptah-extension/chat-streaming: [0m[33m[1m✖ 2 problems (0 errors, 2 warnings)[22m[39m[0m
@ptah-extension/chat-streaming: [0m[33m[1m[22m[39m[0m
@ptah-extension/chat-streaming: ✖ 2 problems (0 errors, 2 warnings)

> nx run @ptah-extension/marketplace:lint

@ptah-extension/marketplace: (node:38240) Warning: The 'NO_COLOR' env is ignored due to the 'FORCE_COLOR' env being 
set.
@ptah-extension/marketplace: (Use `node --trace-warnings ...` to show where the warning was created)
@ptah-extension/marketplace: Linting "@ptah-extension/marketplace"...
@ptah-extension/skill-synthesis-ui: [0m[0m
@ptah-extension/skill-synthesis-ui: [0m[4mD:\projects\ptah-extension\libs\frontend\skill-synthesis-ui\src\lib\components\skill-synthesis-tab.component.ts[24m[0m
@ptah-extension/skill-synthesis-ui: [0m  [2m731:1[22m  [33mwarning[39m  File has too many lines (1174). Maximum allowed is 700  [2mmax-lines[22m[0m
@ptah-extension/skill-synthesis-ui: [0m[0m
@ptah-extension/skill-synthesis-ui: [0m[33m[1m✖ 1 problem (0 errors, 1 warning)[22m[39m[0m
@ptah-extension/skill-synthesis-ui: [0m[33m[1m[22m[39m[0m
@ptah-extension/skill-synthesis-ui: ✖ 1 problem (0 errors, 1 warning)

> nx run @ptah-extension/memory-curator-ui:lint

@ptah-extension/memory-curator-ui: (node:15844) Warning: The 'NO_COLOR' env is ignored due to the 'FORCE_COLOR' env 
being set.
@ptah-extension/memory-curator-ui: (Use `node --trace-warnings ...` to show where the warning was created)
@ptah-extension/memory-curator-ui: Linting "@ptah-extension/memory-curator-ui"...
@ptah-extension/marketplace: [0m[0m
@ptah-extension/marketplace: [0m[4mD:\projects\ptah-extension\libs\frontend\marketplace\src\lib\external-marketplaces.component.ts[24m[0m
@ptah-extension/marketplace: [0m  [2m893:1[22m  [33mwarning[39m  File has too many lines (753). Maximum allowed is 700  [2mmax-lines[22m[0m
@ptah-extension/marketplace: [0m[0m
@ptah-extension/marketplace: [0m[4mD:\projects\ptah-extension\libs\frontend\marketplace\src\lib\oauth-surface.component.ts[24m[0m
@ptah-extension/marketplace: [0m  [2m895:1[22m  [33mwarning[39m  File has too many lines (722). Maximum allowed is 700  [2mmax-lines[22m[0m
@ptah-extension/marketplace: [0m[0m
@ptah-extension/marketplace: [0m[4mD:\projects\ptah-extension\libs\frontend\marketplace\src\lib\smithery-surface.component.ts[24m[0m
@ptah-extension/marketplace: [0m  [2m795:1[22m  [33mwarning[39m  File has too many lines (1277). Maximum allowed is 700  [2mmax-lines[22m[0m
@ptah-extension/marketplace: [0m[0m
@ptah-extension/marketplace: [0m[33m[1m✖ 3 problems (0 errors, 3 warnings)[22m[39m[0m
@ptah-extension/marketplace: [0m[33m[1m[22m[39m[0m
@ptah-extension/marketplace: ✖ 3 problems (0 errors, 3 warnings)

> nx run @ptah-extension/messaging-gateway:lint

@ptah-extension/messaging-gateway: (node:13464) Warning: The 'NO_COLOR' env is ignored due to the 'FORCE_COLOR' env 
being set.
@ptah-extension/messaging-gateway: (Use `node --trace-warnings ...` to show where the warning was created)
@ptah-extension/messaging-gateway: Linting "@ptah-extension/messaging-gateway"...
@ptah-extension/memory-curator-ui: [0m[0m
@ptah-extension/memory-curator-ui: [0m[4mD:\projects\ptah-extension\libs\frontend\memory-curator-ui\src\lib\components\diagnostics\db-health-panel.component.ts[24m[0m
@ptah-extension/memory-curator-ui: [0m  [2m424:3[22m  [33mwarning[39m  Missing accessibility modifier on method definition ngOnInit  [2m@typescript-eslint/explicit-member-accessibility[22m[0m
@ptah-extension/memory-curator-ui: [0m[0m
@ptah-extension/memory-curator-ui: [0m[4mD:\projects\ptah-extension\libs\frontend\memory-curator-ui\src\lib\services\vec-embedder-recovery.service.spec.ts[24m[0m
@ptah-extension/memory-curator-ui: [0m   [2m8:3[22m  [33mwarning[39m  Missing accessibility modifier on method definition constructor  [2m@typescript-eslint/explicit-member-accessibility[22m[0m
@ptah-extension/memory-curator-ui: [0m  [2m13:3[22m  [33mwarning[39m  Missing accessibility modifier on get property accessor success  [2m@typescript-eslint/explicit-member-accessibility[22m[0m
@ptah-extension/memory-curator-ui: [0m  [2m16:3[22m  [33mwarning[39m  Missing accessibility modifier on get property accessor data     [2m@typescript-eslint/explicit-member-accessibility[22m[0m
@ptah-extension/memory-curator-ui: [0m  [2m19:3[22m  [33mwarning[39m  Missing accessibility modifier on get property accessor error    [2m@typescript-eslint/explicit-member-accessibility[22m[0m
@ptah-extension/memory-curator-ui: [0m  [2m22:3[22m  [33mwarning[39m  Missing accessibility modifier on method definition isSuccess    [2m@typescript-eslint/explicit-member-accessibility[22m[0m
@ptah-extension/memory-curator-ui: [0m  [2m25:3[22m  [33mwarning[39m  Missing accessibility modifier on method definition isError      [2m@typescript-eslint/explicit-member-accessibility[22m[0m
@ptah-extension/memory-curator-ui: [0m  [2m31:3[22m  [33mwarning[39m  Missing accessibility modifier on class property callSpy         [2m@typescript-eslint/explicit-member-accessibility[22m[0m
@ptah-extension/memory-curator-ui: [0m  [2m32:3[22m  [33mwarning[39m  Missing accessibility modifier on method definition call         [2m@typescript-eslint/explicit-member-accessibility[22m[0m
@ptah-extension/memory-curator-ui: [0m[0m
@ptah-extension/memory-curator-ui: [0m[4mD:\projects\ptah-extension\libs\frontend\memory-curator-ui\src\lib\services\vec-embedder-recovery.service.ts[24m[0m
@ptah-extension/memory-curator-ui: [0m   [2m38:3[22m  [33mwarning[39m  Missing accessibility modifier on class property handledMessageTypes     [2m@typescript-eslint/explicit-member-accessibility[22m[0m
@ptah-extension/memory-curator-ui: [0m   [2m49:3[22m  [33mwarning[39m  Missing accessibility modifier on class property vecDiagnostic           [2m@typescript-eslint/explicit-member-accessibility[22m[0m
@ptah-extension/memory-curator-ui: [0m   [2m50:3[22m  [33mwarning[39m  Missing accessibility modifier on class property embedderStatus          [2m@typescript-eslint/explicit-member-accessibility[22m[0m
@ptah-extension/memory-curator-ui: [0m   [2m51:3[22m  [33mwarning[39m  Missing accessibility modifier on class property vecBusy                 [2m@typescript-eslint/explicit-member-accessibility[22m[0m
@ptah-extension/memory-curator-ui: [0m   [2m52:3[22m  [33mwarning[39m  Missing accessibility modifier on class property embedderBusy            [2m@typescript-eslint/explicit-member-accessibility[22m[0m
@ptah-extension/memory-curator-ui: [0m   [2m53:3[22m  [33mwarning[39m  Missing accessibility modifier on class property lastToast               [2m@typescript-eslint/explicit-member-accessibility[22m[0m
@ptah-extension/memory-curator-ui: [0m   [2m55:3[22m  [33mwarning[39m  Missing accessibility modifier on class property vecAvailable            [2m@typescript-eslint/explicit-member-accessibility[22m[0m
@ptah-extension/memory-curator-ui: [0m   [2m58:3[22m  [33mwarning[39m  Missing accessibility modifier on class property embedderReady           [2m@typescript-eslint/explicit-member-accessibility[22m[0m
@ptah-extension/memory-curator-ui: [0m   [2m61:3[22m  [33mwarning[39m  Missing accessibility modifier on class property embedderDownloading     [2m@typescript-eslint/explicit-member-accessibility[22m[0m
@ptah-extension/memory-curator-ui: [0m   [2m71:3[22m  [33mwarning[39m  Missing accessibility modifier on method definition handleMessage        [2m@typescript-eslint/explicit-member-accessibility[22m[0m
@ptah-extension/memory-curator-ui: [0m  [2m116:3[22m  [33mwarning[39m  Missing accessibility modifier on method definition prime                [2m@typescript-eslint/explicit-member-accessibility[22m[0m
@ptah-extension/memory-curator-ui: [0m  [2m120:3[22m  [33mwarning[39m  Missing accessibility modifier on method definition primeVecDiagnostic   [2m@typescript-eslint/explicit-member-accessibility[22m[0m
@ptah-extension/memory-curator-ui: [0m  [2m135:3[22m  [33mwarning[39m  Missing accessibility modifier on method definition primeEmbedderStatus  [2m@typescript-eslint/explicit-member-accessibility[22m[0m
@ptah-extension/memory-curator-ui: [0m  [2m150:3[22m  [33mwarning[39m  Missing accessibility modifier on method definition retryVec             [2m@typescript-eslint/explicit-member-accessibility[22m[0m
@ptah-extension/memory-curator-ui: [0m  [2m183:3[22m  [33mwarning[39m  Missing accessibility modifier on method definition retryEmbedder        [2m@typescript-eslint/explicit-member-accessibility[22m[0m
@ptah-extension/memory-curator-ui: [0m  [2m213:3[22m  [33mwarning[39m  Missing accessibility modifier on method definition openBindingFolder    [2m@typescript-eslint/explicit-member-accessibility[22m[0m
@ptah-extension/memory-curator-ui: [0m  [2m238:3[22m  [33mwarning[39m  Missing accessibility modifier on method definition copyDiagnostic       [2m@typescript-eslint/explicit-member-accessibility[22m[0m
@ptah-extension/memory-curator-ui: [0m  [2m260:3[22m  [33mwarning[39m  Missing accessibility modifier on method definition dismissToast         [2m@typescript-eslint/explicit-member-accessibility[22m[0m
@ptah-extension/memory-curator-ui: [0m[0m
@ptah-extension/memory-curator-ui: [0m[33m[1m✖ 27 problems (0 errors, 27 warnings)[22m[39m[0m
@ptah-extension/memory-curator-ui: [0m[33m[1m[22m[39m[0m
@ptah-extension/memory-curator-ui: ✖ 27 problems (0 errors, 27 warnings)

> nx run @ptah-extension/messaging-gateway-ui:lint

@ptah-extension/messaging-gateway-ui: (node:25380) Warning: The 'NO_COLOR' env is ignored due to the 'FORCE_COLOR' env 
being set.
@ptah-extension/messaging-gateway-ui: (Use `node --trace-warnings ...` to show where the warning was created)
@ptah-extension/messaging-gateway-ui: Linting "@ptah-extension/messaging-gateway-ui"...
@ptah-extension/messaging-gateway: [0m[0m
@ptah-extension/messaging-gateway: [0m[4mD:\projects\ptah-extension\libs\backend\messaging-gateway\src\lib\gateway.service.ts[24m[0m
@ptah-extension/messaging-gateway: [0m  [2m980:1[22m  [33mwarning[39m  File has too many lines (792). Maximum allowed is 700  [2mmax-lines[22m[0m
@ptah-extension/messaging-gateway: [0m[0m
@ptah-extension/messaging-gateway: [0m[33m[1m✖ 1 problem (0 errors, 1 warning)[22m[39m[0m
@ptah-extension/messaging-gateway: [0m[33m[1m[22m[39m[0m
@ptah-extension/messaging-gateway: ✖ 1 problem (0 errors, 1 warning)

> nx run @ptah-extension/cron-scheduler-ui:lint

@ptah-extension/messaging-gateway-ui: ✔ All files pass linting
@ptah-extension/cron-scheduler-ui: (node:18140) Warning: The 'NO_COLOR' env is ignored due to the 'FORCE_COLOR' env 
being set.
@ptah-extension/cron-scheduler-ui: (Use `node --trace-warnings ...` to show where the warning was created)

> nx run web-core:test

@ptah-extension/cron-scheduler-ui: Linting "@ptah-extension/cron-scheduler-ui"...
web-core: (node:32424) Warning: The 'NO_COLOR' env is ignored due to the 'FORCE_COLOR' env being set.
web-core: (Use `node --trace-warnings ...` to show where the warning was created)
web-core: (node:7528) Warning: The 'NO_COLOR' env is ignored due to the 'FORCE_COLOR' env being set.
web-core: (Use `node --trace-warnings ...` to show where the warning was created)
web-core: (node:18860) Warning: The 'NO_COLOR' env is ignored due to the 'FORCE_COLOR' env being set.
web-core: (Use `node --trace-warnings ...` to show where the warning was created)
web-core: (node:33712) Warning: The 'NO_COLOR' env is ignored due to the 'FORCE_COLOR' env being set.
web-core: (Use `node --trace-warnings ...` to show where the warning was created)
web-core: (node:2004) Warning: The 'NO_COLOR' env is ignored due to the 'FORCE_COLOR' env being set.
web-core: (Use `node --trace-warnings ...` to show where the warning was created)
@ptah-extension/cron-scheduler-ui: ✔ All files pass linting

> nx run @ptah-extension/dashboard:test

@ptah-extension/dashboard: (node:2704) Warning: The 'NO_COLOR' env is ignored due to the 'FORCE_COLOR' env being set.
@ptah-extension/dashboard: (Use `node --trace-warnings ...` to show where the warning was created)
@ptah-extension/dashboard: (node:6380) Warning: The 'NO_COLOR' env is ignored due to the 'FORCE_COLOR' env being set.
@ptah-extension/dashboard: (Use `node --trace-warnings ...` to show where the warning was created)
@ptah-extension/dashboard: (node:3796) Warning: The 'NO_COLOR' env is ignored due to the 'FORCE_COLOR' env being set.
@ptah-extension/dashboard: (Use `node --trace-warnings ...` to show where the warning was created)
@ptah-extension/dashboard: (node:22596) Warning: The 'NO_COLOR' env is ignored due to the 'FORCE_COLOR' env being set.
@ptah-extension/dashboard: (Use `node --trace-warnings ...` to show where the warning was created)
@ptah-extension/dashboard: (node:33108) Warning: The 'NO_COLOR' env is ignored due to the 'FORCE_COLOR' env being set.
@ptah-extension/dashboard: (Use `node --trace-warnings ...` to show where the warning was created)
@ptah-extension/dashboard: (node:13180) Warning: The 'NO_COLOR' env is ignored due to the 'FORCE_COLOR' env being set.
@ptah-extension/dashboard: (Use `node --trace-warnings ...` to show where the warning was created)
@ptah-extension/dashboard: (node:4332) Warning: The 'NO_COLOR' env is ignored due to the 'FORCE_COLOR' env being set.
@ptah-extension/dashboard: (Use `node --trace-warnings ...` to show where the warning was created)
@ptah-extension/dashboard: (node:25712) Warning: The 'NO_COLOR' env is ignored due to the 'FORCE_COLOR' env being set.
@ptah-extension/dashboard: (Use `node --trace-warnings ...` to show where the warning was created)
@ptah-extension/dashboard: (node:12596) Warning: The 'NO_COLOR' env is ignored due to the 'FORCE_COLOR' env being set.
@ptah-extension/dashboard: (Use `node --trace-warnings ...` to show where the warning was created)
web-core: [1mTest Suites: [22m[1m[32m4 passed[39m[22m, 4 total
web-core: [1mTests:       [22m[1m[32m25 passed[39m[22m, 25 total
web-core: [1mSnapshots:   [22m0 total
web-core: [1mTime:[22m        5.583 s
web-core: [2mRan all test suites[22m[2m.[22m

> nx run @ptah-extension/cron-scheduler:test

@ptah-extension/cron-scheduler: (node:38684) Warning: The 'NO_COLOR' env is ignored due to the 'FORCE_COLOR' env being 
set.
@ptah-extension/cron-scheduler: (Use `node --trace-warnings ...` to show where the warning was created)
@ptah-extension/cron-scheduler: (node:16804) Warning: The 'NO_COLOR' env is ignored due to the 'FORCE_COLOR' env being 
set.
@ptah-extension/cron-scheduler: (Use `node --trace-warnings ...` to show where the warning was created)
@ptah-extension/cron-scheduler: (node:36516) Warning: The 'NO_COLOR' env is ignored due to the 'FORCE_COLOR' env being 
set.
@ptah-extension/cron-scheduler: (Use `node --trace-warnings ...` to show where the warning was created)
@ptah-extension/cron-scheduler: (node:26036) Warning: The 'NO_COLOR' env is ignored due to the 'FORCE_COLOR' env being 
set.
@ptah-extension/cron-scheduler: (Use `node --trace-warnings ...` to show where the warning was created)
@ptah-extension/cron-scheduler: (node:35704) Warning: The 'NO_COLOR' env is ignored due to the 'FORCE_COLOR' env being 
set.
@ptah-extension/cron-scheduler: (Use `node --trace-warnings ...` to show where the warning was created)
@ptah-extension/cron-scheduler: (node:38464) Warning: The 'NO_COLOR' env is ignored due to the 'FORCE_COLOR' env being 
set.
@ptah-extension/cron-scheduler: (Use `node --trace-warnings ...` to show where the warning was created)
@ptah-extension/dashboard: [1mTest Suites: [22m[1m[32m8 passed[39m[22m, 8 total
@ptah-extension/dashboard: [1mTests:       [22m[1m[32m71 passed[39m[22m, 71 total
@ptah-extension/dashboard: [1mSnapshots:   [22m0 total
@ptah-extension/dashboard: [1mTime:[22m        23.786 s
@ptah-extension/dashboard: [2mRan all test suites[22m[2m.[22m

> nx run @ptah-extension/skill-synthesis:test

@ptah-extension/skill-synthesis: (node:10088) Warning: The 'NO_COLOR' env is ignored due to the 'FORCE_COLOR' env 
being set.
@ptah-extension/skill-synthesis: (Use `node --trace-warnings ...` to show where the warning was created)
@ptah-extension/skill-synthesis: (node:23288) Warning: The 'NO_COLOR' env is ignored due to the 'FORCE_COLOR' env 
being set.
@ptah-extension/skill-synthesis: (Use `node --trace-warnings ...` to show where the warning was created)
@ptah-extension/skill-synthesis: (node:39736) Warning: The 'NO_COLOR' env is ignored due to the 'FORCE_COLOR' env 
being set.
@ptah-extension/skill-synthesis: (Use `node --trace-warnings ...` to show where the warning was created)
@ptah-extension/skill-synthesis: (node:30708) Warning: The 'NO_COLOR' env is ignored due to the 'FORCE_COLOR' env 
being set.
@ptah-extension/skill-synthesis: (Use `node --trace-warnings ...` to show where the warning was created)
@ptah-extension/skill-synthesis: (node:29440) Warning: The 'NO_COLOR' env is ignored due to the 'FORCE_COLOR' env 
being set.
@ptah-extension/skill-synthesis: (Use `node --trace-warnings ...` to show where the warning was created)
@ptah-extension/skill-synthesis: (node:38000) Warning: The 'NO_COLOR' env is ignored due to the 'FORCE_COLOR' env 
being set.
@ptah-extension/skill-synthesis: (Use `node --trace-warnings ...` to show where the warning was created)
@ptah-extension/skill-synthesis: (node:29056) Warning: The 'NO_COLOR' env is ignored due to the 'FORCE_COLOR' env 
being set.
@ptah-extension/skill-synthesis: (Use `node --trace-warnings ...` to show where the warning was created)
@ptah-extension/skill-synthesis: (node:32264) Warning: The 'NO_COLOR' env is ignored due to the 'FORCE_COLOR' env 
being set.
@ptah-extension/skill-synthesis: (Use `node --trace-warnings ...` to show where the warning was created)
@ptah-extension/skill-synthesis: (node:30172) Warning: The 'NO_COLOR' env is ignored due to the 'FORCE_COLOR' env 
being set.
@ptah-extension/skill-synthesis: (Use `node --trace-warnings ...` to show where the warning was created)
@ptah-extension/cron-scheduler: [1mTest Suites: [22m[1m[32m5 passed[39m[22m, 5 total
@ptah-extension/cron-scheduler: [1mTests:       [22m[1m[32m46 passed[39m[22m, 46 total
@ptah-extension/cron-scheduler: [1mSnapshots:   [22m0 total
@ptah-extension/cron-scheduler: [1mTime:[22m        40.717 s
@ptah-extension/cron-scheduler: [2mRan all test suites[22m[2m.[22m

> nx run @ptah-extension/voice-providers:test

@ptah-extension/voice-providers: (node:20788) Warning: The 'NO_COLOR' env is ignored due to the 'FORCE_COLOR' env 
being set.
@ptah-extension/voice-providers: (Use `node --trace-warnings ...` to show where the warning was created)
@ptah-extension/voice-providers: (node:20788) Warning: Failed to load the ES module: 
D:\projects\ptah-extension\libs\backend\voice-providers\jest.config.ts. Make sure to set "type": "module" in the 
nearest package.json file or use the .mjs extension.
@ptah-extension/voice-providers: (node:31456) Warning: The 'NO_COLOR' env is ignored due to the 'FORCE_COLOR' env 
being set.
@ptah-extension/voice-providers: (Use `node --trace-warnings ...` to show where the warning was created)
@ptah-extension/voice-providers: (node:37900) Warning: The 'NO_COLOR' env is ignored due to the 'FORCE_COLOR' env 
being set.
@ptah-extension/voice-providers: (Use `node --trace-warnings ...` to show where the warning was created)
@ptah-extension/voice-providers: (node:25276) Warning: The 'NO_COLOR' env is ignored due to the 'FORCE_COLOR' env 
being set.
@ptah-extension/voice-providers: (Use `node --trace-warnings ...` to show where the warning was created)
@ptah-extension/voice-providers: (node:39616) Warning: The 'NO_COLOR' env is ignored due to the 'FORCE_COLOR' env 
being set.
@ptah-extension/voice-providers: (Use `node --trace-warnings ...` to show where the warning was created)
@ptah-extension/voice-providers: (node:7728) Warning: The 'NO_COLOR' env is ignored due to the 'FORCE_COLOR' env being 
set.
@ptah-extension/voice-providers: (Use `node --trace-warnings ...` to show where the warning was created)
@ptah-extension/voice-providers: (node:29980) Warning: The 'NO_COLOR' env is ignored due to the 'FORCE_COLOR' env 
being set.
@ptah-extension/voice-providers: (Use `node --trace-warnings ...` to show where the warning was created)
@ptah-extension/voice-providers: (node:16544) Warning: The 'NO_COLOR' env is ignored due to the 'FORCE_COLOR' env 
being set.
@ptah-extension/voice-providers: (Use `node --trace-warnings ...` to show where the warning was created)
@ptah-extension/voice-providers: (node:39660) Warning: The 'NO_COLOR' env is ignored due to the 'FORCE_COLOR' env 
being set.
@ptah-extension/voice-providers: (Use `node --trace-warnings ...` to show where the warning was created)
@ptah-extension/voice-providers: [1mTest Suites: [22m[1m[32m9 passed[39m[22m, 9 total
@ptah-extension/voice-providers: [1mTests:       [22m[1m[32m124 passed[39m[22m, 124 total
@ptah-extension/voice-providers: [1mSnapshots:   [22m0 total
@ptah-extension/voice-providers: [1mTime:[22m        32.575 s
@ptah-extension/voice-providers: [2mRan all test suites[22m[2m.[22m

> nx run @ptah-extension/dashboard:typecheck

@ptah-extension/dashboard: (node:28820) Warning: The 'NO_COLOR' env is ignored due to the 'FORCE_COLOR' env being set.
@ptah-extension/dashboard: (Use `node --trace-warnings ...` to show where the warning was created)
@ptah-extension/dashboard: (node:16796) Warning: The 'NO_COLOR' env is ignored due to the 'FORCE_COLOR' env being set.
@ptah-extension/dashboard: (Use `node --trace-warnings ...` to show where the warning was created)
@ptah-extension/skill-synthesis: [1mTest Suites: [22m[1m[33m1 skipped[39m[22m, [1m[32m81 passed[39m[22m, 81 
of 82 total
@ptah-extension/skill-synthesis: [1mTests:       [22m[1m[33m1 skipped[39m[22m, [1m[32m1581 passed[39m[22m, 
1582 total
@ptah-extension/skill-synthesis: [1mSnapshots:   [22m0 total
@ptah-extension/skill-synthesis: [1mTime:[22m        67.548 s
@ptah-extension/skill-synthesis: [2mRan all test suites[22m[2m.[22m

> nx run @ptah-extension/skill-synthesis:typecheck


> nx run @ptah-extension/cron-scheduler:typecheck


> nx run web-core:typecheck

web-core: (node:37028) Warning: The 'NO_COLOR' env is ignored due to the 'FORCE_COLOR' env being set.
web-core: (Use `node --trace-warnings ...` to show where the warning was created)

> nx run @ptah-extension/voice-providers:typecheck

web-core: (node:38620) Warning: The 'NO_COLOR' env is ignored due to the 'FORCE_COLOR' env being set.
web-core: (Use `node --trace-warnings ...` to show where the warning was created)

> nx run @ptah-extension/skill-synthesis:lint

@ptah-extension/skill-synthesis: (node:18660) Warning: The 'NO_COLOR' env is ignored due to the 'FORCE_COLOR' env 
being set.
@ptah-extension/skill-synthesis: (Use `node --trace-warnings ...` to show where the warning was created)
@ptah-extension/skill-synthesis: Linting "@ptah-extension/skill-synthesis"...

> nx run @ptah-extension/dashboard:lint

@ptah-extension/dashboard: (node:39464) Warning: The 'NO_COLOR' env is ignored due to the 'FORCE_COLOR' env being set.
@ptah-extension/dashboard: (Use `node --trace-warnings ...` to show where the warning was created)
@ptah-extension/dashboard: Linting "@ptah-extension/dashboard"...
@ptah-extension/dashboard: ✔ All files pass linting

> nx run @ptah-extension/voice-providers:lint

@ptah-extension/voice-providers: (node:30312) Warning: The 'NO_COLOR' env is ignored due to the 'FORCE_COLOR' env 
being set.
@ptah-extension/voice-providers: (Use `node --trace-warnings ...` to show where the warning was created)
@ptah-extension/voice-providers: Linting "@ptah-extension/voice-providers"...
@ptah-extension/skill-synthesis: [0m[0m
@ptah-extension/skill-synthesis: [0m[4mD:\projects\ptah-extension\libs\backend\skill-synthesis\src\lib\digest\skill-gap-curator.service.ts[24m[0m
@ptah-extension/skill-synthesis: [0m  [2m1195:1[22m  [33mwarning[39m  File has too many lines (757). Maximum allowed is 700  [2mmax-lines[22m[0m
@ptah-extension/skill-synthesis: [0m[0m
@ptah-extension/skill-synthesis: [0m[4mD:\projects\ptah-extension\libs\backend\skill-synthesis\src\lib\r10-enhancement-window.spec.ts[24m[0m
@ptah-extension/skill-synthesis: [0m  [2m30:3[22m   [33mwarning[39m  Unused eslint-disable directive (no problems were reported from '@typescript-eslint/no-explicit-any')[0m
@ptah-extension/skill-synthesis: [0m  [2m32:18[22m  [33mwarning[39m  Unexpected any. Specify a different type                                                                  [2m@typescript-eslint/no-explicit-any[22m[0m
@ptah-extension/skill-synthesis: [0m  [2m32:26[22m  [33mwarning[39m  Unexpected any. Specify a different type                                                                  [2m@typescript-eslint/no-explicit-any[22m[0m
@ptah-extension/skill-synthesis: [0m  [2m33:18[22m  [33mwarning[39m  Unexpected any. Specify a different type                                                                  [2m@typescript-eslint/no-explicit-any[22m[0m
@ptah-extension/skill-synthesis: [0m  [2m33:26[22m  [33mwarning[39m  Unexpected any. Specify a different type                                                                  [2m@typescript-eslint/no-explicit-any[22m[0m
@ptah-extension/skill-synthesis: [0m  [2m34:18[22m  [33mwarning[39m  Unexpected any. Specify a different type                                                                  [2m@typescript-eslint/no-explicit-any[22m[0m
@ptah-extension/skill-synthesis: [0m  [2m34:26[22m  [33mwarning[39m  Unexpected any. Specify a different type                                                                  [2m@typescript-eslint/no-explicit-any[22m[0m
@ptah-extension/skill-synthesis: [0m  [2m43:3[22m   [33mwarning[39m  Unused eslint-disable directive (no problems were reported from '@typescript-eslint/no-require-imports')[0m
@ptah-extension/skill-synthesis: [0m  [2m56:1[22m   [33mwarning[39m  Unused eslint-disable directive (no problems were reported from '@typescript-eslint/no-require-imports')[0m
@ptah-extension/skill-synthesis: [0m[0m
@ptah-extension/skill-synthesis: [0m[4mD:\projects\ptah-extension\libs\backend\skill-synthesis\src\lib\skill-candidate.store.ts[24m[0m
@ptah-extension/skill-synthesis: [0m  [2m1002:1[22m  [33mwarning[39m  File has too many lines (1212). Maximum allowed is 700  [2mmax-lines[22m[0m
@ptah-extension/skill-synthesis: [0m[0m
@ptah-extension/skill-synthesis: [0m[4mD:\projects\ptah-extension\libs\backend\skill-synthesis\src\lib\skill-curator.service.ts[24m[0m
@ptah-extension/skill-synthesis: [0m  [2m851:1[22m  [33mwarning[39m  File has too many lines (725). Maximum allowed is 700  [2mmax-lines[22m[0m
@ptah-extension/skill-synthesis: [0m[0m
@ptah-extension/skill-synthesis: [0m[4mD:\projects\ptah-extension\libs\backend\skill-synthesis\src\lib\skill-enhancer.service.ts[24m[0m
@ptah-extension/skill-synthesis: [0m  [2m949:1[22m  [33mwarning[39m  File has too many lines (857). Maximum allowed is 700  [2mmax-lines[22m[0m
@ptah-extension/skill-synthesis: [0m[0m
@ptah-extension/skill-synthesis: [0m[4mD:\projects\ptah-extension\libs\backend\skill-synthesis\src\lib\skill-registry-reconcile-wiring.spec.ts[24m[0m
@ptah-extension/skill-synthesis: [0m  [2m18:3[22m   [33mwarning[39m  Unused eslint-disable directive (no problems were reported from '@typescript-eslint/no-explicit-any')[0m
@ptah-extension/skill-synthesis: [0m  [2m20:18[22m  [33mwarning[39m  Unexpected any. Specify a different type                                                                  [2m@typescript-eslint/no-explicit-any[22m[0m
@ptah-extension/skill-synthesis: [0m  [2m20:26[22m  [33mwarning[39m  Unexpected any. Specify a different type                                                                  [2m@typescript-eslint/no-explicit-any[22m[0m
@ptah-extension/skill-synthesis: [0m  [2m21:18[22m  [33mwarning[39m  Unexpected any. Specify a different type                                                                  [2m@typescript-eslint/no-explicit-any[22m[0m
@ptah-extension/skill-synthesis: [0m  [2m21:26[22m  [33mwarning[39m  Unexpected any. Specify a different type                                                                  [2m@typescript-eslint/no-explicit-any[22m[0m
@ptah-extension/skill-synthesis: [0m  [2m22:18[22m  [33mwarning[39m  Unexpected any. Specify a different type                                                                  [2m@typescript-eslint/no-explicit-any[22m[0m
@ptah-extension/skill-synthesis: [0m  [2m22:26[22m  [33mwarning[39m  Unexpected any. Specify a different type                                                                  [2m@typescript-eslint/no-explicit-any[22m[0m
@ptah-extension/skill-synthesis: [0m  [2m29:3[22m   [33mwarning[39m  Unused eslint-disable directive (no problems were reported from '@typescript-eslint/no-require-imports')[0m
@ptah-extension/skill-synthesis: [0m  [2m42:1[22m   [33mwarning[39m  Unused eslint-disable directive (no problems were reported from '@typescript-eslint/no-require-imports')[0m
@ptah-extension/skill-synthesis: [0m[0m
@ptah-extension/skill-synthesis: [0m[4mD:\projects\ptah-extension\libs\backend\skill-synthesis\src\lib\skill-registry.store.spec.ts[24m[0m
@ptah-extension/skill-synthesis: [0m  [2m13:3[22m   [33mwarning[39m  Unused eslint-disable directive (no problems were reported from '@typescript-eslint/no-explicit-any')[0m
@ptah-extension/skill-synthesis: [0m  [2m15:18[22m  [33mwarning[39m  Unexpected any. Specify a different type                                                                  [2m@typescript-eslint/no-explicit-any[22m[0m
@ptah-extension/skill-synthesis: [0m  [2m15:26[22m  [33mwarning[39m  Unexpected any. Specify a different type                                                                  [2m@typescript-eslint/no-explicit-any[22m[0m
@ptah-extension/skill-synthesis: [0m  [2m16:18[22m  [33mwarning[39m  Unexpected any. Specify a different type                                                                  [2m@typescript-eslint/no-explicit-any[22m[0m
@ptah-extension/skill-synthesis: [0m  [2m16:26[22m  [33mwarning[39m  Unexpected any. Specify a different type                                                                  [2m@typescript-eslint/no-explicit-any[22m[0m
@ptah-extension/skill-synthesis: [0m  [2m17:18[22m  [33mwarning[39m  Unexpected any. Specify a different type                                                                  [2m@typescript-eslint/no-explicit-any[22m[0m
@ptah-extension/skill-synthesis: [0m  [2m17:26[22m  [33mwarning[39m  Unexpected any. Specify a different type                                                                  [2m@typescript-eslint/no-explicit-any[22m[0m
@ptah-extension/skill-synthesis: [0m  [2m24:3[22m   [33mwarning[39m  Unused eslint-disable directive (no problems were reported from '@typescript-eslint/no-require-imports')[0m
@ptah-extension/skill-synthesis: [0m  [2m37:1[22m   [33mwarning[39m  Unused eslint-disable directive (no problems were reported from '@typescript-eslint/no-require-imports')[0m
@ptah-extension/skill-synthesis: [0m[0m
@ptah-extension/skill-synthesis: [0m[4mD:\projects\ptah-extension\libs\backend\skill-synthesis\src\lib\skill-synthesis.service.ts[24m[0m
@ptah-extension/skill-synthesis: [0m  [2m1005:1[22m  [33mwarning[39m  File has too many lines (994). Maximum allowed is 700  [2mmax-lines[22m[0m
@ptah-extension/skill-synthesis: [0m[0m
@ptah-extension/skill-synthesis: [0m[4mD:\projects\ptah-extension\libs\backend\skill-synthesis\src\lib\spec-harvester.concurrent-attribution.spec.ts[24m[0m
@ptah-extension/skill-synthesis: [0m  [2m38:3[22m  [33mwarning[39m  Unused eslint-disable directive (no problems were reported from '@typescript-eslint/no-require-imports')[0m
@ptah-extension/skill-synthesis: [0m  [2m51:1[22m  [33mwarning[39m  Unused eslint-disable directive (no problems were reported from '@typescript-eslint/no-require-imports')[0m
@ptah-extension/skill-synthesis: [0m[0m
@ptah-extension/skill-synthesis: [0m[4mD:\projects\ptah-extension\libs\backend\skill-synthesis\src\lib\triggers\skill-trigger.service.ts[24m[0m
@ptah-extension/skill-synthesis: [0m  [2m888:1[22m  [33mwarning[39m  File has too many lines (784). Maximum allowed is 700  [2mmax-lines[22m[0m
@ptah-extension/skill-synthesis: [0m[0m
@ptah-extension/skill-synthesis: [0m[33m[1m✖ 35 problems (0 errors, 35 warnings)[22m[39m[0m
@ptah-extension/skill-synthesis: [0m[33m[1m[22m[39m[33m[1m  0 errors and 11 warnings potentially fixable with the `--fix` option.[22m[39m[0m
@ptah-extension/skill-synthesis: [0m[33m[1m[22m[39m[0m
@ptah-extension/skill-synthesis: ✖ 35 problems (0 errors, 35 warnings)
@ptah-extension/skill-synthesis:   0 errors and 11 warnings are potentially fixable with the `--fix` option.

> nx run @ptah-extension/cron-scheduler:lint

@ptah-extension/cron-scheduler: (node:34024) Warning: The 'NO_COLOR' env is ignored due to the 'FORCE_COLOR' env being 
set.
@ptah-extension/cron-scheduler: (Use `node --trace-warnings ...` to show where the warning was created)
@ptah-extension/cron-scheduler: Linting "@ptah-extension/cron-scheduler"...
@ptah-extension/voice-providers: ✔ All files pass linting

> nx run web-core:lint

web-core: (node:1440) Warning: The 'NO_COLOR' env is ignored due to the 'FORCE_COLOR' env being set.
web-core: (Use `node --trace-warnings ...` to show where the warning was created)
web-core: Linting "web-core"...
@ptah-extension/cron-scheduler: ✔ All files pass linting

> nx run @ptah-extension/thoth-shell:test

@ptah-extension/thoth-shell: (node:30736) Warning: The 'NO_COLOR' env is ignored due to the 'FORCE_COLOR' env being 
set.
@ptah-extension/thoth-shell: (Use `node --trace-warnings ...` to show where the warning was created)
web-core: [0m[0m
web-core: [0m[4mD:\projects\ptah-extension\libs\web\core\src\lib\services\github-release.service.ts[24m[0m
web-core: [0m  [2m43:3[22m  [33mwarning[39m  Missing accessibility modifier on class property releases          [2m@typescript-eslint/explicit-member-accessibility[22m[0m
web-core: [0m  [2m44:3[22m  [33mwarning[39m  Missing accessibility modifier on class property loading           [2m@typescript-eslint/explicit-member-accessibility[22m[0m
web-core: [0m  [2m45:3[22m  [33mwarning[39m  Missing accessibility modifier on class property error             [2m@typescript-eslint/explicit-member-accessibility[22m[0m
web-core: [0m  [2m47:3[22m  [33mwarning[39m  Missing accessibility modifier on method definition fetchReleases  [2m@typescript-eslint/explicit-member-accessibility[22m[0m
web-core: [0m[0m
web-core: [0m[4mD:\projects\ptah-extension\libs\web\core\src\lib\services\seo.service.ts[24m[0m
web-core: [0m  [2m35:3[22m  [33mwarning[39m  Missing accessibility modifier on method definition setPage  [2m@typescript-eslint/explicit-member-accessibility[22m[0m
web-core: [0m[0m
web-core: [0m[33m[1m✖ 5 problems (0 errors, 5 warnings)[22m[39m[0m
web-core: [0m[33m[1m[22m[39m[0m
web-core: ✖ 5 problems (0 errors, 5 warnings)

> nx run @ptah-extension/notification-center:lint

@ptah-extension/notification-center: (node:24196) Warning: The 'NO_COLOR' env is ignored due to the 'FORCE_COLOR' env 
being set.
@ptah-extension/notification-center: (Use `node --trace-warnings ...` to show where the warning was created)
@ptah-extension/notification-center: Linting "@ptah-extension/notification-center"...
@ptah-extension/notification-center: ✔ All files pass linting

> nx run @ptah-extension/notification-center:typecheck

@ptah-extension/notification-center: (node:38556) Warning: The 'NO_COLOR' env is ignored due to the 'FORCE_COLOR' env being set.
@ptah-extension/notification-center: (Use `node --trace-warnings ...` to show where the warning was created)
@ptah-extension/notification-center: (node:35672) Warning: The 'NO_COLOR' env is ignored due to the 'FORCE_COLOR' env being set.
@ptah-extension/notification-center: (Use `node --trace-warnings ...` to show where the warning was created)
@ptah-extension/thoth-shell: [1mTest Suites: [22m[1m[32m1 passed[39m[22m, 1 total
@ptah-extension/thoth-shell: [1mTests:       [22m[1m[32m5 passed[39m[22m, 5 total
@ptah-extension/thoth-shell: [1mSnapshots:   [22m0 total
@ptah-extension/thoth-shell: [1mTime:[22m        10.009 s
@ptah-extension/thoth-shell: [2mRan all test suites[22m[2m.[22m

> nx run @ptah-extension/notification-center:test

@ptah-extension/notification-center: (node:4444) Warning: The 'NO_COLOR' env is ignored due to the 'FORCE_COLOR' env 
being set.
@ptah-extension/notification-center: (Use `node --trace-warnings ...` to show where the warning was created)

> nx run @ptah-extension/chat-routing:test

@ptah-extension/chat-routing: (node:16652) Warning: The 'NO_COLOR' env is ignored due to the 'FORCE_COLOR' env being 
set.
@ptah-extension/chat-routing: (Use `node --trace-warnings ...` to show where the warning was created)
@ptah-extension/notification-center: (node:25672) Warning: The 'NO_COLOR' env is ignored due to the 'FORCE_COLOR' env 
being set.
@ptah-extension/notification-center: (Use `node --trace-warnings ...` to show where the warning was created)
@ptah-extension/notification-center: (node:19368) Warning: The 'NO_COLOR' env is ignored due to the 'FORCE_COLOR' env 
being set.
@ptah-extension/notification-center: (Use `node --trace-warnings ...` to show where the warning was created)
@ptah-extension/notification-center: (node:15648) Warning: The 'NO_COLOR' env is ignored due to the 'FORCE_COLOR' env 
being set.
@ptah-extension/notification-center: (Use `node --trace-warnings ...` to show where the warning was created)
@ptah-extension/notification-center: (node:34708) Warning: The 'NO_COLOR' env is ignored due to the 'FORCE_COLOR' env 
being set.
@ptah-extension/notification-center: (Use `node --trace-warnings ...` to show where the warning was created)
@ptah-extension/chat-routing: (node:35168) Warning: The 'NO_COLOR' env is ignored due to the 'FORCE_COLOR' env being 
set.
@ptah-extension/chat-routing: (Use `node --trace-warnings ...` to show where the warning was created)
@ptah-extension/chat-routing: (node:16480) Warning: The 'NO_COLOR' env is ignored due to the 'FORCE_COLOR' env being 
set.
@ptah-extension/chat-routing: (Use `node --trace-warnings ...` to show where the warning was created)
@ptah-extension/chat-routing: (node:13128) Warning: The 'NO_COLOR' env is ignored due to the 'FORCE_COLOR' env being 
set.
@ptah-extension/chat-routing: (Use `node --trace-warnings ...` to show where the warning was created)
@ptah-extension/chat-routing: (node:34712) Warning: The 'NO_COLOR' env is ignored due to the 'FORCE_COLOR' env being 
set.
@ptah-extension/chat-routing: (Use `node --trace-warnings ...` to show where the warning was created)
@ptah-extension/chat-routing: (node:484) Warning: The 'NO_COLOR' env is ignored due to the 'FORCE_COLOR' env being set.
@ptah-extension/chat-routing: (Use `node --trace-warnings ...` to show where the warning was created)
@ptah-extension/chat-routing: [1mTest Suites: [22m[1m[32m5 passed[39m[22m, 5 total
@ptah-extension/chat-routing: [1mTests:       [22m[1m[32m135 passed[39m[22m, 135 total
@ptah-extension/chat-routing: [1mSnapshots:   [22m0 total
@ptah-extension/chat-routing: [1mTime:[22m        14.306 s
@ptah-extension/chat-routing: [2mRan all test suites[22m[2m.[22m

> nx run api-notifications:test

api-notifications: (node:12280) Warning: The 'NO_COLOR' env is ignored due to the 'FORCE_COLOR' env being set.
api-notifications: (Use `node --trace-warnings ...` to show where the warning was created)
@ptah-extension/notification-center: [1mTest Suites: [22m[1m[32m4 passed[39m[22m, 4 total
@ptah-extension/notification-center: [1mTests:       [22m[1m[32m22 passed[39m[22m, 22 total
@ptah-extension/notification-center: [1mSnapshots:   [22m0 total
@ptah-extension/notification-center: [1mTime:[22m        16.58 s
@ptah-extension/notification-center: [2mRan all test suites[22m[2m.[22m

> nx run api-youtube:test

api-youtube: (node:22192) Warning: The 'NO_COLOR' env is ignored due to the 'FORCE_COLOR' env being set.
api-youtube: (Use `node --trace-warnings ...` to show where the warning was created)
api-notifications: (node:27536) Warning: The 'NO_COLOR' env is ignored due to the 'FORCE_COLOR' env being set.
api-notifications: (Use `node --trace-warnings ...` to show where the warning was created)
api-notifications: (node:23304) Warning: The 'NO_COLOR' env is ignored due to the 'FORCE_COLOR' env being set.
api-notifications: (Use `node --trace-warnings ...` to show where the warning was created)
api-notifications: (node:33364) Warning: The 'NO_COLOR' env is ignored due to the 'FORCE_COLOR' env being set.
api-notifications: (Use `node --trace-warnings ...` to show where the warning was created)
api-notifications: (node:21568) Warning: The 'NO_COLOR' env is ignored due to the 'FORCE_COLOR' env being set.
api-notifications: (Use `node --trace-warnings ...` to show where the warning was created)
api-notifications: (node:12596) Warning: The 'NO_COLOR' env is ignored due to the 'FORCE_COLOR' env being set.
api-notifications: (Use `node --trace-warnings ...` to show where the warning was created)
api-youtube: (node:7120) Warning: The 'NO_COLOR' env is ignored due to the 'FORCE_COLOR' env being set.
api-youtube: (Use `node --trace-warnings ...` to show where the warning was created)
api-youtube: (node:24480) Warning: The 'NO_COLOR' env is ignored due to the 'FORCE_COLOR' env being set.
api-youtube: (Use `node --trace-warnings ...` to show where the warning was created)
api-youtube: (node:39400) Warning: The 'NO_COLOR' env is ignored due to the 'FORCE_COLOR' env being set.
api-youtube: (Use `node --trace-warnings ...` to show where the warning was created)
api-youtube: (node:23008) Warning: The 'NO_COLOR' env is ignored due to the 'FORCE_COLOR' env being set.
api-youtube: (Use `node --trace-warnings ...` to show where the warning was created)
api-youtube: [1mTest Suites: [22m[1m[32m4 passed[39m[22m, 4 total
api-youtube: [1mTests:       [22m[1m[32m119 passed[39m[22m, 119 total
api-youtube: [1mSnapshots:   [22m0 total
api-youtube: [1mTime:[22m        9.689 s
api-youtube: [2mRan all test suites[22m[2m.[22m

> nx run @ptah-extension/rpc-handlers:test

@ptah-extension/rpc-handlers: (node:16764) Warning: The 'NO_COLOR' env is ignored due to the 'FORCE_COLOR' env being 
set.
@ptah-extension/rpc-handlers: (Use `node --trace-warnings ...` to show where the warning was created)
@ptah-extension/rpc-handlers: (node:16764) Warning: Failed to load the ES module: 
D:\projects\ptah-extension\libs\backend\rpc-handlers\jest.config.ts. Make sure to set "type": "module" in the nearest 
package.json file or use the .mjs extension.
@ptah-extension/rpc-handlers: (node:31092) Warning: The 'NO_COLOR' env is ignored due to the 'FORCE_COLOR' env being 
set.
@ptah-extension/rpc-handlers: (Use `node --trace-warnings ...` to show where the warning was created)
@ptah-extension/rpc-handlers: (node:35852) Warning: The 'NO_COLOR' env is ignored due to the 'FORCE_COLOR' env being 
set.
@ptah-extension/rpc-handlers: (Use `node --trace-warnings ...` to show where the warning was created)
@ptah-extension/rpc-handlers: (node:31508) Warning: The 'NO_COLOR' env is ignored due to the 'FORCE_COLOR' env being 
set.
@ptah-extension/rpc-handlers: (Use `node --trace-warnings ...` to show where the warning was created)
@ptah-extension/rpc-handlers: (node:25824) Warning: The 'NO_COLOR' env is ignored due to the 'FORCE_COLOR' env being 
set.
@ptah-extension/rpc-handlers: (Use `node --trace-warnings ...` to show where the warning was created)
@ptah-extension/rpc-handlers: (node:11096) Warning: The 'NO_COLOR' env is ignored due to the 'FORCE_COLOR' env being 
set.
@ptah-extension/rpc-handlers: (Use `node --trace-warnings ...` to show where the warning was created)
@ptah-extension/rpc-handlers: (node:22304) Warning: The 'NO_COLOR' env is ignored due to the 'FORCE_COLOR' env being 
set.
@ptah-extension/rpc-handlers: (Use `node --trace-warnings ...` to show where the warning was created)
@ptah-extension/rpc-handlers: (node:18280) Warning: The 'NO_COLOR' env is ignored due to the 'FORCE_COLOR' env being 
set.
@ptah-extension/rpc-handlers: (Use `node --trace-warnings ...` to show where the warning was created)
@ptah-extension/rpc-handlers: (node:7000) Warning: The 'NO_COLOR' env is ignored due to the 'FORCE_COLOR' env being 
set.
@ptah-extension/rpc-handlers: (Use `node --trace-warnings ...` to show where the warning was created)
api-notifications: [Nest] 33364  - 09/21/2026, 12:41:11 AM    WARN [NotificationsService] Skipping notification bad: kind="topic.deleted" targetType="Topic" is outside the contract vocabulary. Only NotificationsService.create writes this table, so this row did not come through it.
api-notifications: [Nest] 33364  - 09/21/2026, 12:41:11 AM   ERROR [NotificationsService] Notification write failed on 
a foreign key: P2003. The recipient or actor has no users row.
api-notifications: [Nest] 23304  - 09/21/2026, 12:41:13 AM     LOG [NotificationRetentionService] Notification retention prune: deleted 1 read notification(s) created before 2026-05-12T04:00:00.000Z (90 days).
api-notifications: [Nest] 23304  - 09/21/2026, 12:41:13 AM     LOG [NotificationRetentionService] Notification retention prune: deleted 1 read notification(s) created before 2026-05-12T04:00:00.000Z (90 days).
api-notifications: [Nest] 23304  - 09/21/2026, 12:41:13 AM     LOG [NotificationRetentionService] Notification retention prune: deleted 1 read notification(s) created before 2026-05-12T04:00:00.000Z (90 days).
api-notifications: [Nest] 23304  - 09/21/2026, 12:41:13 AM     LOG [NotificationRetentionService] Notification retention prune: deleted 1 read notification(s) created before 2026-05-12T04:00:00.000Z (90 days).
api-notifications: [Nest] 23304  - 09/21/2026, 12:41:13 AM     LOG [NotificationRetentionService] Notification retention prune: deleted 1 read notification(s) created before 2026-05-12T04:00:00.000Z (90 days).
api-notifications: [Nest] 23304  - 09/21/2026, 12:41:13 AM     LOG [NotificationRetentionService] Notification retention prune: deleted 1 read notification(s) created before 2026-05-12T04:00:00.000Z (90 days).
api-notifications: [Nest] 23304  - 09/21/2026, 12:41:13 AM     LOG [NotificationRetentionService] Notification retention prune: deleted 0 read notification(s) created before 2026-05-12T04:00:00.000Z (90 days).
api-notifications: [Nest] 23304  - 09/21/2026, 12:41:13 AM     LOG [NotificationRetentionService] Notification retention prune: deleted 0 read notification(s) created before 2026-06-22T21:41:13.398Z (90 days).
api-notifications: [Nest] 23304  - 09/21/2026, 12:41:13 AM   ERROR [NotificationRetentionService] Notification 
retention prune failed and was NOT retried: connection reset. The next scheduled run will attempt the same window.
api-notifications: [Nest] 23304  - 09/21/2026, 12:41:13 AM   ERROR [NotificationRetentionService] Notification 
retention prune failed and was NOT retried: Cannot destructure property 'count' of '(intermediate value)' as it is 
undefined.. The next scheduled run will attempt the same window.
api-notifications: [Nest] 27536  - 09/21/2026, 12:41:13 AM   ERROR [MemberNotificationsController] No memberContext on 
GET /x — MemberGuard is not applied to MemberNotificationsController. Refusing to serve an unscoped notification query 
rather than reading an undefined user id, which Prisma would treat as no constraint at all.
api-notifications: [Nest] 27536  - 09/21/2026, 12:41:13 AM   ERROR [MemberNotificationsController] No memberContext on 
GET /x — MemberGuard is not applied to MemberNotificationsController. Refusing to serve an unscoped notification query 
rather than reading an undefined user id, which Prisma would treat as no constraint at all.
api-notifications: [Nest] 27536  - 09/21/2026, 12:41:13 AM   ERROR [MemberNotificationsController] No memberContext on 
GET /x — MemberGuard is not applied to MemberNotificationsController. Refusing to serve an unscoped notification query 
rather than reading an undefined user id, which Prisma would treat as no constraint at all.
api-notifications: [Nest] 27536  - 09/21/2026, 12:41:13 AM   ERROR [MemberNotificationsController] No memberContext on 
GET /x — MemberGuard is not applied to MemberNotificationsController. Refusing to serve an unscoped notification query 
rather than reading an undefined user id, which Prisma would treat as no constraint at all.
api-notifications: [Nest] 27536  - 09/21/2026, 12:41:13 AM   ERROR [MemberNotificationsController] No memberContext on 
GET /x — MemberGuard is not applied to MemberNotificationsController. Refusing to serve an unscoped notification query 
rather than reading an undefined user id, which Prisma would treat as no constraint at all.
api-notifications: [1mTest Suites: [22m[1m[32m5 passed[39m[22m, 5 total
api-notifications: [1mTests:       [22m[1m[32m150 passed[39m[22m, 150 total
api-notifications: [1mSnapshots:   [22m0 total
api-notifications: [1mTime:[22m        20.967 s
api-notifications: [2mRan all test suites[22m[2m.[22m

> nx run @ptah-extension/thoth-shell:typecheck

@ptah-extension/thoth-shell: (node:26428) Warning: The 'NO_COLOR' env is ignored due to the 'FORCE_COLOR' env being set.
@ptah-extension/thoth-shell: (Use `node --trace-warnings ...` to show where the warning was created)
@ptah-extension/thoth-shell: (node:25984) Warning: The 'NO_COLOR' env is ignored due to the 'FORCE_COLOR' env being set.
@ptah-extension/thoth-shell: (Use `node --trace-warnings ...` to show where the warning was created)

> nx run @ptah-extension/rpc-handlers:typecheck


> nx run api-notifications:typecheck

api-notifications: (node:4332) Warning: The 'NO_COLOR' env is ignored due to the 'FORCE_COLOR' env being set.
api-notifications: (Use `node --trace-warnings ...` to show where the warning was created)
@ptah-extension/rpc-handlers: [1mTest Suites: [22m[1m[32m103 passed[39m[22m, 103 total
@ptah-extension/rpc-handlers: [1mTests:       [22m[1m[33m4 skipped[39m[22m, [1m[32m3130 passed[39m[22m, 3134 
total
@ptah-extension/rpc-handlers: [1mSnapshots:   [22m0 total
@ptah-extension/rpc-handlers: [1mTime:[22m        75.006 s, estimated 103 s
@ptah-extension/rpc-handlers: [2mRan all test suites[22m[2m.[22m

> nx run @ptah-extension/chat-routing:typecheck

@ptah-extension/chat-routing: (node:34160) Warning: The 'NO_COLOR' env is ignored due to the 'FORCE_COLOR' env being set.
@ptah-extension/chat-routing: (Use `node --trace-warnings ...` to show where the warning was created)
@ptah-extension/chat-routing: (node:30300) Warning: The 'NO_COLOR' env is ignored due to the 'FORCE_COLOR' env being set.
@ptah-extension/chat-routing: (Use `node --trace-warnings ...` to show where the warning was created)

> nx run @ptah-extension/rpc-handlers:lint

@ptah-extension/rpc-handlers: (node:27852) Warning: The 'NO_COLOR' env is ignored due to the 'FORCE_COLOR' env being 
set.
@ptah-extension/rpc-handlers: (Use `node --trace-warnings ...` to show where the warning was created)
@ptah-extension/rpc-handlers: Linting "@ptah-extension/rpc-handlers"...

> nx run api-youtube:typecheck

api-youtube: (node:15724) Warning: The 'NO_COLOR' env is ignored due to the 'FORCE_COLOR' env being set.
api-youtube: (Use `node --trace-warnings ...` to show where the warning was created)

> nx run @ptah-extension/chat-routing:lint

@ptah-extension/chat-routing: (node:7164) Warning: The 'NO_COLOR' env is ignored due to the 'FORCE_COLOR' env being 
set.
@ptah-extension/chat-routing: (Use `node --trace-warnings ...` to show where the warning was created)
@ptah-extension/chat-routing: Linting "@ptah-extension/chat-routing"...
@ptah-extension/rpc-handlers: [0m[0m
@ptah-extension/rpc-handlers: [0m[4mD:\projects\ptah-extension\libs\backend\rpc-handlers\src\lib\chat\session\chat-session.service.ts[24m[0m
@ptah-extension/rpc-handlers: [0m  [2m905:1[22m  [33mwarning[39m  File has too many lines (1023). Maximum allowed is 700  [2mmax-lines[22m[0m
@ptah-extension/rpc-handlers: [0m[0m
@ptah-extension/rpc-handlers: [0m[4mD:\projects\ptah-extension\libs\backend\rpc-handlers\src\lib\handlers\agent-rpc.handlers.ts[24m[0m
@ptah-extension/rpc-handlers: [0m  [2m846:1[22m  [33mwarning[39m  File has too many lines (859). Maximum allowed is 700  [2mmax-lines[22m[0m
@ptah-extension/rpc-handlers: [0m[0m
@ptah-extension/rpc-handlers: [0m[4mD:\projects\ptah-extension\libs\backend\rpc-handlers\src\lib\handlers\auth-rpc.handlers.ts[24m[0m
@ptah-extension/rpc-handlers: [0m  [2m1003:1[22m  [33mwarning[39m  File has too many lines (998). Maximum allowed is 700  [2mmax-lines[22m[0m
@ptah-extension/rpc-handlers: [0m[0m
@ptah-extension/rpc-handlers: [0m[4mD:\projects\ptah-extension\libs\backend\rpc-handlers\src\lib\handlers\config-rpc.handlers.ts[24m[0m
@ptah-extension/rpc-handlers: [0m  [2m47:8[22m  [33mwarning[39m  'EffortLevel' is defined but never used. Allowed unused vars must match /^_/u  [2m@typescript-eslint/no-unused-vars[22m[0m
@ptah-extension/rpc-handlers: [0m[0m
@ptah-extension/rpc-handlers: [0m[4mD:\projects\ptah-extension\libs\backend\rpc-handlers\src\lib\handlers\constructor-signatures.typecheck.ts[24m[0m
@ptah-extension/rpc-handlers: [0m  [2m44:15[22m  [33mwarning[39m  'DependencyContainer' is defined but never used. Allowed unused vars must match /^_/u  [2m@typescript-eslint/no-unused-vars[22m[0m
@ptah-extension/rpc-handlers: [0m[0m
@ptah-extension/rpc-handlers: [0m[4mD:\projects\ptah-extension\libs\backend\rpc-handlers\src\lib\handlers\git-rpc.handlers.ts[24m[0m
@ptah-extension/rpc-handlers: [0m  [2m905:1[22m  [33mwarning[39m  File has too many lines (795). Maximum allowed is 700  [2mmax-lines[22m[0m
@ptah-extension/rpc-handlers: [0m[0m
@ptah-extension/rpc-handlers: [0m[4mD:\projects\ptah-extension\libs\backend\rpc-handlers\src\lib\handlers\harness-rpc.handlers.ts[24m[0m
@ptah-extension/rpc-handlers: [0m  [2m908:1[22m  [33mwarning[39m  File has too many lines (782). Maximum allowed is 700  [2mmax-lines[22m[0m
@ptah-extension/rpc-handlers: [0m[0m
@ptah-extension/rpc-handlers: [0m[4mD:\projects\ptah-extension\libs\backend\rpc-handlers\src\lib\handlers\mcp-directory-rpc.handlers.ts[24m[0m
@ptah-extension/rpc-handlers: [0m  [2m869:1[22m  [33mwarning[39m  File has too many lines (1036). Maximum allowed is 700  [2mmax-lines[22m[0m
@ptah-extension/rpc-handlers: [0m[0m
@ptah-extension/rpc-handlers: [0m[4mD:\projects\ptah-extension\libs\backend\rpc-handlers\src\lib\handlers\provider-rpc.custom-entries.spec.ts[24m[0m
@ptah-extension/rpc-handlers: [0m  [2m211:18[22m  [33mwarning[39m  'store' is assigned a value but never used. Allowed unused vars must match /^_/u  [2m@typescript-eslint/no-unused-vars[22m[0m
@ptah-extension/rpc-handlers: [0m[0m
@ptah-extension/rpc-handlers: [0m[4mD:\projects\ptah-extension\libs\backend\rpc-handlers\src\lib\handlers\session-rpc.handlers.ts[24m[0m
@ptah-extension/rpc-handlers: [0m  [2m942:1[22m  [33mwarning[39m  File has too many lines (1050). Maximum allowed is 700  [2mmax-lines[22m[0m
@ptah-extension/rpc-handlers: [0m[0m
@ptah-extension/rpc-handlers: [0m[4mD:\projects\ptah-extension\libs\backend\rpc-handlers\src\lib\handlers\setup-rpc.handlers.ts[24m[0m
@ptah-extension/rpc-handlers: [0m  [2m851:1[22m  [33mwarning[39m  File has too many lines (1141). Maximum allowed is 700  [2mmax-lines[22m[0m
@ptah-extension/rpc-handlers: [0m[0m
@ptah-extension/rpc-handlers: [0m[4mD:\projects\ptah-extension\libs\backend\rpc-handlers\src\lib\handlers\skills-synthesis-rpc.handlers.ts[24m[0m
@ptah-extension/rpc-handlers: [0m   [2m40:8[22m  [33mwarning[39m  'SkillStatus' is defined but never used. Allowed unused vars must match /^_/u  [2m@typescript-eslint/no-unused-vars[22m[0m
@ptah-extension/rpc-handlers: [0m  [2m762:1[22m  [33mwarning[39m  File has too many lines (2109). Maximum allowed is 700                         [2mmax-lines[22m[0m
@ptah-extension/rpc-handlers: [0m[0m
@ptah-extension/rpc-handlers: [0m[4mD:\projects\ptah-extension\libs\backend\rpc-handlers\src\lib\handlers\tasks-rpc.handlers.ts[24m[0m
@ptah-extension/rpc-handlers: [0m  [2m1120:1[22m  [33mwarning[39m  File has too many lines (938). Maximum allowed is 700  [2mmax-lines[22m[0m
@ptah-extension/rpc-handlers: [0m[0m
@ptah-extension/rpc-handlers: [0m[4mD:\projects\ptah-extension\libs\backend\rpc-handlers\src\lib\handlers\voice-rpc.handlers.ts[24m[0m
@ptah-extension/rpc-handlers: [0m  [2m816:1[22m  [33mwarning[39m  File has too many lines (771). Maximum allowed is 700  [2mmax-lines[22m[0m
@ptah-extension/rpc-handlers: [0m[0m
@ptah-extension/rpc-handlers: [0m[4mD:\projects\ptah-extension\libs\backend\rpc-handlers\src\lib\harness\ai\harness-document-generation.service.ts[24m[0m
@ptah-extension/rpc-handlers: [0m  [2m15:10[22m  [33mwarning[39m  'TOKENS' is defined but never used. Allowed unused vars must match /^_/u  [2m@typescript-eslint/no-unused-vars[22m[0m
@ptah-extension/rpc-handlers: [0m[0m
@ptah-extension/rpc-handlers: [0m[4mD:\projects\ptah-extension\libs\backend\rpc-handlers\src\lib\harness\ai\harness-skill-generation.service.ts[24m[0m
@ptah-extension/rpc-handlers: [0m  [2m12:10[22m  [33mwarning[39m  'TOKENS' is defined but never used. Allowed unused vars must match /^_/u  [2m@typescript-eslint/no-unused-vars[22m[0m
@ptah-extension/rpc-handlers: [0m[0m
@ptah-extension/rpc-handlers: [0m[4mD:\projects\ptah-extension\libs\backend\rpc-handlers\src\lib\harness\ai\harness-subagent-design.service.ts[24m[0m
@ptah-extension/rpc-handlers: [0m  [2m12:10[22m  [33mwarning[39m  'TOKENS' is defined but never used. Allowed unused vars must match /^_/u  [2m@typescript-eslint/no-unused-vars[22m[0m
@ptah-extension/rpc-handlers: [0m[0m
@ptah-extension/rpc-handlers: [0m[4mD:\projects\ptah-extension\libs\backend\rpc-handlers\src\lib\harness\streaming\harness-stream-broadcaster.service.spec.ts[24m[0m
@ptah-extension/rpc-handlers: [0m  [2m117:39[22m  [33mwarning[39m  Forbidden non-null assertion  [2m@typescript-eslint/no-non-null-assertion[22m[0m
@ptah-extension/rpc-handlers: [0m  [2m119:33[22m  [33mwarning[39m  Forbidden non-null assertion  [2m@typescript-eslint/no-non-null-assertion[22m[0m
@ptah-extension/rpc-handlers: [0m[0m
@ptah-extension/rpc-handlers: [0m[33m[1m✖ 20 problems (0 errors, 20 warnings)[22m[39m[0m
@ptah-extension/rpc-handlers: [0m[33m[1m[22m[39m[0m
@ptah-extension/rpc-handlers: ✖ 20 problems (0 errors, 20 warnings)

> nx run @ptah-extension/thoth-shell:lint

@ptah-extension/thoth-shell: (node:39396) Warning: The 'NO_COLOR' env is ignored due to the 'FORCE_COLOR' env being 
set.
@ptah-extension/thoth-shell: (Use `node --trace-warnings ...` to show where the warning was created)
@ptah-extension/thoth-shell: Linting "@ptah-extension/thoth-shell"...
@ptah-extension/chat-routing: ✔ All files pass linting

> nx run @ptah-extension/chat:test

@ptah-extension/chat: (node:4292) Warning: The 'NO_COLOR' env is ignored due to the 'FORCE_COLOR' env being set.
@ptah-extension/chat: (Use `node --trace-warnings ...` to show where the warning was created)
@ptah-extension/thoth-shell: ✔ All files pass linting

> nx run @ptah-extension/chat:typecheck

@ptah-extension/chat: (node:14920) Warning: The 'NO_COLOR' env is ignored due to the 'FORCE_COLOR' env being set.
@ptah-extension/chat: (Use `node --trace-warnings ...` to show where the warning was created)
@ptah-extension/chat: (node:28416) Warning: The 'NO_COLOR' env is ignored due to the 'FORCE_COLOR' env being set.
@ptah-extension/chat: (Use `node --trace-warnings ...` to show where the warning was created)
@ptah-extension/chat: (node:15400) Warning: The 'NO_COLOR' env is ignored due to the 'FORCE_COLOR' env being set.
@ptah-extension/chat: (Use `node --trace-warnings ...` to show where the warning was created)
@ptah-extension/chat: (node:3628) Warning: The 'NO_COLOR' env is ignored due to the 'FORCE_COLOR' env being set.
@ptah-extension/chat: (Use `node --trace-warnings ...` to show where the warning was created)
@ptah-extension/chat: (node:35008) Warning: The 'NO_COLOR' env is ignored due to the 'FORCE_COLOR' env being set.
@ptah-extension/chat: (Use `node --trace-warnings ...` to show where the warning was created)
@ptah-extension/chat: (node:1216) Warning: The 'NO_COLOR' env is ignored due to the 'FORCE_COLOR' env being set.
@ptah-extension/chat: (Use `node --trace-warnings ...` to show where the warning was created)
@ptah-extension/chat: (node:28732) Warning: The 'NO_COLOR' env is ignored due to the 'FORCE_COLOR' env being set.
@ptah-extension/chat: (Use `node --trace-warnings ...` to show where the warning was created)
@ptah-extension/chat: (node:36212) Warning: The 'NO_COLOR' env is ignored due to the 'FORCE_COLOR' env being set.
@ptah-extension/chat: (Use `node --trace-warnings ...` to show where the warning was created)
@ptah-extension/chat: (node:39048) Warning: The 'NO_COLOR' env is ignored due to the 'FORCE_COLOR' env being set.
@ptah-extension/chat: (Use `node --trace-warnings ...` to show where the warning was created)
@ptah-extension/chat: (node:31204) Warning: The 'NO_COLOR' env is ignored due to the 'FORCE_COLOR' env being set.
@ptah-extension/chat: (Use `node --trace-warnings ...` to show where the warning was created)

> nx run @ptah-extension/chat:lint

@ptah-extension/chat: (node:22472) Warning: The 'NO_COLOR' env is ignored due to the 'FORCE_COLOR' env being set.
@ptah-extension/chat: (Use `node --trace-warnings ...` to show where the warning was created)
@ptah-extension/chat: [1mTest Suites: [22m[1m[32m86 passed[39m[22m, 86 total
@ptah-extension/chat: [1mTests:       [22m[1m[33m2 skipped[39m[22m, [1m[32m1340 passed[39m[22m, 1342 total
@ptah-extension/chat: [1mSnapshots:   [22m0 total
@ptah-extension/chat: [1mTime:[22m        36.45 s, estimated 37 s
@ptah-extension/chat: [2mRan all test suites[22m[2m.[22m
@ptah-extension/chat: Linting "@ptah-extension/chat"...

> nx run web-ui:test

web-ui: (node:18216) Warning: The 'NO_COLOR' env is ignored due to the 'FORCE_COLOR' env being set.
web-ui: (Use `node --trace-warnings ...` to show where the warning was created)
web-ui: [1mTest Suites: [22m[1m[32m1 passed[39m[22m, 1 total
web-ui: [1mTests:       [22m[1m[32m21 passed[39m[22m, 21 total
web-ui: [1mSnapshots:   [22m0 total
web-ui: [1mTime:[22m        4.746 s
web-ui: [2mRan all test suites[22m[2m.[22m

> nx run api-community:test

api-community: (node:20756) Warning: The 'NO_COLOR' env is ignored due to the 'FORCE_COLOR' env being set.
api-community: (Use `node --trace-warnings ...` to show where the warning was created)
api-community: (node:4440) Warning: The 'NO_COLOR' env is ignored due to the 'FORCE_COLOR' env being set.
api-community: (Use `node --trace-warnings ...` to show where the warning was created)
api-community: (node:30788) Warning: The 'NO_COLOR' env is ignored due to the 'FORCE_COLOR' env being set.
api-community: (Use `node --trace-warnings ...` to show where the warning was created)
api-community: (node:27644) Warning: The 'NO_COLOR' env is ignored due to the 'FORCE_COLOR' env being set.
api-community: (Use `node --trace-warnings ...` to show where the warning was created)
api-community: (node:15724) Warning: The 'NO_COLOR' env is ignored due to the 'FORCE_COLOR' env being set.
api-community: (Use `node --trace-warnings ...` to show where the warning was created)
api-community: (node:27252) Warning: The 'NO_COLOR' env is ignored due to the 'FORCE_COLOR' env being set.
api-community: (Use `node --trace-warnings ...` to show where the warning was created)
api-community: (node:12568) Warning: The 'NO_COLOR' env is ignored due to the 'FORCE_COLOR' env being set.
api-community: (Use `node --trace-warnings ...` to show where the warning was created)
api-community: (node:22008) Warning: The 'NO_COLOR' env is ignored due to the 'FORCE_COLOR' env being set.
api-community: (Use `node --trace-warnings ...` to show where the warning was created)
api-community: (node:14964) Warning: The 'NO_COLOR' env is ignored due to the 'FORCE_COLOR' env being set.
api-community: (Use `node --trace-warnings ...` to show where the warning was created)
@ptah-extension/chat: [0m[0m
@ptah-extension/chat: [0m[4mD:\projects\ptah-extension\libs\frontend\chat\src\lib\components\molecules\chat-input\chat-input.component.ts[24m[0m
@ptah-extension/chat: [0m  [2m911:1[22m  [33mwarning[39m  File has too many lines (1063). Maximum allowed is 700  [2mmax-lines[22m[0m
@ptah-extension/chat: [0m[0m
@ptah-extension/chat: [0m[4mD:\projects\ptah-extension\libs\frontend\chat\src\lib\components\organisms\execution\inline-agent-bubble.component.ts[24m[0m
@ptah-extension/chat: [0m  [2m807:1[22m   [33mwarning[39m  File has too many lines (928). Maximum allowed is 700  [2mmax-lines[22m[0m
@ptah-extension/chat: [0m  [2m932:37[22m  [33mwarning[39m  Forbidden non-null assertion                           [2m@typescript-eslint/no-non-null-assertion[22m[0m
@ptah-extension/chat: [0m[0m
@ptah-extension/chat: [0m[4mD:\projects\ptah-extension\libs\frontend\chat\src\lib\components\templates\app-shell.component.ts[24m[0m
@ptah-extension/chat: [0m   [2m73:35[22m  [33mwarning[39m  'SessionId' is defined but never used. Allowed unused vars must match /^_/u  [2m@typescript-eslint/no-unused-vars[22m[0m
@ptah-extension/chat: [0m  [2m380:22[22m  [33mwarning[39m  Unexpected empty arrow function                                              [2m@typescript-eslint/no-empty-function[22m[0m
@ptah-extension/chat: [0m[0m
@ptah-extension/chat: [0m[4mD:\projects\ptah-extension\libs\frontend\chat\src\lib\components\templates\chat-view.component.spec.ts[24m[0m
@ptah-extension/chat: [0m  [2m1282:5[22m  [33mwarning[39m  Forbidden non-null assertion  [2m@typescript-eslint/no-non-null-assertion[22m[0m
@ptah-extension/chat: [0m[0m
@ptah-extension/chat: [0m[4mD:\projects\ptah-extension\libs\frontend\chat\src\lib\components\templates\chat-view.component.ts[24m[0m
@ptah-extension/chat: [0m  [2m1104:1[22m  [33mwarning[39m  File has too many lines (1004). Maximum allowed is 700  [2mmax-lines[22m[0m
@ptah-extension/chat: [0m[0m
@ptah-extension/chat: [0m[4mD:\projects\ptah-extension\libs\frontend\chat\src\lib\components\templates\chat-view.keepalive.spec.ts[24m[0m
@ptah-extension/chat: [0m  [2m200:12[22m  [33mwarning[39m  Forbidden non-null assertion  [2m@typescript-eslint/no-non-null-assertion[22m[0m
@ptah-extension/chat: [0m  [2m212:12[22m  [33mwarning[39m  Forbidden non-null assertion  [2m@typescript-eslint/no-non-null-assertion[22m[0m
@ptah-extension/chat: [0m  [2m213:12[22m  [33mwarning[39m  Forbidden non-null assertion  [2m@typescript-eslint/no-non-null-assertion[22m[0m
@ptah-extension/chat: [0m  [2m221:12[22m  [33mwarning[39m  Forbidden non-null assertion  [2m@typescript-eslint/no-non-null-assertion[22m[0m
@ptah-extension/chat: [0m[0m
@ptah-extension/chat: [0m[4mD:\projects\ptah-extension\libs\frontend\chat\src\lib\services\chat-store\session-loader.service.ts[24m[0m
@ptah-extension/chat: [0m   [2m995:1[22m   [33mwarning[39m  File has too many lines (977). Maximum allowed is 700  [2mmax-lines[22m[0m
@ptah-extension/chat: [0m  [2m1356:43[22m  [33mwarning[39m  Unexpected empty async method 'createNewSession'       [2m@typescript-eslint/no-empty-function[22m[0m
@ptah-extension/chat: [0m[0m
@ptah-extension/chat: [0m[4mD:\projects\ptah-extension\libs\frontend\chat\src\lib\settings\ptah-ai\agent-orchestration-config.component.ts[24m[0m
@ptah-extension/chat: [0m  [2m739:1[22m  [33mwarning[39m  File has too many lines (988). Maximum allowed is 700  [2mmax-lines[22m[0m
@ptah-extension/chat: [0m[0m
@ptah-extension/chat: [0m[4mD:\projects\ptah-extension\libs\frontend\chat\src\lib\settings\ptah-ai\ptah-cli-config.component.ts[24m[0m
@ptah-extension/chat: [0m   [2m787:49[22m  [33mwarning[39m  Unexpected empty arrow function                         [2m@typescript-eslint/no-empty-function[22m[0m
@ptah-extension/chat: [0m   [2m789:1[22m   [33mwarning[39m  File has too many lines (1034). Maximum allowed is 700  [2mmax-lines[22m[0m
@ptah-extension/chat: [0m  [2m1014:49[22m  [33mwarning[39m  Unexpected empty arrow function                         [2m@typescript-eslint/no-empty-function[22m[0m
@ptah-extension/chat: [0m[0m
@ptah-extension/chat: [0m[33m[1m✖ 17 problems (0 errors, 17 warnings)[22m[39m[0m
@ptah-extension/chat: [0m[33m[1m[22m[39m[0m
@ptah-extension/chat: ✖ 17 problems (0 errors, 17 warnings)

> nx run api-community:typecheck

api-community: (node:39028) Warning: The 'NO_COLOR' env is ignored due to the 'FORCE_COLOR' env being set.
api-community: (Use `node --trace-warnings ...` to show where the warning was created)
api-community: [Nest] 15724  - 09/21/2026, 12:43:32 AM     LOG [MemberGroupsService] Ensured default group 'founding' assignment for user user-1
api-community: [Nest] 15724  - 09/21/2026, 12:43:32 AM   DEBUG [MemberGroupsService] No default member group configured — skipping auto-assign for user user-1
api-community: [Nest] 15724  - 09/21/2026, 12:43:32 AM   ERROR [MemberGroupsService] Member group 'founding' is not 
configured — refusing to fall back to the default cohort. Create the group with this exact key, then retry.
api-community: [Nest] 15724  - 09/21/2026, 12:43:32 AM   ERROR [MemberGroupsService] Member group 'founding' is not 
configured — refusing to fall back to the default cohort. Create the group with this exact key, then retry.
api-community: [Nest] 12568  - 09/21/2026, 12:43:33 AM     LOG [LiveSessionsService] Live session created: id=live_1 visibility=member videoSource=none
api-community: [Nest] 12568  - 09/21/2026, 12:43:33 AM     LOG [LiveSessionsService] Live session created: id=live_1 visibility=member videoSource=none
api-community: [Nest] 12568  - 09/21/2026, 12:43:33 AM     LOG [LiveSessionsService] Live session created: id=live_1 visibility=member videoSource=none
api-community: [Nest] 12568  - 09/21/2026, 12:43:33 AM     LOG [LiveSessionsService] Live session created: id=live_1 visibility=member videoSource=none
api-community: [Nest] 12568  - 09/21/2026, 12:43:33 AM     LOG [LiveSessionsService] Live session created: id=live_1 visibility=member videoSource=none
api-community: [Nest] 12568  - 09/21/2026, 12:43:33 AM     LOG [LiveSessionsService] Live session updated: id=live_1
api-community: [Nest] 12568  - 09/21/2026, 12:43:33 AM     LOG [LiveSessionsService] Live session updated: id=live_1
api-community: [Nest] 12568  - 09/21/2026, 12:43:33 AM     LOG [LiveSessionsService] Live session updated: id=live_1
api-community: [Nest] 12568  - 09/21/2026, 12:43:33 AM     LOG [LiveSessionsService] Live session soft-deleted: id=live_1 by=admin_7
api-community: [Nest] 12568  - 09/21/2026, 12:43:33 AM     LOG [LiveSessionsService] Live session restored: id=live_1
api-community: [Nest] 12568  - 09/21/2026, 12:43:33 AM     LOG [LiveSessionsService] Live session restored: id=live_1
api-community: [Nest] 12568  - 09/21/2026, 12:43:33 AM     LOG [LiveSessionsService] Live session metadata refresh skipped: id=live_1 — YOUTUBE_API_KEY unset
api-community: [Nest] 12568  - 09/21/2026, 12:43:33 AM     LOG [LiveSessionsService] Live session metadata refreshed: id=live_1 video=aaaaaaaaaaa source=none
api-community: [Nest] 30788  - 09/21/2026, 12:43:35 AM     LOG [SessionsService] Session attendee add succeeded for new@example.com on event evt_master
api-community: [Nest] 30788  - 09/21/2026, 12:43:35 AM     LOG [SessionsService] Session attendee add succeeded for new@example.com on event evt_master
api-community: [Nest] 30788  - 09/21/2026, 12:43:35 AM     LOG [SessionsService] Session attendee add succeeded for dup@example.com on event evt_master
api-community: [Nest] 30788  - 09/21/2026, 12:43:35 AM     LOG [SessionsService] Session attendee remove succeeded for leaving@example.com on event evt_master
api-community: [Nest] 30788  - 09/21/2026, 12:43:35 AM     LOG [SessionsService] Session attendee add succeeded for new@example.com on event evt_master
api-community: [Nest] 30788  - 09/21/2026, 12:43:35 AM    WARN [SessionsService] Session welcome email failed for new@example.com (attendance itself succeeded): resend down
api-community: [Nest] 30788  - 09/21/2026, 12:43:35 AM     LOG [SessionsService] Session attendee add succeeded for new@example.com on event evt_master
api-community: [Nest] 30788  - 09/21/2026, 12:43:35 AM   DEBUG [SessionsService] EmailService is unbound — skipping the session welcome for new@example.com
api-community: [Nest] 30788  - 09/21/2026, 12:43:35 AM    WARN [SessionsService] Session attendee add did not succeed for new@example.com (status: 403): unknown error
api-community: [Nest] 30788  - 09/21/2026, 12:43:35 AM     LOG [SessionsService] Google sessions integration disabled (GOOGLE_OAUTH_* unset) — sessions endpoint returns [] and attendance is a no-op
api-community: [Nest] 30788  - 09/21/2026, 12:43:35 AM    WARN [SessionsService] Failed to list Builders sessions (status: 500): Google Calendar API returned status 500
api-community: [Nest] 30788  - 09/21/2026, 12:43:35 AM     LOG [SessionsService] Google sessions integration disabled (GOOGLE_OAUTH_* unset) — sessions endpoint returns [] and attendance is a no-op
api-community: [Nest] 30788  - 09/21/2026, 12:43:35 AM    WARN [SessionsService] Failed to list Builders sessions (status: 500): Google Calendar API returned status 500
api-community: [Nest] 30788  - 09/21/2026, 12:43:35 AM    WARN [SessionsService] Failed to list Builders sessions (status: 503): unknown error
api-community: [Nest] 30788  - 09/21/2026, 12:43:35 AM    WARN [SessionsService] Failed to list cohort session events (db down) — listing sessions unscoped
api-community: [Nest] 30788  - 09/21/2026, 12:43:35 AM     LOG [SessionsService] Session attendee add succeeded for buyer@example.com on event evt_master
api-community: [Nest] 30788  - 09/21/2026, 12:43:35 AM   DEBUG [SessionsService] EmailService is unbound — skipping the session welcome for buyer@example.com
api-community: [Nest] 30788  - 09/21/2026, 12:43:35 AM     LOG [SessionsService] Session attendee remove succeeded for buyer@example.com on event evt_master
api-community: [Nest] 30788  - 09/21/2026, 12:43:35 AM   DEBUG [SessionsService] No session event resolved for user usr_1 (no cohort event, BUILDERS_SESSION_EVENT_ID unset) — skipping attendee add
api-community: [Nest] 30788  - 09/21/2026, 12:43:35 AM     LOG [SessionsService] Google sessions integration disabled (GOOGLE_OAUTH_* unset) — sessions endpoint returns [] and attendance is a no-op
api-community: [Nest] 30788  - 09/21/2026, 12:43:35 AM    WARN [SessionsService] Session attendee add did not succeed for x@e.com (status: 412): Google Calendar API returned status 412
api-community: [Nest] 30788  - 09/21/2026, 12:43:35 AM   ERROR [SessionsService] Failed to add session attendee for 
x@e.com: boom
api-community: [Nest] 30788  - 09/21/2026, 12:43:35 AM     LOG [SessionsService] Session attendee add succeeded for member@example.com on event evt_arabic_master
api-community: [Nest] 30788  - 09/21/2026, 12:43:35 AM   DEBUG [SessionsService] EmailService is unbound — skipping the session welcome for member@example.com
api-community: [Nest] 30788  - 09/21/2026, 12:43:35 AM     LOG [SessionsService] Session attendee add succeeded for member@example.com on event evt_env_default
api-community: [Nest] 30788  - 09/21/2026, 12:43:35 AM   DEBUG [SessionsService] EmailService is unbound — skipping the session welcome for member@example.com
api-community: [Nest] 30788  - 09/21/2026, 12:43:35 AM    WARN [SessionsService] Failed to resolve cohort session event for user usr_1 (db down) — falling back to BUILDERS_SESSION_EVENT_ID
api-community: [Nest] 30788  - 09/21/2026, 12:43:35 AM     LOG [SessionsService] Session attendee add succeeded for member@example.com on event evt_env_default
api-community: [Nest] 30788  - 09/21/2026, 12:43:35 AM   DEBUG [SessionsService] EmailService is unbound — skipping the session welcome for member@example.com
api-community: [Nest] 30788  - 09/21/2026, 12:43:35 AM     LOG [SessionsService] Session attendee add succeeded for member@example.com on event evt_arabic_master
api-community: [Nest] 30788  - 09/21/2026, 12:43:35 AM   DEBUG [SessionsService] EmailService is unbound — skipping the session welcome for member@example.com
api-community: [Nest] 30788  - 09/21/2026, 12:43:35 AM     LOG [SessionsService] Session attendee remove succeeded for member@example.com on event evt_arabic_master
api-community: [Nest] 30788  - 09/21/2026, 12:43:35 AM   DEBUG [SessionsService] No session event resolved for user usr_1 (no cohort event, BUILDERS_SESSION_EVENT_ID unset) — skipping attendee add
api-community: [Nest] 15724  - 09/21/2026, 12:43:36 AM     LOG [PacksService] Admin created pack: actor=admin@example.com id=pack_1 slug=saas-starter
api-community: [Nest] 15724  - 09/21/2026, 12:43:36 AM     LOG [PacksService] Admin created pack: actor=admin@example.com id=pack_1 slug=saas-starter
api-community: [Nest] 15724  - 09/21/2026, 12:43:36 AM     LOG [PacksService] Admin updated pack: actor=admin@example.com id=pack_1 keys=[cohortKey]
api-community: [Nest] 15724  - 09/21/2026, 12:43:36 AM     LOG [PacksService] Admin updated pack: actor=admin@example.com id=pack_1 keys=[cohortKey]
api-community: [Nest] 15724  - 09/21/2026, 12:43:36 AM     LOG [PacksService] Admin updated pack: actor=admin@example.com id=pack_1 keys=[title]
api-community: [Nest] 15724  - 09/21/2026, 12:43:36 AM     LOG [PacksService] Admin deleted pack: actor=admin@example.com id=pack_1
api-community: [Nest] 22008  - 08/08/2026, 3:00:00 PM    WARN [LiveFeedService] Calendar sessions unavailable for user user_1 (disabled) — the live feed degrades to Ptah-sourced sessions and shows the member no error (R3.6)
api-community: [Nest] 22008  - 08/08/2026, 3:00:00 PM    WARN [LiveFeedService] Calendar sessions unavailable for user user_1 (fetch_failed) — the live feed degrades to Ptah-sourced sessions and shows the member no error (R3.6)
api-community: [Nest] 22008  - 08/08/2026, 3:00:00 PM    WARN [LiveFeedService] SessionsService is unbound (GoogleSessionsModule not registered) — the live feed reports calendarAvailable: false and serves the Ptah-sourced sessions only
api-community: [Nest] 30788  - 09/21/2026, 12:43:37 AM    WARN [GoogleCalendarProvider] Google Calendar DELETE /calendars/primary/events/evt_1 failed with status 410
api-community: [Nest] 30788  - 09/21/2026, 12:43:37 AM    WARN [GoogleCalendarProvider] Google Calendar POST /calendars/primary/events failed with status 403
api-community: [Nest] 27252  - 09/21/2026, 12:43:37 AM     LOG [AdminSessionsService] Admin deleted session: actor=admin@example.com eventId=evt_other

> nx run web-ui:typecheck

api-community: [Nest] 27252  - 09/21/2026, 12:43:37 AM     LOG [AdminSessionsService] Admin deleted session: actor=admin@example.com eventId=other_20260805
api-community: [Nest] 27252  - 09/21/2026, 12:43:37 AM     LOG [AdminSessionsService] Admin deleted session: actor=admin@example.com eventId=anything
api-community: [Nest] 27252  - 09/21/2026, 12:43:37 AM     LOG [AdminSessionsService] Admin deleted session: actor=admin@example.com eventId=evt_other
api-community: [Nest] 27252  - 09/21/2026, 12:43:37 AM    WARN [AdminSessionsService] Failed to list cohort session events (groups table down) — the protected-series guard covers only BUILDERS_SESSION_EVENT_ID for this request
api-community: [Nest] 27252  - 09/21/2026, 12:43:37 AM    WARN [AdminSessionsService] Failed to list cohort session events (groups table down) — the protected-series guard covers only BUILDERS_SESSION_EVENT_ID for this request
api-community: [Nest] 27252  - 09/21/2026, 12:43:37 AM     LOG [AdminSessionsService] Admin deleted session: actor=admin@example.com eventId=evt_other
api-community: [Nest] 27252  - 09/21/2026, 12:43:37 AM    WARN [AdminSessionsService] Admin session create failed upstream (status=403, skipped=false)
api-community: [Nest] 27252  - 09/21/2026, 12:43:37 AM    WARN [AdminSessionsService] Admin session update failed upstream (status=401, skipped=false)
api-community: [Nest] 27252  - 09/21/2026, 12:43:37 AM    WARN [AdminSessionsService] Admin session create failed upstream (status=n/a, skipped=true)
api-community: [Nest] 27252  - 09/21/2026, 12:43:37 AM    WARN [AdminSessionsService] Admin session update failed upstream (status=404, skipped=false)
api-community: [Nest] 27252  - 09/21/2026, 12:43:37 AM    WARN [AdminSessionsService] Admin session create failed upstream (status=403, skipped=false)
api-community: [Nest] 27252  - 09/21/2026, 12:43:37 AM     LOG [AdminSessionsService] Admin delete session was a no-op (already gone): eventId=evt_gone
api-community: [Nest] 27252  - 09/21/2026, 12:43:37 AM     LOG [AdminSessionsService] Admin delete session was a no-op (already gone): eventId=evt_gone
api-community: [Nest] 27252  - 09/21/2026, 12:43:37 AM    WARN [AdminSessionsService] Admin session list failed upstream (status=500) — degrading to []
api-community: [Nest] 27252  - 09/21/2026, 12:43:37 AM     LOG [AdminSessionsService] Admin created session: actor=admin@example.com eventId=evt_new
api-community: [Nest] 27252  - 09/21/2026, 12:43:37 AM     LOG [AdminSessionsService] Admin created session: actor=admin@example.com eventId=evt_1
api-community: [Nest] 27252  - 09/21/2026, 12:43:37 AM     LOG [AdminSessionsService] Admin updated session: actor=admin@example.com eventId=evt_1 notifyGuests=false
api-community: [Nest] 27252  - 09/21/2026, 12:43:37 AM     LOG [AdminSessionsService] Admin updated session: actor=admin@example.com eventId=evt_1 notifyGuests=true
api-community: [Nest] 27252  - 09/21/2026, 12:43:37 AM     LOG [AdminSessionsService] Admin updated session: actor=admin@example.com eventId=evt_1 notifyGuests=true
api-community: [Nest] 27252  - 09/21/2026, 12:43:37 AM     LOG [AdminSessionsService] Admin updated session: actor=admin@example.com eventId=evt_1 notifyGuests=true
api-community: [Nest] 27252  - 09/21/2026, 12:43:37 AM     LOG [AdminSessionsService] Admin updated session: actor=admin@example.com eventId=evt_1 notifyGuests=false
api-community: [Nest] 27252  - 09/21/2026, 12:43:37 AM     LOG [AdminSessionsService] Admin sent session invitations: actor=admin@example.com eventId=evt_1 recipients=2
api-community: [Nest] 27252  - 09/21/2026, 12:43:37 AM     LOG [AdminSessionsService] Admin sent session invitations: actor=admin@example.com eventId=evt_1 recipients=1
api-community: [Nest] 27252  - 09/21/2026, 12:43:37 AM     LOG [AdminSessionsService] Admin sent session invitations: actor=admin@example.com eventId=evt_1 recipients=2
api-community: [Nest] 14964  - 09/21/2026, 12:43:38 AM    WARN [CircleProvider] Circle API POST /community_members failed with status 422
api-community: [Nest] 14964  - 09/21/2026, 12:43:38 AM    WARN [CircleProvider] Circle API DELETE /community_members failed with status 404
api-community: [Nest] 14964  - 09/21/2026, 12:43:38 AM    WARN [CircleProvider] Circle API POST /community_members error: Circle API request timed out after 10000ms
api-community: [Nest] 14964  - 09/21/2026, 12:43:38 AM    WARN [CircleProvider] Circle API POST /community_members error: ECONNRESET
api-community: [Nest] 14964  - 09/21/2026, 12:43:38 AM    WARN [CircleProvider] Circle API DELETE /community_members error: Unknown Circle API transport error
api-community: [Nest] 15724  - 09/21/2026, 12:43:39 AM     LOG [CircleProvisioningService] Circle member provisioned for user usr_1 (memberId: 4242)
api-community: [Nest] 15724  - 09/21/2026, 12:43:39 AM    WARN [CircleProvisioningService] Circle invite succeeded for user usr_2 but returned no member id
api-community: [Nest] 15724  - 09/21/2026, 12:43:39 AM     LOG [CircleProvisioningService] Circle member provisioned for user usr_2
api-community: [Nest] 15724  - 09/21/2026, 12:43:39 AM    WARN [CircleProvisioningService] Circle invite did not succeed for user usr_3 (status: 500): Circle API returned status 500
api-community: [Nest] 15724  - 09/21/2026, 12:43:39 AM   ERROR [CircleProvisioningService] Failed to provision Circle 
member for user usr_4: boom
api-community: [Nest] 15724  - 09/21/2026, 12:43:39 AM     LOG [CircleProvisioningService] Circle integration disabled (CIRCLE_API_TOKEN/CIRCLE_COMMUNITY_ID unset) — skipping all Circle provisioning
api-community: [Nest] 15724  - 09/21/2026, 12:43:39 AM     LOG [CircleProvisioningService] Circle member deprovisioned for user usr_1
api-community: [Nest] 15724  - 09/21/2026, 12:43:39 AM     LOG [CircleProvisioningService] Circle member deprovisioned for user usr_1
api-community: [Nest] 15724  - 09/21/2026, 12:43:39 AM     LOG [CircleProvisioningService] No Circle membership on record for user ghost — nothing to deprovision
api-community: [Nest] 15724  - 09/21/2026, 12:43:39 AM    WARN [CircleProvisioningService] Circle removal did not succeed for user usr_1 (status: 502): Circle API returned status 502
api-community: [Nest] 15724  - 09/21/2026, 12:43:39 AM     LOG [CircleProvisioningService] Circle integration disabled (CIRCLE_API_TOKEN/CIRCLE_COMMUNITY_ID unset) — skipping all Circle provisioning
web-ui: (node:18232) Warning: The 'NO_COLOR' env is ignored due to the 'FORCE_COLOR' env being set.
web-ui: (Use `node --trace-warnings ...` to show where the warning was created)
web-ui: (node:19868) Warning: The 'NO_COLOR' env is ignored due to the 'FORCE_COLOR' env being set.
web-ui: (Use `node --trace-warnings ...` to show where the warning was created)
api-community: [Nest] 12568  - 09/21/2026, 12:43:42 AM   ERROR [MemberPacksController] No memberContext on GET /x — 
MemberGuard is not applied to MemberPacksController. Refusing to serve an ungated session request rather than reading 
an undefined visibility context.
api-community: [Nest] 27644  - 09/21/2026, 12:43:42 AM     LOG [SessionRequestsService] Session request submitted: id=req_1 topic=architecture-review
api-community: [Nest] 27644  - 09/21/2026, 12:43:42 AM     LOG [SessionRequestsService] Session request canceled by member: id=req_1
api-community: [Nest] 27644  - 09/21/2026, 12:43:42 AM    WARN [SessionRequestsService] Refused session-request cancel: id=req_1 by=user_1 (exists=true own=false status=pending)
api-community: [Nest] 27644  - 09/21/2026, 12:43:42 AM    WARN [SessionRequestsService] Refused session-request cancel: id=req_1 by=user_1 (exists=true own=true status=scheduled)
api-community: [Nest] 27644  - 09/21/2026, 12:43:42 AM    WARN [SessionRequestsService] Refused session-request cancel: id=req_1 by=user_1 (exists=false own=false status=n/a)
api-community: [Nest] 27644  - 09/21/2026, 12:43:42 AM     LOG [SessionRequestsService] Session request canceled by member: id=req_1
api-community: [Nest] 27644  - 09/21/2026, 12:43:42 AM    WARN [SessionRequestsService] Refusing to accept session request req_1: GOOGLE_OAUTH_* is unset, so no Calendar event can be created and nothing will be written
api-community: [Nest] 27644  - 09/21/2026, 12:43:42 AM    WARN [SessionRequestsService] Calendar event creation failed for session request req_1 (status: 403) — nothing written, request stays pending
api-community: [Nest] 27644  - 09/21/2026, 12:43:42 AM    WARN [SessionRequestsService] Calendar event a1b2c3d4e5f6g7h8 for session request req_1 carries no Meet link — deleting the orphan and refusing
api-community: [Nest] 27644  - 09/21/2026, 12:43:42 AM     LOG [SessionRequestsService] Compensating delete succeeded: event=a1b2c3d4e5f6g7h8 (session request req_1)
api-community: [Nest] 27644  - 09/21/2026, 12:43:42 AM     LOG [SessionRequestsService] Compensating delete succeeded: event=a1b2c3d4e5f6g7h8 (session request req_1)
api-community: [Nest] 27644  - 09/21/2026, 12:43:42 AM     LOG [SessionRequestsService] Compensating delete succeeded: event=a1b2c3d4e5f6g7h8 (session request req_1)
api-community: [Nest] 27644  - 09/21/2026, 12:43:42 AM     LOG [SessionRequestsService] Compensating delete succeeded: event=a1b2c3d4e5f6g7h8 (session request req_1)
api-community: [Nest] 27644  - 09/21/2026, 12:43:42 AM     LOG [SessionRequestsService] Session request accepted: id=req_1 event=a1b2c3d4e5f6g7h8 startsAt=2026-08-12T15:00:00.000Z
api-community: [Nest] 27644  - 09/21/2026, 12:43:42 AM     LOG [SessionRequestsService] Session request accepted: id=req_1 event=a1b2c3d4e5f6g7h8 startsAt=2026-08-12T15:00:00.000Z
api-community: [Nest] 27644  - 09/21/2026, 12:43:42 AM    WARN [SessionRequestsService] Calendar event a1b2c3d4e5f6g7h8 for session request req_1 carries no Meet link — deleting the orphan and refusing
api-community: [Nest] 27644  - 09/21/2026, 12:43:42 AM   ERROR [SessionRequestsService] ORPHANED CALENDAR EVENT 
a1b2c3d4e5f6g7h8: created for session request req_1, the write failed, and the compensating delete threw (network 
down). Delete it by hand.
api-community: [Nest] 27644  - 09/21/2026, 12:43:42 AM    WARN [SessionRequestsService] Calendar event creation failed for session request req_1 (status: n/a) — nothing written, request stays pending
api-community: [Nest] 27644  - 09/21/2026, 12:43:42 AM     LOG [SessionRequestsService] Session request rescheduled: id=req_1 event=a1b2c3d4e5f6g7h8 startsAt=2026-08-13T15:00:00.000Z
api-community: [Nest] 27644  - 09/21/2026, 12:43:42 AM    WARN [SessionRequestsService] Calendar patch failed for session request req_1 (status: 500) — nothing written
api-community: [Nest] 27644  - 09/21/2026, 12:43:42 AM     LOG [SessionRequestsService] Session request rescheduled: id=req_1 event=a1b2c3d4e5f6g7h8 startsAt=2026-08-13T15:00:00.000Z
api-community: [Nest] 27644  - 09/21/2026, 12:43:42 AM   ERROR [SessionRequestsService] DATA DEFECT: session request 
req_1 is scheduled with a null calendarEventId. It cannot have been accepted through this API. Refusing to reschedule 
rather than creating a second event.
api-community: [Nest] 27644  - 09/21/2026, 12:43:42 AM   ERROR [SessionRequestsService] Session request req_1 is 
scheduled with a null durationMinutes — refusing to reschedule rather than inventing a length
api-community: [Nest] 27644  - 09/21/2026, 12:43:42 AM     LOG [SessionRequestsService] Session request declined: id=req_1 hadEvent=false
api-community: [Nest] 27644  - 09/21/2026, 12:43:42 AM     LOG [SessionRequestsService] Session request declined: id=req_1 hadEvent=true
api-community: [Nest] 27644  - 09/21/2026, 12:43:42 AM     LOG [SessionRequestsService] Session request declined: id=req_1 hadEvent=true
api-community: [Nest] 27644  - 09/21/2026, 12:43:42 AM    WARN [SessionRequestsService] Calendar delete failed for session request req_1 (status: 500) — nothing written
api-community: [Nest] 27644  - 09/21/2026, 12:43:42 AM     LOG [SessionRequestsService] Session request accepted: id=req_1 event=a1b2c3d4e5f6g7h8 startsAt=2026-08-12T15:00:00.000Z
api-community: [Nest] 27644  - 09/21/2026, 12:43:42 AM     LOG [SessionRequestsService] Session request canceled by member: id=req_1
api-community: [Nest] 27644  - 09/21/2026, 12:43:42 AM     LOG [SessionRequestsService] Session request declined: id=req_1 hadEvent=false
api-community: [Nest] 27644  - 09/21/2026, 12:43:42 AM     LOG [SessionRequestsService] Session request submitted: id=req_1 topic=architecture-review
api-community: [Nest] 27644  - 09/21/2026, 12:43:42 AM    WARN [SessionRequestsService] Refusing to accept session request req_1: GOOGLE_OAUTH_* is unset, so no Calendar event can be created and nothing will be written
api-community: [Nest] 27644  - 09/21/2026, 12:43:42 AM     LOG [SessionRequestsService] Session request declined: id=req_1 hadEvent=false
api-community: [Nest] 27644  - 09/21/2026, 12:43:42 AM     LOG [SessionRequestsService] Session request accepted: id=req_1 event=a1b2c3d4e5f6g7h8 startsAt=2026-08-12T15:00:00.000Z
api-community: [Nest] 27644  - 09/21/2026, 12:43:42 AM     LOG [SessionRequestsService] Session request rescheduled: id=req_1 event=a1b2c3d4e5f6g7h8 startsAt=2026-08-12T15:00:00.000Z
api-community: [Nest] 27644  - 09/21/2026, 12:43:42 AM     LOG [SessionRequestsService] Session request declined: id=req_1 hadEvent=true
api-community: [Nest] 27644  - 09/21/2026, 12:43:42 AM     LOG [SessionRequestsService] Session request accepted: id=req_1 event=a1b2c3d4e5f6g7h8 startsAt=2026-08-12T15:00:00.000Z
api-community: [Nest] 27644  - 09/21/2026, 12:43:42 AM     LOG [SessionRequestsService] Session request accepted: id=req_1 event=a1b2c3d4e5f6g7h8 startsAt=2026-08-12T15:00:00.000Z
api-community: [Nest] 27644  - 09/21/2026, 12:43:42 AM   ERROR [SessionRequestsService] Session request req_1 was 
accepted and committed, but the member notification could not be written (notification exploded). The acceptance and 
its Calendar event STAND — the member will see the scheduled request in the members' area without an inbox entry.
api-community: [Nest] 27644  - 09/21/2026, 12:43:42 AM     LOG [SessionRequestsService] Session request rescheduled: id=req_1 event=a1b2c3d4e5f6g7h8 startsAt=2026-08-12T15:00:00.000Z
api-community: [Nest] 27644  - 09/21/2026, 12:43:42 AM     LOG [SessionRequestsService] Session request declined: id=req_1 hadEvent=true
api-community: [Nest] 27644  - 09/21/2026, 12:43:42 AM     LOG [SessionRequestsService] Session request declined: id=req_1 hadEvent=true
api-community: [Nest] 27644  - 09/21/2026, 12:43:42 AM     LOG [SessionRequestsService] Session request canceled by member: id=req_1
api-community: [Nest] 27644  - 09/21/2026, 12:43:42 AM     LOG [SessionRequestsService] Session request submitted: id=req_1 topic=architecture-review
api-community: [Nest] 27644  - 09/21/2026, 12:43:42 AM     LOG [SessionRequestsService] Session request accepted: id=req_1 event=a1b2c3d4e5f6g7h8 startsAt=2026-08-12T15:00:00.000Z
api-community: [Nest] 27644  - 09/21/2026, 12:43:42 AM     LOG [SessionRequestsService] Session request rescheduled: id=req_1 event=a1b2c3d4e5f6g7h8 startsAt=2026-08-12T15:00:00.000Z
api-community: [Nest] 27644  - 09/21/2026, 12:43:42 AM     LOG [SessionRequestsService] Session request declined: id=req_1 hadEvent=true
api-community: [33mA worker process has failed to exit gracefully and has been force exited. This is likely caused by 
tests leaking due to improper teardown. Try running with --detectOpenHandles to find leaks. Active timers can also 
cause this, ensure that .unref() was called on them.[39m
api-community: [1mTest Suites: [22m[1m[32m19 passed[39m[22m, 19 total
api-community: [1mTests:       [22m[1m[32m455 passed[39m[22m, 455 total
api-community: [1mSnapshots:   [22m0 total
api-community: [1mTime:[22m        29.575 s
api-community: [2mRan all test suites[22m[2m.[22m

> nx run web-ui:lint

web-ui: (node:5692) Warning: The 'NO_COLOR' env is ignored due to the 'FORCE_COLOR' env being set.
web-ui: (Use `node --trace-warnings ...` to show where the warning was created)
web-ui: Linting "web-ui"...
web-ui: [0m[0m
web-ui: [0m[4mD:\projects\ptah-extension\libs\web\ui\src\lib\countdown-timer.component.ts[24m[0m
web-ui: [0m  [2m119:3[22m  [33mwarning[39m  Missing accessibility modifier on method definition constructor  [2m@typescript-eslint/explicit-member-accessibility[22m[0m
web-ui: [0m[0m
web-ui: [0m[4mD:\projects\ptah-extension\libs\web\ui\src\lib\navigation.component.ts[24m[0m
web-ui: [0m  [2m758:1[22m  [33mwarning[39m  File has too many lines (787). Maximum allowed is 700            [2mmax-lines[22m[0m
web-ui: [0m  [2m828:3[22m  [33mwarning[39m  Missing accessibility modifier on method definition constructor  [2m@typescript-eslint/explicit-member-accessibility[22m[0m
web-ui: [0m[0m
web-ui: [0m[33m[1m✖ 3 problems (0 errors, 3 warnings)[22m[39m[0m
web-ui: [0m[33m[1m[22m[39m[0m
web-ui: ✖ 3 problems (0 errors, 3 warnings)

> nx run @ptah-extension/gateway-chat-bridge:test

@ptah-extension/gateway-chat-bridge: (node:27120) Warning: The 'NO_COLOR' env is ignored due to the 'FORCE_COLOR' env 
being set.
@ptah-extension/gateway-chat-bridge: (Use `node --trace-warnings ...` to show where the warning was created)
@ptah-extension/gateway-chat-bridge: (node:27120) Warning: Failed to load the ES module: 
D:\projects\ptah-extension\libs\backend\gateway-chat-bridge\jest.config.ts. Make sure to set "type": "module" in the 
nearest package.json file or use the .mjs extension.

> nx run @ptah-extension/thoth-runtime:test

@ptah-extension/thoth-runtime: (node:20124) Warning: The 'NO_COLOR' env is ignored due to the 'FORCE_COLOR' env being 
set.
@ptah-extension/thoth-runtime: (Use `node --trace-warnings ...` to show where the warning was created)
@ptah-extension/gateway-chat-bridge: (node:13008) Warning: The 'NO_COLOR' env is ignored due to the 'FORCE_COLOR' env 
being set.
@ptah-extension/gateway-chat-bridge: (Use `node --trace-warnings ...` to show where the warning was created)
@ptah-extension/gateway-chat-bridge: (node:38684) Warning: The 'NO_COLOR' env is ignored due to the 'FORCE_COLOR' env 
being set.
@ptah-extension/gateway-chat-bridge: (Use `node --trace-warnings ...` to show where the warning was created)
@ptah-extension/thoth-runtime: (node:25104) Warning: The 'NO_COLOR' env is ignored due to the 'FORCE_COLOR' env being 
set.
@ptah-extension/thoth-runtime: (Use `node --trace-warnings ...` to show where the warning was created)
@ptah-extension/thoth-runtime: (node:35524) Warning: The 'NO_COLOR' env is ignored due to the 'FORCE_COLOR' env being 
set.
@ptah-extension/thoth-runtime: (Use `node --trace-warnings ...` to show where the warning was created)
@ptah-extension/thoth-runtime: (node:38660) Warning: The 'NO_COLOR' env is ignored due to the 'FORCE_COLOR' env being 
set.
@ptah-extension/thoth-runtime: (Use `node --trace-warnings ...` to show where the warning was created)
@ptah-extension/thoth-runtime: (node:14912) Warning: The 'NO_COLOR' env is ignored due to the 'FORCE_COLOR' env being 
set.
@ptah-extension/thoth-runtime: (Use `node --trace-warnings ...` to show where the warning was created)
@ptah-extension/thoth-runtime: (node:39460) Warning: The 'NO_COLOR' env is ignored due to the 'FORCE_COLOR' env being 
set.
@ptah-extension/thoth-runtime: (Use `node --trace-warnings ...` to show where the warning was created)
@ptah-extension/thoth-runtime: (node:16404) Warning: The 'NO_COLOR' env is ignored due to the 'FORCE_COLOR' env being 
set.
@ptah-extension/thoth-runtime: (Use `node --trace-warnings ...` to show where the warning was created)
@ptah-extension/gateway-chat-bridge: [1mTest Suites: [22m[1m[32m2 passed[39m[22m, 2 total
@ptah-extension/gateway-chat-bridge: [1mTests:       [22m[1m[32m66 passed[39m[22m, 66 total
@ptah-extension/gateway-chat-bridge: [1mSnapshots:   [22m0 total
@ptah-extension/gateway-chat-bridge: [1mTime:[22m        44.882 s
@ptah-extension/gateway-chat-bridge: [2mRan all test suites[22m[2m.[22m

> nx run @ptah-extension/gateway-chat-bridge:typecheck


> nx run @ptah-extension/thoth-runtime:typecheck

@ptah-extension/thoth-runtime: [1mTest Suites: [22m[1m[32m6 passed[39m[22m, 6 total
@ptah-extension/thoth-runtime: [1mTests:       [22m[1m[32m100 passed[39m[22m, 100 total
@ptah-extension/thoth-runtime: [1mSnapshots:   [22m0 total
@ptah-extension/thoth-runtime: [1mTime:[22m        58.266 s
@ptah-extension/thoth-runtime: [2mRan all test suites[22m[2m.[22m

> nx run api-marketing:test

api-marketing: (node:27644) Warning: The 'NO_COLOR' env is ignored due to the 'FORCE_COLOR' env being set.
api-marketing: (Use `node --trace-warnings ...` to show where the warning was created)
api-marketing: (node:35628) Warning: The 'NO_COLOR' env is ignored due to the 'FORCE_COLOR' env being set.
api-marketing: (Use `node --trace-warnings ...` to show where the warning was created)
api-marketing: (node:8776) Warning: The 'NO_COLOR' env is ignored due to the 'FORCE_COLOR' env being set.
api-marketing: (Use `node --trace-warnings ...` to show where the warning was created)
api-marketing: (node:29976) Warning: The 'NO_COLOR' env is ignored due to the 'FORCE_COLOR' env being set.
api-marketing: (Use `node --trace-warnings ...` to show where the warning was created)
api-marketing: (node:17920) Warning: The 'NO_COLOR' env is ignored due to the 'FORCE_COLOR' env being set.
api-marketing: (Use `node --trace-warnings ...` to show where the warning was created)
api-marketing: (node:30324) Warning: The 'NO_COLOR' env is ignored due to the 'FORCE_COLOR' env being set.
api-marketing: (Use `node --trace-warnings ...` to show where the warning was created)
api-marketing: [Nest] 30324  - 09/21/2026, 12:44:55 AM    WARN [UnsubscribeTokenService] Invalid unsubscribe token payload: purpose=wrong, v=1
api-marketing: [Nest] 30324  - 09/21/2026, 12:44:55 AM    WARN [UnsubscribeTokenService] Invalid unsubscribe token payload: purpose=unsubscribe, v=2
api-marketing: [Nest] 30324  - 09/21/2026, 12:44:55 AM   ERROR [UnsubscribeTokenService] UNSUBSCRIBE_TOKEN_SECRET is 
missing or too short (must be at least 32 bytes).
api-marketing: [Nest] 35628  - 09/21/2026, 12:44:58 AM     LOG [WaitlistService] Waitlist signup recorded (new.user@example.com, source: landing)
api-marketing: [Nest] 35628  - 09/21/2026, 12:44:58 AM     LOG [WaitlistService] Waitlist signup recorded (a@b.com, source: unknown)
api-marketing: [Nest] 35628  - 09/21/2026, 12:44:58 AM     LOG [WaitlistService] Waitlist signup ignored — already joined (dup@example.com)
api-marketing: [Nest] 35628  - 09/21/2026, 12:44:58 AM     LOG [WaitlistService] Waitlist signup raced — already joined (race@example.com)
api-marketing: [Nest] 35628  - 09/21/2026, 12:44:58 AM     LOG [WaitlistService] Waitlist signup recorded (ok@example.com, source: unknown)
api-marketing: [Nest] 35628  - 09/21/2026, 12:44:58 AM   ERROR [WaitlistService] Waitlist confirmation email failed 
for ok@example.com: Resend error
api-marketing: [Nest] 35628  - 09/21/2026, 12:44:58 AM     LOG [WaitlistService] Waitlist lead marked converted (buyer@example.com)
api-marketing: [Nest] 35628  - 09/21/2026, 12:44:58 AM     LOG [WaitlistService] Waitlist markConverted no-op — no un-converted row for nobody@example.com
api-marketing: [Nest] 35628  - 09/21/2026, 12:44:58 AM     LOG [WaitlistService] Waitlist lead marked approved (gifted@example.com)
api-marketing: [Nest] 35628  - 09/21/2026, 12:44:58 AM     LOG [WaitlistService] Waitlist markApproved no-op — no un-approved row for already@example.com
api-marketing: [Nest] 35628  - 09/21/2026, 12:44:58 AM     LOG [WaitlistService] Waitlist markApproved no-op — no un-approved row for nobody@example.com
api-marketing: [Nest] 35628  - 09/21/2026, 12:44:58 AM     LOG [WaitlistService] Waitlist lead marked approved (gift@example.com)
api-marketing: [Nest] 17920  - 09/21/2026, 12:45:00 AM     LOG [MarketingService] Object(8) {
api-marketing:   message: 'marketing campaign send completed',
api-marketing:   campaignId: 'campaign-1',
api-marketing:   recipientCount: 1,
api-marketing:   sent: 1,
api-marketing:   failed: 0,
api-marketing:   skippedMidLoop: 0,
api-marketing:   duration_ms: 1,
api-marketing:   status: 'completed'
api-marketing: }
api-marketing: [Nest] 17920  - 09/21/2026, 12:45:00 AM     LOG [MarketingService] Object(8) {
api-marketing:   message: 'marketing campaign send completed',
api-marketing:   campaignId: 'campaign-1',
api-marketing:   recipientCount: 3,
api-marketing:   sent: 2,
api-marketing:   failed: 0,
api-marketing:   skippedMidLoop: 1,
api-marketing:   duration_ms: 0,
api-marketing:   status: 'partial'
api-marketing: }
api-marketing: [Nest] 17920  - 09/21/2026, 12:45:00 AM   DEBUG [MarketingService] Resend webhook duplicate ignored: svix-evt-dup:email.bounced
api-marketing: [Nest] 17920  - 09/21/2026, 12:45:00 AM     LOG [MarketingService] Object(8) {
api-marketing:   message: 'marketing campaign send completed',
api-marketing:   campaignId: 'campaign-1',
api-marketing:   recipientCount: 2,
api-marketing:   sent: 2,
api-marketing:   failed: 0,
api-marketing:   skippedMidLoop: 0,
api-marketing:   duration_ms: 0,
api-marketing:   status: 'completed'
api-marketing: }
api-marketing: [Nest] 17920  - 09/21/2026, 12:45:00 AM     LOG [MarketingService] Object(8) {
api-marketing:   message: 'marketing campaign send completed',
api-marketing:   campaignId: 'campaign-1',
api-marketing:   recipientCount: 3,
api-marketing:   sent: 3,
api-marketing:   failed: 0,
api-marketing:   skippedMidLoop: 0,
api-marketing:   duration_ms: 0,
api-marketing:   status: 'completed'
api-marketing: }
api-marketing: [Nest] 17920  - 09/21/2026, 12:45:00 AM     LOG [MarketingService] Object(9) {
api-marketing:   message: 'marketing campaign send completed',
api-marketing:   campaignId: 'campaign-1',
api-marketing:   recipientCount: 1,
api-marketing:   sent: 1,
api-marketing:   failed: 0,
api-marketing:   skippedMidLoop: 0,
api-marketing:   duration_ms: 0,
api-marketing:   status: 'failed',
api-marketing:   errorMessage: 'transient db blip'
api-marketing: }
api-marketing: [1mTest Suites: [22m[1m[32m5 passed[39m[22m, 5 total
api-marketing: [1mTests:       [22m[1m[32m48 passed[39m[22m, 48 total
api-marketing: [1mSnapshots:   [22m0 total
api-marketing: [1mTime:[22m        [1m[33m10.467 s[39m[22m
api-marketing: [2mRan all test suites[22m[2m.[22m

> nx run api-marketing:typecheck

api-marketing: (node:3656) Warning: The 'NO_COLOR' env is ignored due to the 'FORCE_COLOR' env being set.
api-marketing: (Use `node --trace-warnings ...` to show where the warning was created)

> nx run @ptah-extension/thoth-runtime:lint

@ptah-extension/thoth-runtime: (node:35704) Warning: The 'NO_COLOR' env is ignored due to the 'FORCE_COLOR' env being 
set.
@ptah-extension/thoth-runtime: (Use `node --trace-warnings ...` to show where the warning was created)
@ptah-extension/thoth-runtime: Linting "@ptah-extension/thoth-runtime"...

> nx run @ptah-extension/gateway-chat-bridge:lint

@ptah-extension/gateway-chat-bridge: (node:25836) Warning: The 'NO_COLOR' env is ignored due to the 'FORCE_COLOR' env 
being set.
@ptah-extension/gateway-chat-bridge: (Use `node --trace-warnings ...` to show where the warning was created)
@ptah-extension/gateway-chat-bridge: Linting "@ptah-extension/gateway-chat-bridge"...
@ptah-extension/thoth-runtime: ✔ All files pass linting

> nx run api-licensing:test

api-licensing: (node:34516) Warning: The 'NO_COLOR' env is ignored due to the 'FORCE_COLOR' env being set.
api-licensing: (Use `node --trace-warnings ...` to show where the warning was created)
@ptah-extension/gateway-chat-bridge: ✔ All files pass linting

> nx run @ptah-extension/canvas:typecheck

api-licensing: (node:37328) Warning: The 'NO_COLOR' env is ignored due to the 'FORCE_COLOR' env being set.
api-licensing: (Use `node --trace-warnings ...` to show where the warning was created)
api-licensing: (node:12276) Warning: The 'NO_COLOR' env is ignored due to the 'FORCE_COLOR' env being set.
api-licensing: (Use `node --trace-warnings ...` to show where the warning was created)
api-licensing: (node:27840) Warning: The 'NO_COLOR' env is ignored due to the 'FORCE_COLOR' env being set.
api-licensing: (Use `node --trace-warnings ...` to show where the warning was created)
api-licensing: (node:9356) Warning: The 'NO_COLOR' env is ignored due to the 'FORCE_COLOR' env being set.
api-licensing: (Use `node --trace-warnings ...` to show where the warning was created)
@ptah-extension/canvas: (node:9640) Warning: The 'NO_COLOR' env is ignored due to the 'FORCE_COLOR' env being set.
@ptah-extension/canvas: (Use `node --trace-warnings ...` to show where the warning was created)
api-licensing: (node:20788) Warning: The 'NO_COLOR' env is ignored due to the 'FORCE_COLOR' env being set.
api-licensing: (Use `node --trace-warnings ...` to show where the warning was created)
@ptah-extension/canvas: (node:38660) Warning: The 'NO_COLOR' env is ignored due to the 'FORCE_COLOR' env being set.
@ptah-extension/canvas: (Use `node --trace-warnings ...` to show where the warning was created)
api-licensing: [Nest] 27840  - 09/21/2026, 12:45:22 AM     LOG [LicenseService] Complimentary license license-1 issued to gift-recipient@example.com by admin@ptah.live (preset=30d, stacked=false)
api-licensing: [Nest] 12276  - 09/21/2026, 12:45:22 AM     LOG [IntegrationLicensesController] License created: plan=builders, email=user@example.com, expires=2026-06-01T00:00:00.000Z
api-licensing: [Nest] 12276  - 09/21/2026, 12:45:22 AM     LOG [IntegrationLicensesController] License key email sent to user@example.com
api-licensing: [Nest] 27840  - 09/21/2026, 12:45:22 AM     LOG [LicenseService] Complimentary license license-1 issued to gift-recipient@example.com by admin@ptah.live (preset=1y, stacked=false)
api-licensing: [Nest] 27840  - 09/21/2026, 12:45:22 AM     LOG [LicenseService] Complimentary license license-1 issued to gift-recipient@example.com by admin@ptah.live (preset=5y, stacked=false)
api-licensing: [Nest] 12276  - 09/21/2026, 12:45:22 AM     LOG [IntegrationLicensesController] License created: plan=community, email=free@example.com, expires=never
api-licensing: [Nest] 12276  - 09/21/2026, 12:45:22 AM     LOG [IntegrationLicensesController] License key email sent to free@example.com
api-licensing: [Nest] 27840  - 09/21/2026, 12:45:22 AM     LOG [LicenseService] Complimentary license license-1 issued to gift-recipient@example.com by admin@ptah.live (preset=never, stacked=false)
api-licensing: [Nest] 27840  - 09/21/2026, 12:45:22 AM     LOG [LicenseService] Complimentary license license-1 issued to gift-recipient@example.com by admin@ptah.live (preset=custom, stacked=false)
api-licensing: [Nest] 12276  - 09/21/2026, 12:45:22 AM     LOG [IntegrationLicensesController] License created: plan=builders, email=user@example.com, expires=2026-06-01T00:00:00.000Z
api-licensing: [Nest] 12276  - 09/21/2026, 12:45:22 AM   ERROR [IntegrationLicensesController] Failed to send license 
email to user@example.com: Resend rate limit exceeded
api-licensing: [Nest] 12276  - 09/21/2026, 12:45:22 AM     LOG [IntegrationLicensesController] License created: plan=builders, email=user@example.com, expires=never
api-licensing: [Nest] 12276  - 09/21/2026, 12:45:22 AM   ERROR [IntegrationLicensesController] Failed to send license 
email to user@example.com: Unknown email error
api-licensing: [Nest] 12276  - 09/21/2026, 12:45:22 AM     LOG [IntegrationLicensesController] License created: plan=builders, email=user@example.com, expires=never
api-licensing: [Nest] 12276  - 09/21/2026, 12:45:22 AM    WARN [IntegrationLicensesController] Email sending skipped (sendEmail=false) - user will NOT receive license key
api-licensing: [Nest] 27840  - 09/21/2026, 12:45:22 AM     LOG [LicenseService] Complimentary license license-1 issued to gift-recipient@example.com by admin@ptah.live (preset=custom, stacked=false)
api-licensing: [Nest] 12276  - 09/21/2026, 12:45:22 AM     LOG [IntegrationLicensesController] License created: plan=community, email=user@example.com, expires=never
api-licensing: [Nest] 12276  - 09/21/2026, 12:45:22 AM     LOG [IntegrationLicensesController] License key email sent to user@example.com
api-licensing: [Nest] 27840  - 09/21/2026, 12:45:22 AM     LOG [LicenseService] Complimentary license license-1 issued to gift-recipient@example.com by admin@ptah.live (preset=30d, stacked=false)
api-licensing: [Nest] 27840  - 09/21/2026, 12:45:22 AM     LOG [LicenseService] Complimentary license license-1 issued to gift-recipient@example.com by admin@ptah.live (preset=30d, stacked=false)
api-licensing: [Nest] 27840  - 09/21/2026, 12:45:22 AM     LOG [LicenseService] Complimentary license license-1 issued to gift-recipient@example.com by admin@ptah.live (preset=30d, stacked=false)
api-licensing: [Nest] 27840  - 09/21/2026, 12:45:22 AM     LOG [LicenseService] Complimentary license license-1 issued to gift-recipient@example.com by admin@ptah.live (preset=30d, stacked=true)
api-licensing: [Nest] 27840  - 09/21/2026, 12:45:22 AM     LOG [LicenseService] Complimentary license license-1 issued to new-lead@example.com by admin@ptah.live (preset=30d, stacked=false)
api-licensing: [Nest] 12276  - 09/21/2026, 12:45:22 AM     LOG [IntegrationLicensesController] License created: plan=community, email=user@example.com, expires=never
api-licensing: [Nest] 12276  - 09/21/2026, 12:45:22 AM     LOG [IntegrationLicensesController] License key email sent to user@example.com
api-licensing: [Nest] 27840  - 09/21/2026, 12:45:22 AM     LOG [LicenseService] Complimentary license license-1 issued to gift-recipient@example.com by admin@ptah.live (preset=30d, stacked=false)
api-licensing: [Nest] 27840  - 09/21/2026, 12:45:22 AM     LOG [LicenseService] Complimentary license license-1 issued to gift-recipient@example.com by admin@ptah.live (preset=30d, stacked=false)
api-licensing: [Nest] 27840  - 09/21/2026, 12:45:22 AM     LOG [LicenseService] Complimentary license license-1 issued to gift-recipient@example.com by admin@ptah.live (preset=30d, stacked=false)
api-licensing: [Nest] 27840  - 09/21/2026, 12:45:22 AM     LOG [LicenseService] Complimentary license license-1 issued to gift-recipient@example.com by admin@ptah.live (preset=30d, stacked=false)
api-licensing: [Nest] 27840  - 09/21/2026, 12:45:22 AM     LOG [LicenseService] Complimentary license license-1 issued to gift-recipient@example.com by admin@ptah.live (preset=30d, stacked=false)
api-licensing: [Nest] 27840  - 09/21/2026, 12:45:22 AM     LOG [LicenseService] Complimentary license license-1 issued to gift-recipient@example.com by admin@ptah.live (preset=30d, stacked=false)
api-licensing: [Nest] 27840  - 09/21/2026, 12:45:22 AM   ERROR [LicenseService] Complimentary license license-1 
persisted but waitlist markApproved failed for gift-recipient@example.com: db down
api-licensing: [Nest] 27840  - 09/21/2026, 12:45:22 AM    WARN [LicenseService] License key collision on attempt 1/3, retrying
api-licensing: [Nest] 27840  - 09/21/2026, 12:45:22 AM     LOG [LicenseService] Complimentary license license-retry-1 issued to gift-recipient@example.com by admin@ptah.live (preset=30d, stacked=false)
api-licensing: [Nest] 27840  - 09/21/2026, 12:45:22 AM    WARN [LicenseService] License key collision on attempt 1/3, retrying
api-licensing: [Nest] 27840  - 09/21/2026, 12:45:22 AM    WARN [LicenseService] License key collision on attempt 2/3, retrying
api-licensing: [Nest] 20788  - 09/21/2026, 12:45:25 AM    WARN [LicenseController] Failed to resolve member groups for user user-1: db down
api-licensing: [Nest] 20788  - 09/21/2026, 12:45:25 AM     LOG [LicenseController] License key revealed: userId=user-1, licenseId=license-1, plan=builders
api-licensing: [Nest] 20788  - 09/21/2026, 12:45:25 AM    WARN [LicenseController] License key reveal denied: userId=user-1, reason=no_active_license
api-licensing: [Nest] 20788  - 09/21/2026, 12:45:25 AM    WARN [LicenseController] License key reveal denied: userId=user-abc, reason=no_active_license
api-licensing: [1mTest Suites: [22m[1m[32m5 passed[39m[22m, 5 total
api-licensing: [1mTests:       [22m[1m[32m73 passed[39m[22m, 73 total
api-licensing: [1mSnapshots:   [22m0 total
api-licensing: [1mTime:[22m        17.022 s
api-licensing: [2mRan all test suites[22m[2m.[22m

> nx run api-licensing:typecheck

api-licensing: (node:1380) Warning: The 'NO_COLOR' env is ignored due to the 'FORCE_COLOR' env being set.
api-licensing: (Use `node --trace-warnings ...` to show where the warning was created)

> nx run @ptah-extension/canvas:test

@ptah-extension/canvas: (node:25636) Warning: The 'NO_COLOR' env is ignored due to the 'FORCE_COLOR' env being set.
@ptah-extension/canvas: (Use `node --trace-warnings ...` to show where the warning was created)
@ptah-extension/canvas: (node:6024) Warning: The 'NO_COLOR' env is ignored due to the 'FORCE_COLOR' env being set.
@ptah-extension/canvas: (Use `node --trace-warnings ...` to show where the warning was created)
@ptah-extension/canvas: (node:12192) Warning: The 'NO_COLOR' env is ignored due to the 'FORCE_COLOR' env being set.
@ptah-extension/canvas: (Use `node --trace-warnings ...` to show where the warning was created)
@ptah-extension/canvas: (node:16804) Warning: The 'NO_COLOR' env is ignored due to the 'FORCE_COLOR' env being set.
@ptah-extension/canvas: (Use `node --trace-warnings ...` to show where the warning was created)
@ptah-extension/canvas: (node:21552) Warning: The 'NO_COLOR' env is ignored due to the 'FORCE_COLOR' env being set.
@ptah-extension/canvas: (Use `node --trace-warnings ...` to show where the warning was created)
@ptah-extension/canvas: (node:26132) Warning: The 'NO_COLOR' env is ignored due to the 'FORCE_COLOR' env being set.
@ptah-extension/canvas: (Use `node --trace-warnings ...` to show where the warning was created)
@ptah-extension/canvas: (node:37564) Warning: The 'NO_COLOR' env is ignored due to the 'FORCE_COLOR' env being set.
@ptah-extension/canvas: (Use `node --trace-warnings ...` to show where the warning was created)
@ptah-extension/canvas: (node:15032) Warning: The 'NO_COLOR' env is ignored due to the 'FORCE_COLOR' env being set.
@ptah-extension/canvas: (Use `node --trace-warnings ...` to show where the warning was created)
@ptah-extension/canvas: (node:18996) Warning: The 'NO_COLOR' env is ignored due to the 'FORCE_COLOR' env being set.
@ptah-extension/canvas: (Use `node --trace-warnings ...` to show where the warning was created)

> nx run @ptah-extension/canvas:lint

@ptah-extension/canvas: (node:15724) Warning: The 'NO_COLOR' env is ignored due to the 'FORCE_COLOR' env being set.
@ptah-extension/canvas: (Use `node --trace-warnings ...` to show where the warning was created)
@ptah-extension/canvas: Linting "@ptah-extension/canvas"...
@ptah-extension/canvas: ✔ All files pass linting

> nx run @ptah-extension/harness-builder:test

@ptah-extension/harness-builder: (node:13128) Warning: The 'NO_COLOR' env is ignored due to the 'FORCE_COLOR' env 
being set.
@ptah-extension/harness-builder: (Use `node --trace-warnings ...` to show where the warning was created)
@ptah-extension/harness-builder: (node:20088) Warning: The 'NO_COLOR' env is ignored due to the 'FORCE_COLOR' env 
being set.
@ptah-extension/harness-builder: (Use `node --trace-warnings ...` to show where the warning was created)
@ptah-extension/harness-builder: (node:39108) Warning: The 'NO_COLOR' env is ignored due to the 'FORCE_COLOR' env 
being set.
@ptah-extension/harness-builder: (Use `node --trace-warnings ...` to show where the warning was created)
@ptah-extension/harness-builder: (node:14736) Warning: The 'NO_COLOR' env is ignored due to the 'FORCE_COLOR' env 
being set.
@ptah-extension/harness-builder: (Use `node --trace-warnings ...` to show where the warning was created)
@ptah-extension/harness-builder: (node:37880) Warning: The 'NO_COLOR' env is ignored due to the 'FORCE_COLOR' env 
being set.
@ptah-extension/harness-builder: (Use `node --trace-warnings ...` to show where the warning was created)
@ptah-extension/harness-builder: (node:24128) Warning: The 'NO_COLOR' env is ignored due to the 'FORCE_COLOR' env 
being set.
@ptah-extension/harness-builder: (Use `node --trace-warnings ...` to show where the warning was created)
@ptah-extension/canvas: [1mTest Suites: [22m[1m[32m9 passed[39m[22m, 9 total
@ptah-extension/canvas: [1mTests:       [22m[1m[32m162 passed[39m[22m, 162 total
@ptah-extension/canvas: [1mSnapshots:   [22m0 total
@ptah-extension/canvas: [1mTime:[22m        29.56 s, estimated 30 s
@ptah-extension/canvas: [2mRan all test suites[22m[2m.[22m

> nx run @ptah-extension/tribunal-panel:test

@ptah-extension/tribunal-panel: (node:19812) Warning: The 'NO_COLOR' env is ignored due to the 'FORCE_COLOR' env being 
set.
@ptah-extension/tribunal-panel: (Use `node --trace-warnings ...` to show where the warning was created)
@ptah-extension/tribunal-panel: (node:19812) Warning: Failed to load the ES module: 
D:\projects\ptah-extension\libs\frontend\tribunal-panel\jest.config.ts. Make sure to set "type": "module" in the 
nearest package.json file or use the .mjs extension.
@ptah-extension/tribunal-panel: (node:17304) Warning: The 'NO_COLOR' env is ignored due to the 'FORCE_COLOR' env being 
set.
@ptah-extension/tribunal-panel: (Use `node --trace-warnings ...` to show where the warning was created)
@ptah-extension/tribunal-panel: (node:38116) Warning: The 'NO_COLOR' env is ignored due to the 'FORCE_COLOR' env being 
set.
@ptah-extension/tribunal-panel: (Use `node --trace-warnings ...` to show where the warning was created)
@ptah-extension/tribunal-panel: (node:7492) Warning: The 'NO_COLOR' env is ignored due to the 'FORCE_COLOR' env being 
set.
@ptah-extension/tribunal-panel: (Use `node --trace-warnings ...` to show where the warning was created)
@ptah-extension/tribunal-panel: (node:15036) Warning: The 'NO_COLOR' env is ignored due to the 'FORCE_COLOR' env being 
set.
@ptah-extension/tribunal-panel: (Use `node --trace-warnings ...` to show where the warning was created)
@ptah-extension/tribunal-panel: (node:39384) Warning: The 'NO_COLOR' env is ignored due to the 'FORCE_COLOR' env being 
set.
@ptah-extension/tribunal-panel: (Use `node --trace-warnings ...` to show where the warning was created)
@ptah-extension/tribunal-panel: (node:8120) Warning: The 'NO_COLOR' env is ignored due to the 'FORCE_COLOR' env being 
set.
@ptah-extension/tribunal-panel: (Use `node --trace-warnings ...` to show where the warning was created)
@ptah-extension/tribunal-panel: (node:25612) Warning: The 'NO_COLOR' env is ignored due to the 'FORCE_COLOR' env being 
set.
@ptah-extension/tribunal-panel: (Use `node --trace-warnings ...` to show where the warning was created)
@ptah-extension/tribunal-panel: (node:26860) Warning: The 'NO_COLOR' env is ignored due to the 'FORCE_COLOR' env being 
set.
@ptah-extension/tribunal-panel: (Use `node --trace-warnings ...` to show where the warning was created)
@ptah-extension/harness-builder: [1mTest Suites: [22m[1m[32m5 passed[39m[22m, 5 total
@ptah-extension/harness-builder: [1mTests:       [22m[1m[32m107 passed[39m[22m, 107 total
@ptah-extension/harness-builder: [1mSnapshots:   [22m0 total
@ptah-extension/harness-builder: [1mTime:[22m        [1m[33m31.359 s[39m[22m
@ptah-extension/harness-builder: [2mRan all test suites[22m[2m.[22m

> nx run web-panel-ui:test

web-panel-ui: (node:15008) Warning: The 'NO_COLOR' env is ignored due to the 'FORCE_COLOR' env being set.
web-panel-ui: (Use `node --trace-warnings ...` to show where the warning was created)
web-panel-ui: (node:10220) Warning: The 'NO_COLOR' env is ignored due to the 'FORCE_COLOR' env being set.
web-panel-ui: (Use `node --trace-warnings ...` to show where the warning was created)
web-panel-ui: (node:7480) Warning: The 'NO_COLOR' env is ignored due to the 'FORCE_COLOR' env being set.
web-panel-ui: (Use `node --trace-warnings ...` to show where the warning was created)
web-panel-ui: (node:38772) Warning: The 'NO_COLOR' env is ignored due to the 'FORCE_COLOR' env being set.
web-panel-ui: (Use `node --trace-warnings ...` to show where the warning was created)
web-panel-ui: (node:4544) Warning: The 'NO_COLOR' env is ignored due to the 'FORCE_COLOR' env being set.
web-panel-ui: (Use `node --trace-warnings ...` to show where the warning was created)
web-panel-ui: (node:12456) Warning: The 'NO_COLOR' env is ignored due to the 'FORCE_COLOR' env being set.
web-panel-ui: (Use `node --trace-warnings ...` to show where the warning was created)
web-panel-ui: [1mTest Suites: [22m[1m[32m5 passed[39m[22m, 5 total
web-panel-ui: [1mTests:       [22m[1m[32m41 passed[39m[22m, 41 total
web-panel-ui: [1mSnapshots:   [22m0 total
web-panel-ui: [1mTime:[22m        7.704 s
web-panel-ui: [2mRan all test suites[22m[2m.[22m

> nx run @ptah-extension/setup-wizard:test

@ptah-extension/setup-wizard: (node:38996) Warning: The 'NO_COLOR' env is ignored due to the 'FORCE_COLOR' env being 
set.
@ptah-extension/setup-wizard: (Use `node --trace-warnings ...` to show where the warning was created)
@ptah-extension/setup-wizard: (node:38544) Warning: The 'NO_COLOR' env is ignored due to the 'FORCE_COLOR' env being 
set.
@ptah-extension/setup-wizard: (Use `node --trace-warnings ...` to show where the warning was created)
@ptah-extension/setup-wizard: (node:28272) Warning: The 'NO_COLOR' env is ignored due to the 'FORCE_COLOR' env being 
set.
@ptah-extension/setup-wizard: (Use `node --trace-warnings ...` to show where the warning was created)
@ptah-extension/setup-wizard: (node:4444) Warning: The 'NO_COLOR' env is ignored due to the 'FORCE_COLOR' env being 
set.
@ptah-extension/setup-wizard: (Use `node --trace-warnings ...` to show where the warning was created)
@ptah-extension/setup-wizard: (node:23400) Warning: The 'NO_COLOR' env is ignored due to the 'FORCE_COLOR' env being 
set.
@ptah-extension/setup-wizard: (Use `node --trace-warnings ...` to show where the warning was created)
@ptah-extension/setup-wizard: (node:25776) Warning: The 'NO_COLOR' env is ignored due to the 'FORCE_COLOR' env being 
set.
@ptah-extension/setup-wizard: (Use `node --trace-warnings ...` to show where the warning was created)
@ptah-extension/setup-wizard: (node:5004) Warning: The 'NO_COLOR' env is ignored due to the 'FORCE_COLOR' env being 
set.
@ptah-extension/setup-wizard: (Use `node --trace-warnings ...` to show where the warning was created)
@ptah-extension/setup-wizard: (node:12676) Warning: The 'NO_COLOR' env is ignored due to the 'FORCE_COLOR' env being 
set.
@ptah-extension/setup-wizard: (Use `node --trace-warnings ...` to show where the warning was created)
@ptah-extension/setup-wizard: (node:28368) Warning: The 'NO_COLOR' env is ignored due to the 'FORCE_COLOR' env being 
set.
@ptah-extension/setup-wizard: (Use `node --trace-warnings ...` to show where the warning was created)
@ptah-extension/tribunal-panel: [1mTest Suites: [22m[1m[32m16 passed[39m[22m, 16 total
@ptah-extension/tribunal-panel: [1mTests:       [22m[1m[32m333 passed[39m[22m, 333 total
@ptah-extension/tribunal-panel: [1mSnapshots:   [22m0 total
@ptah-extension/tribunal-panel: [1mTime:[22m        31.1 s
@ptah-extension/tribunal-panel: [2mRan all test suites[22m[2m.[22m

> nx run @ptah-extension/tasks-ui:test

@ptah-extension/tasks-ui: (node:6596) Warning: The 'NO_COLOR' env is ignored due to the 'FORCE_COLOR' env being set.
@ptah-extension/tasks-ui: (Use `node --trace-warnings ...` to show where the warning was created)
@ptah-extension/tasks-ui: (node:22968) Warning: The 'NO_COLOR' env is ignored due to the 'FORCE_COLOR' env being set.
@ptah-extension/tasks-ui: (Use `node --trace-warnings ...` to show where the warning was created)
@ptah-extension/tasks-ui: (node:39000) Warning: The 'NO_COLOR' env is ignored due to the 'FORCE_COLOR' env being set.
@ptah-extension/tasks-ui: (Use `node --trace-warnings ...` to show where the warning was created)
@ptah-extension/tasks-ui: (node:27496) Warning: The 'NO_COLOR' env is ignored due to the 'FORCE_COLOR' env being set.
@ptah-extension/tasks-ui: (Use `node --trace-warnings ...` to show where the warning was created)
@ptah-extension/tasks-ui: (node:7744) Warning: The 'NO_COLOR' env is ignored due to the 'FORCE_COLOR' env being set.
@ptah-extension/tasks-ui: (Use `node --trace-warnings ...` to show where the warning was created)
@ptah-extension/tasks-ui: (node:23124) Warning: The 'NO_COLOR' env is ignored due to the 'FORCE_COLOR' env being set.
@ptah-extension/tasks-ui: (Use `node --trace-warnings ...` to show where the warning was created)
@ptah-extension/tasks-ui: (node:38560) Warning: The 'NO_COLOR' env is ignored due to the 'FORCE_COLOR' env being set.
@ptah-extension/tasks-ui: (Use `node --trace-warnings ...` to show where the warning was created)
@ptah-extension/tasks-ui: (node:38264) Warning: The 'NO_COLOR' env is ignored due to the 'FORCE_COLOR' env being set.
@ptah-extension/tasks-ui: (Use `node --trace-warnings ...` to show where the warning was created)
@ptah-extension/tasks-ui: (node:30676) Warning: The 'NO_COLOR' env is ignored due to the 'FORCE_COLOR' env being set.
@ptah-extension/tasks-ui: (Use `node --trace-warnings ...` to show where the warning was created)
@ptah-extension/setup-wizard: [1mTest Suites: [22m[1m[32m12 passed[39m[22m, 12 total
@ptah-extension/setup-wizard: [1mTests:       [22m[1m[32m321 passed[39m[22m, 321 total
@ptah-extension/setup-wizard: [1mSnapshots:   [22m0 total
@ptah-extension/setup-wizard: [1mTime:[22m        32.968 s
@ptah-extension/setup-wizard: [2mRan all test suites[22m[2m.[22m

> nx run @ptah-extension/harness-builder:typecheck

@ptah-extension/harness-builder: (node:17684) Warning: The 'NO_COLOR' env is ignored due to the 'FORCE_COLOR' env being set.
@ptah-extension/harness-builder: (Use `node --trace-warnings ...` to show where the warning was created)
@ptah-extension/harness-builder: (node:17756) Warning: The 'NO_COLOR' env is ignored due to the 'FORCE_COLOR' env being set.
@ptah-extension/harness-builder: (Use `node --trace-warnings ...` to show where the warning was created)
@ptah-extension/tasks-ui: [1mTest Suites: [22m[1m[32m19 passed[39m[22m, 19 total
@ptah-extension/tasks-ui: [1mTests:       [22m[1m[32m611 passed[39m[22m, 611 total
@ptah-extension/tasks-ui: [1mSnapshots:   [22m0 total
@ptah-extension/tasks-ui: [1mTime:[22m        26.889 s
@ptah-extension/tasks-ui: [2mRan all test suites[22m[2m.[22m

> nx run @ptah-extension/setup-wizard:typecheck

@ptah-extension/setup-wizard: (node:23016) Warning: The 'NO_COLOR' env is ignored due to the 'FORCE_COLOR' env being set.
@ptah-extension/setup-wizard: (Use `node --trace-warnings ...` to show where the warning was created)
@ptah-extension/setup-wizard: (node:34272) Warning: The 'NO_COLOR' env is ignored due to the 'FORCE_COLOR' env being set.
@ptah-extension/setup-wizard: (Use `node --trace-warnings ...` to show where the warning was created)

> nx run @ptah-extension/tribunal-panel:typecheck

@ptah-extension/tribunal-panel: (node:35524) Warning: The 'NO_COLOR' env is ignored due to the 'FORCE_COLOR' env being set.
@ptah-extension/tribunal-panel: (Use `node --trace-warnings ...` to show where the warning was created)
@ptah-extension/tribunal-panel: (node:39560) Warning: The 'NO_COLOR' env is ignored due to the 'FORCE_COLOR' env being set.
@ptah-extension/tribunal-panel: (Use `node --trace-warnings ...` to show where the warning was created)

> nx run @ptah-extension/tasks-ui:typecheck

@ptah-extension/tasks-ui: (node:27940) Warning: The 'NO_COLOR' env is ignored due to the 'FORCE_COLOR' env being set.
@ptah-extension/tasks-ui: (Use `node --trace-warnings ...` to show where the warning was created)
@ptah-extension/tasks-ui: (node:39652) Warning: The 'NO_COLOR' env is ignored due to the 'FORCE_COLOR' env being set.
@ptah-extension/tasks-ui: (Use `node --trace-warnings ...` to show where the warning was created)

> nx run web-panel-ui:typecheck

web-panel-ui: (node:8768) Warning: The 'NO_COLOR' env is ignored due to the 'FORCE_COLOR' env being set.
web-panel-ui: (Use `node --trace-warnings ...` to show where the warning was created)
web-panel-ui: (node:39400) Warning: The 'NO_COLOR' env is ignored due to the 'FORCE_COLOR' env being set.
web-panel-ui: (Use `node --trace-warnings ...` to show where the warning was created)

> nx run @ptah-extension/tasks-ui:lint

@ptah-extension/tasks-ui: (node:16424) Warning: The 'NO_COLOR' env is ignored due to the 'FORCE_COLOR' env being set.
@ptah-extension/tasks-ui: (Use `node --trace-warnings ...` to show where the warning was created)

> nx run @ptah-extension/setup-wizard:lint

@ptah-extension/tasks-ui: Linting "@ptah-extension/tasks-ui"...
@ptah-extension/setup-wizard: (node:7480) Warning: The 'NO_COLOR' env is ignored due to the 'FORCE_COLOR' env being 
set.
@ptah-extension/setup-wizard: (Use `node --trace-warnings ...` to show where the warning was created)
@ptah-extension/setup-wizard: Linting "@ptah-extension/setup-wizard"...
@ptah-extension/setup-wizard: [0m[0m
@ptah-extension/setup-wizard: [0m[4mD:\projects\ptah-extension\libs\frontend\setup-wizard\src\lib\components\agent-selection.component.ts[24m[0m
@ptah-extension/setup-wizard: [0m  [2m867:1[22m  [33mwarning[39m  File has too many lines (768). Maximum allowed is 700  [2mmax-lines[22m[0m
@ptah-extension/setup-wizard: [0m[0m
@ptah-extension/setup-wizard: [0m[4mD:\projects\ptah-extension\libs\frontend\setup-wizard\src\lib\components\analysis-results.component.ts[24m[0m
@ptah-extension/setup-wizard: [0m  [2m362:31[22m  [33mwarning[39m  Unexpected empty method 'onAlertOk'  [2m@typescript-eslint/no-empty-function[22m[0m
@ptah-extension/setup-wizard: [0m[0m
@ptah-extension/setup-wizard: [0m[33m[1m✖ 2 problems (0 errors, 2 warnings)[22m[39m[0m
@ptah-extension/setup-wizard: [0m[33m[1m[22m[39m[0m
@ptah-extension/setup-wizard: ✖ 2 problems (0 errors, 2 warnings)

> nx run @ptah-extension/tribunal-panel:lint

@ptah-extension/tribunal-panel: (node:33840) Warning: The 'NO_COLOR' env is ignored due to the 'FORCE_COLOR' env being 
set.
@ptah-extension/tribunal-panel: (Use `node --trace-warnings ...` to show where the warning was created)
@ptah-extension/tribunal-panel: Linting "@ptah-extension/tribunal-panel"...
@ptah-extension/tasks-ui: [0m[0m
@ptah-extension/tasks-ui: [0m[4mD:\projects\ptah-extension\libs\frontend\tasks-ui\src\lib\components\board\task-list.component.ts[24m[0m
@ptah-extension/tasks-ui: [0m  [2m833:1[22m  [33mwarning[39m  File has too many lines (945). Maximum allowed is 700  [2mmax-lines[22m[0m
@ptah-extension/tasks-ui: [0m[0m
@ptah-extension/tasks-ui: [0m[4mD:\projects\ptah-extension\libs\frontend\tasks-ui\src\lib\components\tasks-view.component.ts[24m[0m
@ptah-extension/tasks-ui: [0m  [2m756:1[22m  [33mwarning[39m  File has too many lines (1092). Maximum allowed is 700  [2mmax-lines[22m[0m
@ptah-extension/tasks-ui: [0m[0m
@ptah-extension/tasks-ui: [0m[4mD:\projects\ptah-extension\libs\frontend\tasks-ui\src\lib\services\tasks-store.service.ts[24m[0m
@ptah-extension/tasks-ui: [0m  [2m1901:1[22m  [33mwarning[39m  File has too many lines (1066). Maximum allowed is 700  [2mmax-lines[22m[0m
@ptah-extension/tasks-ui: [0m[0m
@ptah-extension/tasks-ui: [0m[33m[1m✖ 3 problems (0 errors, 3 warnings)[22m[39m[0m
@ptah-extension/tasks-ui: [0m[33m[1m[22m[39m[0m
@ptah-extension/tasks-ui: ✖ 3 problems (0 errors, 3 warnings)

> nx run @ptah-extension/harness-builder:lint

@ptah-extension/harness-builder: (node:28368) Warning: The 'NO_COLOR' env is ignored due to the 'FORCE_COLOR' env 
being set.
@ptah-extension/harness-builder: (Use `node --trace-warnings ...` to show where the warning was created)
@ptah-extension/harness-builder: Linting "@ptah-extension/harness-builder"...
@ptah-extension/tribunal-panel: ✔ All files pass linting

> nx run web-panel-ui:lint

@ptah-extension/harness-builder: [0m[0m
@ptah-extension/harness-builder: [0m[4mD:\projects\ptah-extension\libs\frontend\harness-builder\src\lib\components\harness-builder-view.component.ts[24m[0m
@ptah-extension/harness-builder: [0m  [2m502:3[22m  [33mwarning[39m  Missing accessibility modifier on class property isInitializing         [2m@typescript-eslint/explicit-member-accessibility[22m[0m
@ptah-extension/harness-builder: [0m  [2m503:3[22m  [33mwarning[39m  Missing accessibility modifier on class property initError              [2m@typescript-eslint/explicit-member-accessibility[22m[0m
@ptah-extension/harness-builder: [0m  [2m504:3[22m  [33mwarning[39m  Missing accessibility modifier on class property isApplying             [2m@typescript-eslint/explicit-member-accessibility[22m[0m
@ptah-extension/harness-builder: [0m  [2m506:3[22m  [33mwarning[39m  Missing accessibility modifier on class property applyError             [2m@typescript-eslint/explicit-member-accessibility[22m[0m
@ptah-extension/harness-builder: [0m  [2m507:3[22m  [33mwarning[39m  Missing accessibility modifier on class property showSidePanel          [2m@typescript-eslint/explicit-member-accessibility[22m[0m
@ptah-extension/harness-builder: [0m  [2m508:3[22m  [33mwarning[39m  Missing accessibility modifier on class property showCloseConfirmation  [2m@typescript-eslint/explicit-member-accessibility[22m[0m
@ptah-extension/harness-builder: [0m  [2m515:3[22m  [33mwarning[39m  Missing accessibility modifier on class property userBubbles            [2m@typescript-eslint/explicit-member-accessibility[22m[0m
@ptah-extension/harness-builder: [0m  [2m643:3[22m  [33mwarning[39m  Missing accessibility modifier on method definition constructor         [2m@typescript-eslint/explicit-member-accessibility[22m[0m
@ptah-extension/harness-builder: [0m  [2m835:1[22m  [33mwarning[39m  File has too many lines (736). Maximum allowed is 700                   [2mmax-lines[22m[0m
@ptah-extension/harness-builder: [0m[0m
@ptah-extension/harness-builder: [0m[4mD:\projects\ptah-extension\libs\frontend\harness-builder\src\lib\components\setup-hub.component.ts[24m[0m
@ptah-extension/harness-builder: [0m   [2m751:1[22m  [33mwarning[39m  File has too many lines (1306). Maximum allowed is 700                        [2mmax-lines[22m[0m
@ptah-extension/harness-builder: [0m  [2m1168:3[22m  [33mwarning[39m  Missing accessibility modifier on class property isLoading                    [2m@typescript-eslint/explicit-member-accessibility[22m[0m
@ptah-extension/harness-builder: [0m  [2m1169:3[22m  [33mwarning[39m  Missing accessibility modifier on class property hasLoadedOnce                [2m@typescript-eslint/explicit-member-accessibility[22m[0m
@ptah-extension/harness-builder: [0m  [2m1170:3[22m  [33mwarning[39m  Missing accessibility modifier on class property loadError                    [2m@typescript-eslint/explicit-member-accessibility[22m[0m
@ptah-extension/harness-builder: [0m  [2m1171:3[22m  [33mwarning[39m  Missing accessibility modifier on class property setupStatus                  [2m@typescript-eslint/explicit-member-accessibility[22m[0m
@ptah-extension/harness-builder: [0m  [2m1172:3[22m  [33mwarning[39m  Missing accessibility modifier on class property presets                      [2m@typescript-eslint/explicit-member-accessibility[22m[0m
@ptah-extension/harness-builder: [0m  [2m1174:3[22m  [33mwarning[39m  Missing accessibility modifier on class property hasClaudeMd                  [2m@typescript-eslint/explicit-member-accessibility[22m[0m
@ptah-extension/harness-builder: [0m  [2m1200:3[22m  [33mwarning[39m  Missing accessibility modifier on class property showIntake                   [2m@typescript-eslint/explicit-member-accessibility[22m[0m
@ptah-extension/harness-builder: [0m  [2m1201:3[22m  [33mwarning[39m  Missing accessibility modifier on class property showDiscardConfirm           [2m@typescript-eslint/explicit-member-accessibility[22m[0m
@ptah-extension/harness-builder: [0m  [2m1202:3[22m  [33mwarning[39m  Missing accessibility modifier on class property audience                     [2m@typescript-eslint/explicit-member-accessibility[22m[0m
@ptah-extension/harness-builder: [0m  [2m1203:3[22m  [33mwarning[39m  Missing accessibility modifier on class property platform                     [2m@typescript-eslint/explicit-member-accessibility[22m[0m
@ptah-extension/harness-builder: [0m  [2m1204:3[22m  [33mwarning[39m  Missing accessibility modifier on class property stack                        [2m@typescript-eslint/explicit-member-accessibility[22m[0m
@ptah-extension/harness-builder: [0m  [2m1214:3[22m  [33mwarning[39m  Missing accessibility modifier on class property stackOptions                 [2m@typescript-eslint/explicit-member-accessibility[22m[0m
@ptah-extension/harness-builder: [0m  [2m1217:3[22m  [33mwarning[39m  Missing accessibility modifier on class property isStarting                   [2m@typescript-eslint/explicit-member-accessibility[22m[0m
@ptah-extension/harness-builder: [0m  [2m1218:3[22m  [33mwarning[39m  Missing accessibility modifier on class property intakeError                  [2m@typescript-eslint/explicit-member-accessibility[22m[0m
@ptah-extension/harness-builder: [0m  [2m1224:3[22m  [33mwarning[39m  Missing accessibility modifier on class property hasActiveNewProject          [2m@typescript-eslint/explicit-member-accessibility[22m[0m
@ptah-extension/harness-builder: [0m  [2m1229:3[22m  [33mwarning[39m  Missing accessibility modifier on class property newProjectStatusLabel        [2m@typescript-eslint/explicit-member-accessibility[22m[0m
@ptah-extension/harness-builder: [0m  [2m1238:3[22m  [33mwarning[39m  Missing accessibility modifier on class property hasConflictingWorkflow       [2m@typescript-eslint/explicit-member-accessibility[22m[0m
@ptah-extension/harness-builder: [0m  [2m1243:3[22m  [33mwarning[39m  Missing accessibility modifier on class property canStartPlanning             [2m@typescript-eslint/explicit-member-accessibility[22m[0m
@ptah-extension/harness-builder: [0m  [2m1251:3[22m  [33mwarning[39m  Missing accessibility modifier on class property progressOffset               [2m@typescript-eslint/explicit-member-accessibility[22m[0m
@ptah-extension/harness-builder: [0m  [2m1257:3[22m  [33mwarning[39m  Missing accessibility modifier on method definition ngOnInit                  [2m@typescript-eslint/explicit-member-accessibility[22m[0m
@ptah-extension/harness-builder: [0m  [2m1261:3[22m  [33mwarning[39m  Missing accessibility modifier on method definition refreshStatus             [2m@typescript-eslint/explicit-member-accessibility[22m[0m
@ptah-extension/harness-builder: [0m  [2m1298:3[22m  [33mwarning[39m  Missing accessibility modifier on method definition openSetupWizard           [2m@typescript-eslint/explicit-member-accessibility[22m[0m
@ptah-extension/harness-builder: [0m  [2m1302:3[22m  [33mwarning[39m  Missing accessibility modifier on method definition openHarnessBuilder        [2m@typescript-eslint/explicit-member-accessibility[22m[0m
@ptah-extension/harness-builder: [0m  [2m1306:3[22m  [33mwarning[39m  Missing accessibility modifier on method definition conveneTribunal           [2m@typescript-eslint/explicit-member-accessibility[22m[0m
@ptah-extension/harness-builder: [0m  [2m1311:3[22m  [33mwarning[39m  Missing accessibility modifier on method definition onNewProjectCardActivate  [2m@typescript-eslint/explicit-member-accessibility[22m[0m
@ptah-extension/harness-builder: [0m  [2m1319:3[22m  [33mwarning[39m  Missing accessibility modifier on method definition resumeNewProject          [2m@typescript-eslint/explicit-member-accessibility[22m[0m
@ptah-extension/harness-builder: [0m  [2m1323:3[22m  [33mwarning[39m  Missing accessibility modifier on method definition openIntake                [2m@typescript-eslint/explicit-member-accessibility[22m[0m
@ptah-extension/harness-builder: [0m  [2m1328:3[22m  [33mwarning[39m  Missing accessibility modifier on method definition closeIntake               [2m@typescript-eslint/explicit-member-accessibility[22m[0m
@ptah-extension/harness-builder: [0m  [2m1340:3[22m  [33mwarning[39m  Missing accessibility modifier on method definition selectAudience            [2m@typescript-eslint/explicit-member-accessibility[22m[0m
@ptah-extension/harness-builder: [0m  [2m1352:3[22m  [33mwarning[39m  Missing accessibility modifier on method definition selectPlatform            [2m@typescript-eslint/explicit-member-accessibility[22m[0m
@ptah-extension/harness-builder: [0m  [2m1367:3[22m  [33mwarning[39m  Missing accessibility modifier on method definition selectStack               [2m@typescript-eslint/explicit-member-accessibility[22m[0m
@ptah-extension/harness-builder: [0m  [2m1400:3[22m  [33mwarning[39m  Missing accessibility modifier on method definition submitIntake              [2m@typescript-eslint/explicit-member-accessibility[22m[0m
@ptah-extension/harness-builder: [0m  [2m1464:3[22m  [33mwarning[39m  Missing accessibility modifier on method definition goBack                    [2m@typescript-eslint/explicit-member-accessibility[22m[0m
@ptah-extension/harness-builder: [0m[0m
@ptah-extension/harness-builder: [0m[4mD:\projects\ptah-extension\libs\frontend\harness-builder\src\lib\services\harness-workflow-message.handler.ts[24m[0m
@ptah-extension/harness-builder: [0m  [2m22:3[22m  [33mwarning[39m  Missing accessibility modifier on class property handledMessageTypes  [2m@typescript-eslint/explicit-member-accessibility[22m[0m
@ptah-extension/harness-builder: [0m  [2m27:3[22m  [33mwarning[39m  Missing accessibility modifier on method definition handleMessage     [2m@typescript-eslint/explicit-member-accessibility[22m[0m
@ptah-extension/harness-builder: [0m[0m
@ptah-extension/harness-builder: [0m[4mD:\projects\ptah-extension\libs\frontend\harness-builder\src\lib\services\harness-workflow.service.spec.ts[24m[0m
@ptah-extension/harness-builder: [0m  [2m190:20[22m  [33mwarning[39m  Forbidden non-null assertion  [2m@typescript-eslint/no-non-null-assertion[22m[0m
@ptah-extension/harness-builder: [0m  [2m216:20[22m  [33mwarning[39m  Forbidden non-null assertion  [2m@typescript-eslint/no-non-null-assertion[22m[0m
@ptah-extension/harness-builder: [0m  [2m230:20[22m  [33mwarning[39m  Forbidden non-null assertion  [2m@typescript-eslint/no-non-null-assertion[22m[0m
@ptah-extension/harness-builder: [0m  [2m249:20[22m  [33mwarning[39m  Forbidden non-null assertion  [2m@typescript-eslint/no-non-null-assertion[22m[0m
@ptah-extension/harness-builder: [0m  [2m277:20[22m  [33mwarning[39m  Forbidden non-null assertion  [2m@typescript-eslint/no-non-null-assertion[22m[0m
@ptah-extension/harness-builder: [0m  [2m317:7[22m   [33mwarning[39m  Forbidden non-null assertion  [2m@typescript-eslint/no-non-null-assertion[22m[0m
@ptah-extension/harness-builder: [0m  [2m423:9[22m   [33mwarning[39m  Forbidden non-null assertion  [2m@typescript-eslint/no-non-null-assertion[22m[0m
@ptah-extension/harness-builder: [0m  [2m460:7[22m   [33mwarning[39m  Forbidden non-null assertion  [2m@typescript-eslint/no-non-null-assertion[22m[0m
@ptah-extension/harness-builder: [0m  [2m480:7[22m   [33mwarning[39m  Forbidden non-null assertion  [2m@typescript-eslint/no-non-null-assertion[22m[0m
@ptah-extension/harness-builder: [0m[0m
@ptah-extension/harness-builder: [0m[4mD:\projects\ptah-extension\libs\frontend\harness-builder\src\lib\services\harness-workflow.service.ts[24m[0m
@ptah-extension/harness-builder: [0m  [2m151:3[22m  [33mwarning[39m  Missing accessibility modifier on class property mode                [2m@typescript-eslint/explicit-member-accessibility[22m[0m
@ptah-extension/harness-builder: [0m  [2m156:3[22m  [33mwarning[39m  Missing accessibility modifier on class property viewMode            [2m@typescript-eslint/explicit-member-accessibility[22m[0m
@ptah-extension/harness-builder: [0m  [2m157:3[22m  [33mwarning[39m  Missing accessibility modifier on class property userBubbles         [2m@typescript-eslint/explicit-member-accessibility[22m[0m
@ptah-extension/harness-builder: [0m  [2m159:3[22m  [33mwarning[39m  Missing accessibility modifier on class property resumedFromReload   [2m@typescript-eslint/explicit-member-accessibility[22m[0m
@ptah-extension/harness-builder: [0m  [2m160:3[22m  [33mwarning[39m  Missing accessibility modifier on class property isActive            [2m@typescript-eslint/explicit-member-accessibility[22m[0m
@ptah-extension/harness-builder: [0m  [2m166:3[22m  [33mwarning[39m  Missing accessibility modifier on class property error               [2m@typescript-eslint/explicit-member-accessibility[22m[0m
@ptah-extension/harness-builder: [0m  [2m168:3[22m  [33mwarning[39m  Missing accessibility modifier on class property workspaceRoot       [2m@typescript-eslint/explicit-member-accessibility[22m[0m
@ptah-extension/harness-builder: [0m  [2m171:3[22m  [33mwarning[39m  Missing accessibility modifier on class property sessionId           [2m@typescript-eslint/explicit-member-accessibility[22m[0m
@ptah-extension/harness-builder: [0m  [2m189:3[22m  [33mwarning[39m  Missing accessibility modifier on class property sessionStats        [2m@typescript-eslint/explicit-member-accessibility[22m[0m
@ptah-extension/harness-builder: [0m  [2m195:3[22m  [33mwarning[39m  Missing accessibility modifier on class property isProcessing        [2m@typescript-eslint/explicit-member-accessibility[22m[0m
@ptah-extension/harness-builder: [0m  [2m204:3[22m  [33mwarning[39m  Missing accessibility modifier on method definition constructor      [2m@typescript-eslint/explicit-member-accessibility[22m[0m
@ptah-extension/harness-builder: [0m  [2m236:3[22m  [33mwarning[39m  Missing accessibility modifier on method definition setViewMode      [2m@typescript-eslint/explicit-member-accessibility[22m[0m
@ptah-extension/harness-builder: [0m  [2m245:3[22m  [33mwarning[39m  Missing accessibility modifier on method definition setError         [2m@typescript-eslint/explicit-member-accessibility[22m[0m
@ptah-extension/harness-builder: [0m  [2m250:3[22m  [33mwarning[39m  Missing accessibility modifier on method definition clearError       [2m@typescript-eslint/explicit-member-accessibility[22m[0m
@ptah-extension/harness-builder: [0m  [2m255:3[22m  [33mwarning[39m  Missing accessibility modifier on method definition addUserBubble    [2m@typescript-eslint/explicit-member-accessibility[22m[0m
@ptah-extension/harness-builder: [0m  [2m264:3[22m  [33mwarning[39m  Missing accessibility modifier on method definition setUserBubbles   [2m@typescript-eslint/explicit-member-accessibility[22m[0m
@ptah-extension/harness-builder: [0m  [2m271:3[22m  [33mwarning[39m  Missing accessibility modifier on method definition startWorkflow    [2m@typescript-eslint/explicit-member-accessibility[22m[0m
@ptah-extension/harness-builder: [0m  [2m358:3[22m  [33mwarning[39m  Missing accessibility modifier on method definition sendMessage      [2m@typescript-eslint/explicit-member-accessibility[22m[0m
@ptah-extension/harness-builder: [0m  [2m422:3[22m  [33mwarning[39m  Missing accessibility modifier on method definition abort            [2m@typescript-eslint/explicit-member-accessibility[22m[0m
@ptah-extension/harness-builder: [0m  [2m454:3[22m  [33mwarning[39m  Missing accessibility modifier on method definition dispose          [2m@typescript-eslint/explicit-member-accessibility[22m[0m
@ptah-extension/harness-builder: [0m  [2m487:3[22m  [33mwarning[39m  Missing accessibility modifier on method definition abortAndDispose  [2m@typescript-eslint/explicit-member-accessibility[22m[0m
@ptah-extension/harness-builder: [0m[0m
@ptah-extension/harness-builder: [0m[33m[1m✖ 75 problems (0 errors, 75 warnings)[22m[39m[0m
@ptah-extension/harness-builder: [0m[33m[1m[22m[39m[0m
@ptah-extension/harness-builder: ✖ 75 problems (0 errors, 75 warnings)

> nx run api-forum:test

web-panel-ui: (node:28312) Warning: The 'NO_COLOR' env is ignored due to the 'FORCE_COLOR' env being set.
web-panel-ui: (Use `node --trace-warnings ...` to show where the warning was created)
api-forum: (node:27592) Warning: The 'NO_COLOR' env is ignored due to the 'FORCE_COLOR' env being set.
api-forum: (Use `node --trace-warnings ...` to show where the warning was created)
web-panel-ui: Linting "web-panel-ui"...
api-forum: (node:8104) Warning: The 'NO_COLOR' env is ignored due to the 'FORCE_COLOR' env being set.
api-forum: (Use `node --trace-warnings ...` to show where the warning was created)
api-forum: (node:38052) Warning: The 'NO_COLOR' env is ignored due to the 'FORCE_COLOR' env being set.
api-forum: (Use `node --trace-warnings ...` to show where the warning was created)
api-forum: (node:28436) Warning: The 'NO_COLOR' env is ignored due to the 'FORCE_COLOR' env being set.
api-forum: (Use `node --trace-warnings ...` to show where the warning was created)
api-forum: (node:4332) Warning: The 'NO_COLOR' env is ignored due to the 'FORCE_COLOR' env being set.
api-forum: (Use `node --trace-warnings ...` to show where the warning was created)
api-forum: (node:38860) Warning: The 'NO_COLOR' env is ignored due to the 'FORCE_COLOR' env being set.
api-forum: (Use `node --trace-warnings ...` to show where the warning was created)
api-forum: (node:480) Warning: The 'NO_COLOR' env is ignored due to the 'FORCE_COLOR' env being set.
api-forum: (Use `node --trace-warnings ...` to show where the warning was created)
api-forum: (node:25872) Warning: The 'NO_COLOR' env is ignored due to the 'FORCE_COLOR' env being set.
api-forum: (Use `node --trace-warnings ...` to show where the warning was created)
api-forum: (node:29656) Warning: The 'NO_COLOR' env is ignored due to the 'FORCE_COLOR' env being set.
api-forum: (Use `node --trace-warnings ...` to show where the warning was created)
web-panel-ui: ✔ All files pass linting

> nx run api-learning:test

api-learning: (node:6532) Warning: The 'NO_COLOR' env is ignored due to the 'FORCE_COLOR' env being set.
api-learning: (Use `node --trace-warnings ...` to show where the warning was created)
api-learning: (node:25340) Warning: The 'NO_COLOR' env is ignored due to the 'FORCE_COLOR' env being set.
api-learning: (Use `node --trace-warnings ...` to show where the warning was created)
api-learning: (node:10768) Warning: The 'NO_COLOR' env is ignored due to the 'FORCE_COLOR' env being set.
api-learning: (Use `node --trace-warnings ...` to show where the warning was created)
api-learning: (node:2296) Warning: The 'NO_COLOR' env is ignored due to the 'FORCE_COLOR' env being set.
api-learning: (Use `node --trace-warnings ...` to show where the warning was created)
api-learning: (node:14328) Warning: The 'NO_COLOR' env is ignored due to the 'FORCE_COLOR' env being set.
api-learning: (Use `node --trace-warnings ...` to show where the warning was created)
api-learning: (node:22668) Warning: The 'NO_COLOR' env is ignored due to the 'FORCE_COLOR' env being set.
api-learning: (Use `node --trace-warnings ...` to show where the warning was created)
api-learning: (node:38896) Warning: The 'NO_COLOR' env is ignored due to the 'FORCE_COLOR' env being set.
api-learning: (Use `node --trace-warnings ...` to show where the warning was created)
api-learning: (node:9372) Warning: The 'NO_COLOR' env is ignored due to the 'FORCE_COLOR' env being set.
api-learning: (Use `node --trace-warnings ...` to show where the warning was created)
api-learning: (node:35004) Warning: The 'NO_COLOR' env is ignored due to the 'FORCE_COLOR' env being set.
api-learning: (Use `node --trace-warnings ...` to show where the warning was created)
api-forum: [Nest] 8104  - 09/21/2026, 12:48:04 AM     LOG [TopicsService] Topic created: id=topic-1 slug=how-do-i-use-ptah category=cat-1
api-forum: [Nest] 8104  - 09/21/2026, 12:48:04 AM     LOG [TopicsService] Topic created: id=topic-1 slug=how-do-i-use-ptah category=cat-1
api-forum: [Nest] 8104  - 09/21/2026, 12:48:04 AM     LOG [TopicsService] Topic created: id=topic-1 slug=how-do-i-use-ptah category=cat-1
api-forum: [Nest] 8104  - 09/21/2026, 12:48:04 AM     LOG [TopicsService] Topic created: id=topic-1 slug=how-do-i-use-ptah category=cat-1
api-forum: [Nest] 8104  - 09/21/2026, 12:48:04 AM     LOG [TopicsService] Topic created: id=topic-1 slug=how-do-i-use-ptah category=cat-1
api-forum: [Nest] 8104  - 09/21/2026, 12:48:04 AM     LOG [TopicsService] Topic created: id=topic-1 slug=how-do-i-use-ptah-2 category=cat-1
api-forum: [Nest] 8104  - 09/21/2026, 12:48:04 AM     LOG [TopicsService] Topic created: id=topic-1 slug=how-do-i-use-ptah category=cat-1
api-forum: [Nest] 8104  - 09/21/2026, 12:48:04 AM     LOG [TopicsService] Topic created: id=topic-1 slug=how-do-i-use-ptah-2 category=cat-1
api-forum: [Nest] 8104  - 09/21/2026, 12:48:04 AM     LOG [TopicsService] Topic created: id=topic-1 slug=topic category=cat-1
api-forum: [Nest] 8104  - 09/21/2026, 12:48:04 AM     LOG [TopicsService] Topic edited by author: id=topic-1
api-forum: [Nest] 8104  - 09/21/2026, 12:48:04 AM     LOG [TopicsService] Topic edited by author: id=topic-1
api-forum: [Nest] 8104  - 09/21/2026, 12:48:04 AM     LOG [TopicsService] Topic edited by author: id=topic-1
api-forum: [Nest] 8104  - 09/21/2026, 12:48:04 AM     LOG [TopicsService] Topic edited by author: id=topic-1
api-forum: [Nest] 8104  - 09/21/2026, 12:48:04 AM     LOG [TopicsService] Topic soft-deleted by author: id=topic-1
api-forum: [Nest] 8104  - 09/21/2026, 12:48:04 AM     LOG [TopicsService] Topic soft-deleted by author: id=topic-1
api-forum: [Nest] 8104  - 09/21/2026, 12:48:04 AM     LOG [TopicsService] Topic soft-deleted by author: id=topic-1
api-forum: [Nest] 8104  - 09/21/2026, 12:48:04 AM     LOG [TopicsService] Topic moderated: id=topic-1 changed=[pinned]
api-forum: [Nest] 8104  - 09/21/2026, 12:48:04 AM     LOG [TopicsService] Topic moderated: id=topic-1 changed=[locked]
api-forum: [Nest] 8104  - 09/21/2026, 12:48:04 AM     LOG [TopicsService] Topic moderated: id=topic-1 changed=[categoryId]
api-forum: [Nest] 8104  - 09/21/2026, 12:48:04 AM     LOG [TopicsService] Topic moderated: id=topic-1 changed=[title]
api-forum: [Nest] 8104  - 09/21/2026, 12:48:04 AM     LOG [TopicsService] Topic moderated: id=topic-1 changed=[bodyMarkdown]
api-forum: [Nest] 8104  - 09/21/2026, 12:48:04 AM     LOG [TopicsService] Topic moderated: id=topic-1 changed=[pinned]
api-forum: [Nest] 8104  - 09/21/2026, 12:48:04 AM     LOG [TopicsService] Admin topic created: id=topic-1 slug=admin-announcement category=staff-only actor=admin-1
api-forum: [Nest] 8104  - 09/21/2026, 12:48:04 AM     LOG [TopicsService] Admin topic created: id=topic-1 slug=admin-announcement category=staff-only actor=admin-1
api-forum: [Nest] 8104  - 09/21/2026, 12:48:04 AM     LOG [TopicsService] Admin topic created: id=topic-1 slug=admin-announcement category=staff-only actor=admin-1
api-forum: [Nest] 8104  - 09/21/2026, 12:48:04 AM     LOG [TopicsService] Admin topic created: id=topic-1 slug=admin-announcement-2 category=staff-only actor=admin-1
api-forum: [Nest] 8104  - 09/21/2026, 12:48:04 AM     LOG [TopicsService] Topic soft-deleted by admin: id=topic-1 actor=admin-7
api-forum: [Nest] 38052  - 09/21/2026, 12:48:08 AM     LOG [CategoriesService] Category created: id=new slug=announcements visibility=member
api-forum: [Nest] 38052  - 09/21/2026, 12:48:08 AM     LOG [CategoriesService] Category created: id=new slug=announcements visibility=cohort
api-forum: [Nest] 38052  - 09/21/2026, 12:48:08 AM     LOG [CategoriesService] Category created: id=new slug=announcements visibility=member
api-forum: [Nest] 38052  - 09/21/2026, 12:48:08 AM     LOG [CategoriesService] Category created: id=new slug=announcements visibility=member
api-forum: [Nest] 38052  - 09/21/2026, 12:48:08 AM     LOG [CategoriesService] Category deleted: id=c1
api-forum: [Nest] 38052  - 09/21/2026, 12:48:08 AM     LOG [CategoriesService] Categories reordered: count=3
api-forum: [Nest] 38052  - 09/21/2026, 12:48:08 AM     LOG [CategoriesService] Categories reordered: count=3
api-forum: [Nest] 38052  - 09/21/2026, 12:48:08 AM     LOG [CategoriesService] Categories reordered: count=3
api-forum: [Nest] 25872  - 09/21/2026, 12:48:08 AM     LOG [ReadStateService] Category marked read: category=cat-1 topics=4
api-forum: [Nest] 25872  - 09/21/2026, 12:48:08 AM     LOG [ReadStateService] Category marked read: category=cat-1 topics=1
api-forum: [Nest] 38052  - 09/21/2026, 12:48:12 AM     LOG [ReadStateService] Category marked read: category=cat-1 topics=3
api-forum: [Nest] 38052  - 09/21/2026, 12:48:12 AM     LOG [ReadStateService] Category marked read: category=cat-1 topics=3
api-forum: [Nest] 38052  - 09/21/2026, 12:48:12 AM     LOG [ReadStateService] Category marked read: category=cat-1 topics=3
api-forum: [Nest] 38052  - 09/21/2026, 12:48:12 AM     LOG [ReadStateService] Category marked read: category=cat-1 topics=3
api-forum: [Nest] 38052  - 09/21/2026, 12:48:12 AM     LOG [ReadStateService] Category marked read: category=cat-1 topics=3
api-forum: [Nest] 480  - 09/21/2026, 12:48:13 AM     LOG [TopicsService] Admin topic created: id=t-new slug=welcome-builders category=staff-only actor=admin-user-1
api-forum: [Nest] 480  - 09/21/2026, 12:48:13 AM     LOG [AdminCommunityTopicsController] Admin created community topic: actor=admin@example.com id=t-new slug=welcome-builders
api-forum: [Nest] 480  - 09/21/2026, 12:48:13 AM     LOG [TopicsService] Admin topic created: id=t-new slug=welcome-builders category=staff-only actor=admin-user-1
api-forum: [Nest] 480  - 09/21/2026, 12:48:13 AM     LOG [AdminCommunityTopicsController] Admin created community topic: actor=admin@example.com id=t-new slug=welcome-builders
api-forum: [Nest] 480  - 09/21/2026, 12:48:13 AM   ERROR [AdminCommunityTopicsController] No authenticated user on 
DELETE /api/v1/admin/community/topics/t-1 — JwtAuthGuard is not applied to AdminCommunityTopicsController. Refusing to 
record a moderation action with no actor.
api-forum: [Nest] 480  - 09/21/2026, 12:48:13 AM     LOG [TopicsService] Topic moderated: id=t-1 changed=[pinned]
api-forum: [Nest] 480  - 09/21/2026, 12:48:13 AM     LOG [AdminCommunityTopicsController] Admin moderated topic: actor=admin@example.com id=t-1 changed=[pinned]
api-forum: [Nest] 480  - 09/21/2026, 12:48:13 AM     LOG [TopicsService] Topic moderated: id=t-1 changed=[pinned]
api-forum: [Nest] 480  - 09/21/2026, 12:48:13 AM     LOG [AdminCommunityTopicsController] Admin moderated topic: actor=admin@example.com id=t-1 changed=[pinned]
api-forum: [Nest] 480  - 09/21/2026, 12:48:13 AM     LOG [TopicsService] Topic moderated: id=t-1 changed=[pinned]
api-forum: [Nest] 480  - 09/21/2026, 12:48:13 AM     LOG [AdminCommunityTopicsController] Admin moderated topic: actor=admin@example.com id=t-1 changed=[pinned]
api-forum: [Nest] 480  - 09/21/2026, 12:48:13 AM     LOG [TopicsService] Topic moderated: id=t-1 changed=[pinned]
api-forum: [Nest] 480  - 09/21/2026, 12:48:13 AM     LOG [AdminCommunityTopicsController] Admin moderated topic: actor=admin@example.com id=t-1 changed=[pinned]
api-forum: [Nest] 480  - 09/21/2026, 12:48:13 AM     LOG [TopicsService] Topic moderated: id=t-1 changed=[pinned,locked,categoryId,title]
api-forum: [Nest] 480  - 09/21/2026, 12:48:13 AM     LOG [AdminCommunityTopicsController] Admin moderated topic: actor=admin@example.com id=t-1 changed=[pinned,locked,categoryId,title]
api-forum: [Nest] 480  - 09/21/2026, 12:48:13 AM     LOG [TopicsService] Topic restored by admin: id=t-1 actor=admin-user-1
api-forum: [Nest] 480  - 09/21/2026, 12:48:13 AM     LOG [AdminCommunityTopicsController] Admin restored topic: actor=admin@example.com id=t-1
api-forum: [Nest] 480  - 09/21/2026, 12:48:13 AM     LOG [TopicsService] Topic restored by admin: id=t-1 actor=admin-user-1
api-forum: [Nest] 480  - 09/21/2026, 12:48:13 AM     LOG [AdminCommunityTopicsController] Admin restored topic: actor=admin@example.com id=t-1
api-forum: [Nest] 480  - 09/21/2026, 12:48:13 AM     LOG [TopicsService] Topic restored by admin: id=t-1 actor=admin-user-1
api-forum: [Nest] 480  - 09/21/2026, 12:48:13 AM     LOG [AdminCommunityTopicsController] Admin restored topic: actor=admin@example.com id=t-1
api-forum: [Nest] 480  - 09/21/2026, 12:48:13 AM     LOG [TopicsService] Topic soft-deleted by admin: id=t-1 actor=admin-user-1
api-forum: [Nest] 480  - 09/21/2026, 12:48:13 AM     LOG [AdminCommunityTopicsController] Admin soft-deleted topic: actor=admin@example.com id=t-1
api-forum: [Nest] 480  - 09/21/2026, 12:48:13 AM   ERROR [AdminCommunityTopicsController] No authenticated user on 
DELETE /api/v1/admin/community/topics/t-1 — JwtAuthGuard is not applied to AdminCommunityTopicsController. Refusing to 
record a moderation action with no actor.
api-forum: [Nest] 28436  - 09/21/2026, 12:48:13 AM     LOG [PostsService] Reply created: id=new-post topic=topic-1 n=4 depth-repaired
api-forum: [Nest] 28436  - 09/21/2026, 12:48:13 AM     LOG [PostsService] Reply created: id=new-post topic=topic-1 n=4 depth-repaired
api-forum: [Nest] 28436  - 09/21/2026, 12:48:13 AM     LOG [PostsService] Reply created: id=new-post topic=topic-1 n=4
api-forum: [Nest] 28436  - 09/21/2026, 12:48:13 AM     LOG [PostsService] Reply created: id=new-post topic=topic-1 n=4
api-forum: [Nest] 28436  - 09/21/2026, 12:48:13 AM     LOG [PostsService] Reply created: id=new-post topic=topic-1 n=4
api-forum: [Nest] 28436  - 09/21/2026, 12:48:13 AM     LOG [PostsService] Reply created: id=new-post topic=topic-1 n=4 depth-repaired
api-forum: [Nest] 28436  - 09/21/2026, 12:48:13 AM     LOG [PostsService] Reply created: id=p2 topic=topic-1 n=2
api-forum: [Nest] 28436  - 09/21/2026, 12:48:13 AM     LOG [PostsService] Reply created: id=p3 topic=topic-1 n=3
api-forum: [Nest] 28436  - 09/21/2026, 12:48:13 AM     LOG [PostsService] Reply created: id=p4 topic=topic-1 n=4
api-forum: [Nest] 28436  - 09/21/2026, 12:48:13 AM     LOG [PostsService] Reply created: id=p5 topic=topic-1 n=5
api-forum: [Nest] 28436  - 09/21/2026, 12:48:13 AM     LOG [PostsService] Post edited by author: id=p2
api-forum: [Nest] 28436  - 09/21/2026, 12:48:13 AM     LOG [PostsService] Post soft-deleted by author: id=p4
api-forum: [Nest] 28436  - 09/21/2026, 12:48:13 AM     LOG [PostsService] Post soft-deleted by author: id=p2
api-forum: [Nest] 28436  - 09/21/2026, 12:48:13 AM     LOG [PostsService] Reply created: id=p6 topic=topic-1 n=6
api-forum: [Nest] 28436  - 09/21/2026, 12:48:13 AM     LOG [PostsService] Reply created: id=p2 topic=topic-1 n=2
api-forum: [Nest] 28436  - 09/21/2026, 12:48:13 AM     LOG [PostsService] Post soft-deleted by author: id=p2
api-forum: [Nest] 28436  - 09/21/2026, 12:48:13 AM     LOG [PostsService] Reply created: id=p3 topic=topic-1 n=3
api-forum: [Nest] 28436  - 09/21/2026, 12:48:13 AM     LOG [PostsService] Reply created: id=p4 topic=topic-1 n=4
api-forum: [Nest] 28436  - 09/21/2026, 12:48:13 AM     LOG [PostsService] Reply created: id=new-post topic=topic-1 n=4
api-forum: [Nest] 28436  - 09/21/2026, 12:48:13 AM     LOG [PostsService] Reply created: id=new-post topic=topic-1 n=42
api-forum: [Nest] 28436  - 09/21/2026, 12:48:13 AM     LOG [PostsService] Reply created: id=new-post topic=topic-1 n=4
api-forum: [Nest] 28436  - 09/21/2026, 12:48:13 AM     LOG [PostsService] Reply created: id=new-post topic=topic-1 n=4
api-forum: [Nest] 28436  - 09/21/2026, 12:48:13 AM     LOG [PostsService] Reply created: id=new-post topic=topic-1 n=4
api-forum: [Nest] 28436  - 09/21/2026, 12:48:13 AM     LOG [PostsService] Reply created: id=new-post topic=topic-1 n=4
api-forum: [Nest] 28436  - 09/21/2026, 12:48:13 AM     LOG [PostsService] Reply created: id=new-post topic=topic-1 n=4 depth-repaired
api-forum: [Nest] 28436  - 09/21/2026, 12:48:13 AM     LOG [PostsService] Reply created: id=new-post topic=topic-1 n=4 depth-repaired
api-forum: [Nest] 28436  - 09/21/2026, 12:48:13 AM     LOG [PostsService] Reply created: id=new-post topic=topic-1 n=4
api-forum: [Nest] 28436  - 09/21/2026, 12:48:13 AM     LOG [PostsService] Reply created: id=new-post topic=topic-1 n=4
api-forum: [Nest] 28436  - 09/21/2026, 12:48:13 AM     LOG [PostsService] Reply created: id=new-post topic=topic-1 n=4
api-forum: [Nest] 28436  - 09/21/2026, 12:48:13 AM     LOG [PostsService] Reply created: id=new-post topic=topic-1 n=4
api-forum: [Nest] 28436  - 09/21/2026, 12:48:13 AM     LOG [PostsService] Reply created: id=new-post topic=topic-1 n=4
api-forum: [Nest] 28436  - 09/21/2026, 12:48:13 AM     LOG [PostsService] Reply created: id=new-post topic=topic-1 n=4
api-forum: [Nest] 28436  - 09/21/2026, 12:48:13 AM     LOG [PostsService] Reply created: id=new-post topic=topic-1 n=4
api-forum: [Nest] 28436  - 09/21/2026, 12:48:13 AM     LOG [PostsService] Reply created: id=new-post topic=topic-1 n=8
api-forum: [Nest] 28436  - 09/21/2026, 12:48:13 AM     LOG [PostsService] Reply created: id=new-post topic=topic-1 n=4
api-forum: [Nest] 28436  - 09/21/2026, 12:48:13 AM     LOG [PostsService] Post edited by author: id=post-9
api-forum: [Nest] 28436  - 09/21/2026, 12:48:13 AM     LOG [PostsService] Post edited by author: id=post-9
api-forum: [Nest] 28436  - 09/21/2026, 12:48:13 AM     LOG [PostsService] Post soft-deleted by author: id=post-9
api-forum: [Nest] 28436  - 09/21/2026, 12:48:13 AM     LOG [PostsService] Post soft-deleted by author: id=post-9
api-forum: [Nest] 28436  - 09/21/2026, 12:48:13 AM     LOG [PostsService] Post soft-deleted by author: id=post-9
api-forum: [Nest] 28436  - 09/21/2026, 12:48:13 AM     LOG [PostsService] Post soft-deleted by author: id=post-9
api-forum: [Nest] 28436  - 09/21/2026, 12:48:13 AM     LOG [PostsService] Post soft-deleted by admin: id=post-9 actor=admin-7
api-forum: [Nest] 28436  - 09/21/2026, 12:48:13 AM     LOG [PostsService] Post soft-deleted by admin: id=post-9 actor=admin-7
api-learning: [Nest] 35004  - 09/21/2026, 12:48:14 AM     LOG [LessonCommentsService] Lesson comment created: id=new-comment lessonId=lesson-1 depthRepaired=false
api-learning: [Nest] 35004  - 09/21/2026, 12:48:14 AM     LOG [LessonCommentsService] Lesson comment created: id=new-comment lessonId=lesson-2 depthRepaired=false
api-learning: [Nest] 35004  - 09/21/2026, 12:48:14 AM     LOG [LessonCommentsService] Lesson comment created: id=new-comment lessonId=lesson-1 depthRepaired=false
api-learning: [Nest] 35004  - 09/21/2026, 12:48:14 AM     LOG [LessonCommentsService] Lesson comment created: id=new-comment lessonId=lesson-1 depthRepaired=true
api-learning: [Nest] 35004  - 09/21/2026, 12:48:14 AM     LOG [LessonCommentsService] Lesson comment created: id=new-comment lessonId=lesson-1 depthRepaired=false
api-learning: [Nest] 35004  - 09/21/2026, 12:48:14 AM     LOG [LessonCommentsService] Lesson comment created: id=new-comment lessonId=lesson-1 depthRepaired=false
api-learning: [Nest] 35004  - 09/21/2026, 12:48:14 AM     LOG [LessonCommentsService] Lesson comment edited: id=comment-1
api-learning: [Nest] 35004  - 09/21/2026, 12:48:14 AM     LOG [LessonCommentsService] Lesson comment edited: id=comment-1
api-learning: [Nest] 35004  - 09/21/2026, 12:48:14 AM     LOG [LessonCommentsService] Lesson comment soft-deleted: id=comment-1
api-learning: [Nest] 35004  - 09/21/2026, 12:48:14 AM     LOG [LessonCommentsService] Lesson comment soft-deleted: id=comment-1
api-learning: [Nest] 35004  - 09/21/2026, 12:48:14 AM     LOG [LessonCommentsService] Lesson comment answered=true: id=comment-1
api-learning: [Nest] 35004  - 09/21/2026, 12:48:14 AM     LOG [LessonCommentsService] Lesson comment answered=true: id=comment-1
api-learning: [Nest] 35004  - 09/21/2026, 12:48:14 AM     LOG [LessonCommentsService] Lesson comment answered=true: id=comment-1
api-learning: [Nest] 35004  - 09/21/2026, 12:48:14 AM     LOG [LessonCommentsService] Lesson comment answered=false: id=comment-1
api-forum: [Nest] 4332  - 09/21/2026, 12:48:14 AM   ERROR [MemberCommunityController] No memberContext on GET 
/api/v1/members/community/topics — MemberGuard is not applied to MemberCommunityController. Refusing to serve an 
ungated community request rather than reading an undefined visibility context.
api-forum: [Nest] 4332  - 09/21/2026, 12:48:14 AM   ERROR [MemberCommunityController] No memberContext on GET 
/api/v1/members/community/topics — MemberGuard is not applied to MemberCommunityController. Refusing to serve an 
ungated community request rather than reading an undefined visibility context.
api-learning: [Nest] 22668  - 09/21/2026, 12:48:14 AM    WARN [ProgressService] Implausible progress position for lesson=lesson-video: submitted=1000000000 duration=600 — clamped to 600
api-forum: [Nest] 38860  - 09/21/2026, 12:48:14 AM     LOG [AcceptedAnswerService] Accepted answer set: topic=topic-1 post=post-5 by=topic-author
api-forum: [Nest] 38860  - 09/21/2026, 12:48:14 AM     LOG [AcceptedAnswerService] Accepted answer set: topic=topic-1 post=post-5 by=topic-author
api-forum: [Nest] 38860  - 09/21/2026, 12:48:14 AM     LOG [AcceptedAnswerService] Accepted answer set: topic=topic-1 post=post-5 by=admin-1
api-forum: [Nest] 38860  - 09/21/2026, 12:48:14 AM     LOG [AcceptedAnswerService] Accepted answer set: topic=topic-1 post=post-5 by=topic-author
api-forum: [Nest] 38860  - 09/21/2026, 12:48:14 AM     LOG [AcceptedAnswerService] Accepted answer set: topic=topic-1 post=post-5 by=topic-author
api-forum: [Nest] 38860  - 09/21/2026, 12:48:14 AM     LOG [AcceptedAnswerService] Accepted answer cleared: topic=topic-1 by=topic-author
api-forum: [Nest] 38860  - 09/21/2026, 12:48:14 AM     LOG [AcceptedAnswerService] Accepted answer set: topic=topic-1 post=post-5 by=topic-author
api-forum: [Nest] 38860  - 09/21/2026, 12:48:14 AM     LOG [AcceptedAnswerService] Accepted answer set: topic=topic-1 post=post-5 by=admin-1
api-forum: [Nest] 38860  - 09/21/2026, 12:48:14 AM     LOG [AcceptedAnswerService] Accepted answer cleared: topic=topic-1 by=topic-author
api-forum: [Nest] 38860  - 09/21/2026, 12:48:14 AM     LOG [AcceptedAnswerService] Accepted answer set: topic=topic-1 post=post-5 by=admin-1
api-forum: [Nest] 38860  - 09/21/2026, 12:48:14 AM     LOG [AcceptedAnswerService] Accepted answer set: topic=topic-1 post=post-5 by=topic-author
api-forum: [Nest] 38860  - 09/21/2026, 12:48:14 AM     LOG [AcceptedAnswerService] Accepted answer set: topic=topic-1 post=post-5 by=topic-author
api-forum: [Nest] 38860  - 09/21/2026, 12:48:14 AM     LOG [AcceptedAnswerService] Accepted answer set: topic=topic-1 post=post-9 by=topic-author
api-forum: [Nest] 38860  - 09/21/2026, 12:48:14 AM     LOG [AcceptedAnswerService] Accepted answer set: topic=topic-1 post=post-5 by=topic-author
api-forum: [Nest] 38860  - 09/21/2026, 12:48:14 AM     LOG [AcceptedAnswerService] Accepted answer cleared: topic=topic-1 by=topic-author
api-forum: [Nest] 38860  - 09/21/2026, 12:48:14 AM     LOG [AcceptedAnswerService] Accepted answer cleared: topic=topic-1 by=topic-author
api-forum: [Nest] 38860  - 09/21/2026, 12:48:14 AM     LOG [AcceptedAnswerService] Accepted answer set: topic=topic-1 post=post-5 by=topic-author
api-forum: [Nest] 38860  - 09/21/2026, 12:48:14 AM     LOG [AcceptedAnswerService] Accepted answer set: topic=topic-1 post=post-5 by=topic-author
api-forum: [Nest] 25872  - 09/21/2026, 12:48:15 AM     LOG [CategoriesService] Category created: id=c-1 slug=general visibility=member
api-forum: [Nest] 25872  - 09/21/2026, 12:48:15 AM     LOG [AdminCommunityCategoriesController] Admin created community category: actor=admin@example.com id=c-1 slug=general
api-forum: [Nest] 25872  - 09/21/2026, 12:48:15 AM     LOG [CategoriesService] Categories reordered: count=2
api-forum: [Nest] 25872  - 09/21/2026, 12:48:15 AM     LOG [AdminCommunityCategoriesController] Admin reordered community categories: actor=admin@example.com count=2
api-forum: [Nest] 25872  - 09/21/2026, 12:48:15 AM     LOG [CategoriesService] Category deleted: id=c-1
api-forum: [Nest] 25872  - 09/21/2026, 12:48:15 AM     LOG [AdminCommunityCategoriesController] Admin deleted community category: actor=admin@example.com id=c-1
api-forum: [Nest] 25872  - 09/21/2026, 12:48:15 AM     LOG [CategoriesService] Category updated: id=c-1
api-forum: [Nest] 25872  - 09/21/2026, 12:48:15 AM     LOG [AdminCommunityCategoriesController] Admin updated community category: actor=admin@example.com id=c-1 keys=[description]
api-forum: [Nest] 25872  - 09/21/2026, 12:48:15 AM     LOG [CategoriesService] Category created: id=c-1 slug=general visibility=cohort
api-forum: [Nest] 25872  - 09/21/2026, 12:48:15 AM     LOG [AdminCommunityCategoriesController] Admin created community category: actor=admin@example.com id=c-1 slug=general
api-learning: [Nest] 2296  - 09/21/2026, 12:48:15 AM     LOG [CoursesService] Course created: id=course-1 slug=foundations-2 visibility=member
api-learning: [Nest] 2296  - 09/21/2026, 12:48:15 AM     LOG [CoursesService] Course created: id=course-1 slug=foundations visibility=member
api-learning: [Nest] 2296  - 09/21/2026, 12:48:15 AM     LOG [CoursesService] Course created: id=course-1 slug=foundations visibility=member
api-learning: [Nest] 2296  - 09/21/2026, 12:48:15 AM     LOG [CoursesService] Course created: id=course-1 slug=foundations visibility=cohort
api-learning: [Nest] 2296  - 09/21/2026, 12:48:15 AM     LOG [CoursesService] Course created: id=course-1 slug=foundations visibility=cohort
api-learning: [Nest] 2296  - 09/21/2026, 12:48:15 AM     LOG [CoursesService] Course created: id=course-1 slug=foundations visibility=member
api-learning: [Nest] 2296  - 09/21/2026, 12:48:15 AM     LOG [CoursesService] Course created: id=course-1 slug=foundations visibility=member
api-learning: [Nest] 2296  - 09/21/2026, 12:48:15 AM     LOG [CoursesService] Course published=true: id=course-1
api-learning: [Nest] 2296  - 09/21/2026, 12:48:15 AM     LOG [CoursesService] Course created: id=course-1 slug=foundations visibility=member
api-learning: [Nest] 2296  - 09/21/2026, 12:48:15 AM     LOG [CoursesService] Course published=false: id=course-1
api-learning: [Nest] 2296  - 09/21/2026, 12:48:15 AM     LOG [CoursesService] Course soft-deleted: id=course-1 by=admin-7
api-learning: [Nest] 2296  - 09/21/2026, 12:48:15 AM     LOG [CoursesService] Course soft-deleted: id=course-1 by=admin-7
api-learning: [Nest] 2296  - 09/21/2026, 12:48:15 AM     LOG [CoursesService] Module soft-deleted: id=module-1 by=admin-7
api-learning: [Nest] 2296  - 09/21/2026, 12:48:15 AM     LOG [CoursesService] Lesson soft-deleted: id=lesson-1 by=admin-7
api-learning: [Nest] 2296  - 09/21/2026, 12:48:15 AM     LOG [CoursesService] Course soft-deleted: id=course-1 by=admin-7
api-learning: [Nest] 2296  - 09/21/2026, 12:48:15 AM     LOG [CoursesService] Course restored: id=course-1
api-learning: [Nest] 2296  - 09/21/2026, 12:48:15 AM     LOG [CoursesService] Course restored: id=course-1
api-learning: [Nest] 2296  - 09/21/2026, 12:48:15 AM     LOG [CoursesService] Module created: id=module-1 courseId=course-1
api-learning: [Nest] 2296  - 09/21/2026, 12:48:15 AM     LOG [CoursesService] Lesson created: id=lesson-1 moduleId=module-1 videoSource=none
api-learning: [Nest] 2296  - 09/21/2026, 12:48:15 AM     LOG [CoursesService] Lesson created: id=lesson-1 moduleId=module-1 videoSource=none
api-learning: [Nest] 2296  - 09/21/2026, 12:48:15 AM     LOG [CoursesService] Lesson created: id=lesson-1 moduleId=module-1 videoSource=none
api-learning: [Nest] 2296  - 09/21/2026, 12:48:15 AM     LOG [CoursesService] Lesson updated: id=lesson-1
api-learning: [Nest] 2296  - 09/21/2026, 12:48:15 AM     LOG [CoursesService] Course created: id=course-1 slug=foundations visibility=member
api-learning: [Nest] 2296  - 09/21/2026, 12:48:15 AM     LOG [CoursesService] Course created: id=course-1 slug=foundations visibility=member
api-learning: [Nest] 10768  - 09/21/2026, 12:48:16 AM     LOG [LessonVideoService] Lesson video metadata written: id=lesson-1 source=api
api-learning: [Nest] 10768  - 09/21/2026, 12:48:16 AM     LOG [LessonVideoService] Lesson video metadata written: id=lesson-1 source=api
api-learning: [Nest] 10768  - 09/21/2026, 12:48:16 AM     LOG [LessonVideoService] Lesson video metadata written: id=lesson-1 source=api
api-learning: [Nest] 10768  - 09/21/2026, 12:48:16 AM     LOG [LessonVideoService] Lesson video metadata written: id=l1 source=api
api-learning: [Nest] 10768  - 09/21/2026, 12:48:16 AM     LOG [LessonVideoService] Lesson video metadata written: id=l3 source=api
api-learning: [Nest] 10768  - 09/21/2026, 12:48:16 AM     LOG [LessonVideoService] Refreshed metadata: refreshed=2 skipped=0 failed=1
api-learning: [Nest] 10768  - 09/21/2026, 12:48:16 AM     LOG [LessonVideoService] Lesson video metadata written: id=l1 source=api
api-learning: [Nest] 10768  - 09/21/2026, 12:48:16 AM     LOG [LessonVideoService] Lesson video metadata written: id=l2 source=api
api-learning: [Nest] 10768  - 09/21/2026, 12:48:16 AM     LOG [LessonVideoService] Lesson video metadata written: id=l3 source=api
api-learning: [Nest] 10768  - 09/21/2026, 12:48:16 AM     LOG [LessonVideoService] Refreshed metadata: refreshed=3 skipped=0 failed=0
api-learning: [Nest] 10768  - 09/21/2026, 12:48:16 AM     LOG [LessonVideoService] Lesson video metadata written: id=l1 source=api
api-learning: [Nest] 10768  - 09/21/2026, 12:48:16 AM     LOG [LessonVideoService] Lesson video metadata written: id=l2 source=api
api-learning: [Nest] 10768  - 09/21/2026, 12:48:16 AM     LOG [LessonVideoService] Lesson video metadata written: id=l3 source=api
api-learning: [Nest] 10768  - 09/21/2026, 12:48:16 AM     LOG [LessonVideoService] Refreshed metadata: refreshed=3 skipped=0 failed=0
api-learning: [Nest] 10768  - 09/21/2026, 12:48:16 AM     LOG [LessonVideoService] Lesson video metadata written: id=l1 source=api
api-learning: [Nest] 10768  - 09/21/2026, 12:48:16 AM     LOG [LessonVideoService] Refreshed metadata: refreshed=1 skipped=1 failed=0
api-learning: [Nest] 10768  - 09/21/2026, 12:48:16 AM     LOG [LessonVideoService] Lesson video metadata written: id=l1 source=api
api-learning: [Nest] 10768  - 09/21/2026, 12:48:16 AM     LOG [LessonVideoService] Refreshed metadata: refreshed=1 skipped=0 failed=1
api-learning: [Nest] 10768  - 09/21/2026, 12:48:16 AM     LOG [LessonVideoService] Lesson video metadata written: id=l1 source=api
api-learning: [Nest] 10768  - 09/21/2026, 12:48:16 AM     LOG [LessonVideoService] Lesson video metadata written: id=l3 source=api
api-learning: [Nest] 10768  - 09/21/2026, 12:48:16 AM     LOG [LessonVideoService] Refreshed metadata: refreshed=2 skipped=0 failed=1
api-learning: [Nest] 10768  - 09/21/2026, 12:48:16 AM     LOG [LessonVideoService] Lesson video metadata written: id=l1 source=api
api-learning: [Nest] 10768  - 09/21/2026, 12:48:16 AM     LOG [LessonVideoService] Lesson video metadata written: id=l2 source=api
api-learning: [Nest] 10768  - 09/21/2026, 12:48:16 AM     LOG [LessonVideoService] Lesson video metadata written: id=l3 source=api
api-learning: [Nest] 10768  - 09/21/2026, 12:48:16 AM     LOG [LessonVideoService] Refreshed metadata: refreshed=3 skipped=0 failed=0
api-learning: [Nest] 25340  - 09/21/2026, 12:48:16 AM     LOG [CourseScheduleService] Previewed cohort schedule: courseId=course-1 modules=10 changed=10 start=2026-09-01 last=2026-09-14 tz=UTC
api-learning: [Nest] 25340  - 09/21/2026, 12:48:16 AM     LOG [CourseScheduleService] Previewed cohort schedule: courseId=course-1 modules=10 changed=10 start=2026-09-01 last=2026-09-14 tz=UTC
api-learning: [Nest] 25340  - 09/21/2026, 12:48:16 AM     LOG [CourseScheduleService] Previewed cohort schedule: courseId=course-1 modules=3 changed=3 start=2026-09-01 last=2026-09-03 tz=UTC
api-forum: [Nest] 38052  - 09/21/2026, 12:48:16 AM     LOG [ReactionsService] Reaction toggled: post=post-1 type=like total=0
api-learning: [Nest] 25340  - 09/21/2026, 12:48:16 AM     LOG [CourseScheduleService] Applied cohort schedule: courseId=course-1 modules=10 changed=10 start=2026-09-01 last=2026-09-14 tz=UTC
api-forum: [Nest] 38052  - 09/21/2026, 12:48:16 AM     LOG [ReactionsService] Reaction toggled: post=post-1 type=like total=0
api-learning: [Nest] 25340  - 09/21/2026, 12:48:16 AM     LOG [CourseScheduleService] Applied cohort schedule: courseId=course-1 modules=3 changed=3 start=2026-09-01 last=2026-09-03 tz=UTC
api-forum: [Nest] 38052  - 09/21/2026, 12:48:16 AM     LOG [ReactionsService] Reaction toggled: post=post-1 type=like total=0
api-learning: [Nest] 25340  - 09/21/2026, 12:48:16 AM     LOG [CourseScheduleService] Applied cohort schedule: courseId=course-1 modules=3 changed=3 start=2026-09-01 last=2026-09-03 tz=UTC
api-forum: [Nest] 38052  - 09/21/2026, 12:48:16 AM     LOG [ReactionsService] Reaction toggled: post=post-1 type=thanks total=0
api-forum: [Nest] 38052  - 09/21/2026, 12:48:16 AM     LOG [ReactionsService] Reaction toggled: post=post-1 type=like total=1
api-learning: [Nest] 25340  - 09/21/2026, 12:48:16 AM     LOG [CourseScheduleService] Applied cohort schedule: courseId=course-1 modules=3 changed=0 start=2026-09-01 last=2026-09-03 tz=UTC
api-forum: [Nest] 38052  - 09/21/2026, 12:48:16 AM     LOG [ReactionsService] Reaction toggled: post=post-1 type=thanks total=2
api-forum: [Nest] 38052  - 09/21/2026, 12:48:16 AM     LOG [ReactionsService] Reaction toggled: post=post-1 type=like total=0
api-learning: [Nest] 25340  - 09/21/2026, 12:48:16 AM     LOG [CourseScheduleService] Applied cohort schedule: courseId=course-1 modules=3 changed=1 start=2026-09-01 last=2026-09-03 tz=UTC
api-forum: [Nest] 38052  - 09/21/2026, 12:48:16 AM     LOG [ReactionsService] Reaction toggled: post=post-1 type=celebrate total=0
api-forum: [Nest] 38052  - 09/21/2026, 12:48:16 AM     LOG [ReactionsService] Reaction toggled: post=post-1 type=like total=0
api-forum: [Nest] 38052  - 09/21/2026, 12:48:16 AM     LOG [ReactionsService] Reaction toggled: post=post-1 type=like total=0
api-learning: [Nest] 25340  - 09/21/2026, 12:48:16 AM     LOG [CourseScheduleService] Previewed cohort schedule: courseId=course-1 modules=10 changed=10 start=2026-09-01 last=2026-09-14 tz=UTC
api-learning: [Nest] 25340  - 09/21/2026, 12:48:16 AM     LOG [CourseScheduleService] Applied cohort schedule: courseId=course-1 modules=3 changed=3 start=2026-09-01 last=2026-09-03 tz=UTC
api-learning: [Nest] 25340  - 09/21/2026, 12:48:16 AM     LOG [CourseScheduleService] Applied cohort schedule: courseId=course-1 modules=3 changed=3 start=2026-09-01 last=2026-09-03 tz=UTC
api-learning: [Nest] 25340  - 09/21/2026, 12:48:16 AM     LOG [CourseScheduleService] Previewed cohort schedule: courseId=course-1 modules=3 changed=3 start=2026-09-01 last=2026-09-03 tz=UTC
api-learning: [Nest] 25340  - 09/21/2026, 12:48:16 AM     LOG [CourseScheduleService] Previewed cohort schedule: courseId=course-1 modules=3 changed=3 start=2026-09-01 last=2026-09-03 tz=UTC
api-learning: [Nest] 25340  - 09/21/2026, 12:48:16 AM     LOG [CourseScheduleService] Previewed cohort schedule: courseId=course-1 modules=3 changed=3 start=2026-09-01 last=2026-09-03 tz=UTC
api-learning: [Nest] 25340  - 09/21/2026, 12:48:16 AM    WARN [CourseScheduleService] Rejected cohort schedule input for courseId=course-1: startDate 2026-09-05 falls on a Sat; the cohort must start on a weekday
api-learning: [Nest] 25340  - 09/21/2026, 12:48:16 AM    WARN [CourseScheduleService] Rejected cohort schedule input for courseId=course-1: timeZone Mars/Olympus is not a resolvable IANA identifier: Invalid time zone specified: Mars/Olympus
api-learning: [Nest] 25340  - 09/21/2026, 12:48:16 AM    WARN [CourseScheduleService] Rejected cohort schedule input for courseId=course-1: timeZone Mars/Olympus is not a resolvable IANA identifier: Invalid time zone specified: Mars/Olympus
api-learning: [Nest] 25340  - 09/21/2026, 12:48:16 AM    WARN [CourseScheduleService] Rejected cohort schedule input for courseId=course-1: startDate 2026-02-30 is not a real calendar date
api-learning: [Nest] 25340  - 09/21/2026, 12:48:16 AM     LOG [CourseScheduleService] Applied cohort schedule: courseId=course-1 modules=12 changed=12 start=2026-09-01 last=2026-09-16 tz=UTC
api-learning: [Nest] 25340  - 09/21/2026, 12:48:16 AM     LOG [CourseScheduleService] Applied cohort schedule: courseId=course-1 modules=1 changed=1 start=2026-09-01 last=2026-09-01 tz=UTC
api-learning: [Nest] 25340  - 09/21/2026, 12:48:16 AM     LOG [CourseScheduleService] Previewed cohort schedule: courseId=course-1 modules=1 changed=1 start=2026-09-01 last=2026-09-01 tz=Europe/Berlin
api-learning: [Nest] 25340  - 09/21/2026, 12:48:16 AM     LOG [CourseScheduleService] Previewed cohort schedule: courseId=course-1 modules=10 changed=10 start=2026-09-01 last=2026-09-14 tz=UTC
api-learning: [Nest] 25340  - 09/21/2026, 12:48:16 AM     LOG [CourseScheduleService] Applied cohort schedule: courseId=course-1 modules=10 changed=10 start=2026-09-01 last=2026-09-14 tz=UTC
api-forum: [Nest] 28436  - 09/21/2026, 12:48:16 AM     LOG [PostsService] Post soft-deleted by admin: id=p-2 actor=admin-user-1
api-forum: [Nest] 28436  - 09/21/2026, 12:48:16 AM     LOG [AdminCommunityPostsController] Admin soft-deleted post: actor=admin@example.com id=p-2
api-forum: [Nest] 28436  - 09/21/2026, 12:48:16 AM     LOG [PostsService] Post restored by admin: id=p-2 actor=admin-user-1
api-forum: [Nest] 28436  - 09/21/2026, 12:48:16 AM     LOG [AdminCommunityPostsController] Admin restored post: actor=admin@example.com id=p-2
api-forum: [Nest] 28436  - 09/21/2026, 12:48:16 AM     LOG [PostsService] Post restored by admin: id=p-2 actor=admin-user-1
api-forum: [Nest] 28436  - 09/21/2026, 12:48:16 AM     LOG [AdminCommunityPostsController] Admin restored post: actor=admin@example.com id=p-2
api-forum: [Nest] 28436  - 09/21/2026, 12:48:16 AM     LOG [PostsService] Post restored by admin: id=p-2 actor=admin-user-1
api-forum: [Nest] 28436  - 09/21/2026, 12:48:16 AM     LOG [AdminCommunityPostsController] Admin restored post: actor=admin@example.com id=p-2
api-forum: [Nest] 28436  - 09/21/2026, 12:48:16 AM     LOG [PostsService] Post restored by admin: id=p-2 actor=admin-user-1
api-forum: [Nest] 28436  - 09/21/2026, 12:48:16 AM     LOG [AdminCommunityPostsController] Admin restored post: actor=admin@example.com id=p-2
api-forum: [Nest] 28436  - 09/21/2026, 12:48:16 AM     LOG [PostsService] Post soft-deleted by admin: id=p-2 actor=admin-user-1
api-forum: [Nest] 28436  - 09/21/2026, 12:48:16 AM     LOG [AdminCommunityPostsController] Admin soft-deleted post: actor=admin@example.com id=p-2
api-forum: [Nest] 28436  - 09/21/2026, 12:48:16 AM   ERROR [AdminCommunityPostsController] No authenticated user on 
POST /api/v1/admin/community/posts/p-1/restore — JwtAuthGuard is not applied to AdminCommunityPostsController. 
Refusing to record a moderation action with no actor.
api-forum: [Nest] 4332  - 09/21/2026, 12:48:18 AM   ERROR [MemberSearchController] No memberContext on GET 
/api/v1/members/search — MemberGuard is not applied to MemberSearchController. Refusing to serve an ungated community 
request rather than reading an undefined visibility context.
api-forum: [1mTest Suites: [22m[1m[32m21 passed[39m[22m, 21 total
api-forum: [1mTests:       [22m[1m[32m544 passed[39m[22m, 544 total
api-forum: [1mSnapshots:   [22m0 total
api-forum: [1mTime:[22m        33.423 s
api-forum: [2mRan all test suites[22m[2m.[22m

> nx run @ptah-extension/platform-cli:test

@ptah-extension/platform-cli: (node:23792) Warning: The 'NO_COLOR' env is ignored due to the 'FORCE_COLOR' env being 
set.
@ptah-extension/platform-cli: (Use `node --trace-warnings ...` to show where the warning was created)
api-learning: [Nest] 2296  - 09/21/2026, 12:48:20 AM   ERROR [MemberCoursesController] No memberContext on GET 
/api/v1/members/courses — MemberGuard is not applied to MemberCoursesController. Refusing to serve an ungated course 
request rather than reading an undefined visibility context.
api-learning: [Nest] 14328  - 09/21/2026, 12:48:20 AM     LOG [CoursesService] Module updated: id=m-1
api-learning: [Nest] 14328  - 09/21/2026, 12:48:20 AM     LOG [AdminCourseModulesController] Admin updated module: actor=admin@example.com id=m-1 changed=[releaseAt]
api-learning: [Nest] 14328  - 09/21/2026, 12:48:20 AM     LOG [CoursesService] Module updated: id=m-1
api-learning: [Nest] 14328  - 09/21/2026, 12:48:20 AM     LOG [AdminCourseModulesController] Admin updated module: actor=admin@example.com id=m-1 changed=[releaseAt]
api-learning: [Nest] 14328  - 09/21/2026, 12:48:20 AM     LOG [CoursesService] Module updated: id=m-1
api-learning: [Nest] 14328  - 09/21/2026, 12:48:20 AM     LOG [AdminCourseModulesController] Admin updated module: actor=admin@example.com id=m-1 changed=[releaseAt]
api-learning: [Nest] 14328  - 09/21/2026, 12:48:20 AM     LOG [CoursesService] Module created: id=m-1 courseId=c-1
api-learning: [Nest] 14328  - 09/21/2026, 12:48:20 AM     LOG [AdminCourseModulesController] Admin created module: actor=admin@example.com id=m-1 courseId=c-1
api-learning: [Nest] 14328  - 09/21/2026, 12:48:20 AM     LOG [CoursesService] Module created: id=m-1 courseId=c-1
api-learning: [Nest] 14328  - 09/21/2026, 12:48:20 AM     LOG [AdminCourseModulesController] Admin created module: actor=admin@example.com id=m-1 courseId=c-1
api-learning: [Nest] 14328  - 09/21/2026, 12:48:20 AM     LOG [ReorderService] Reordered 2 module(s)
api-learning: [Nest] 14328  - 09/21/2026, 12:48:20 AM     LOG [AdminCourseModulesController] Admin reordered modules: actor=admin@example.com courseId=c-1 count=2
api-learning: [Nest] 14328  - 09/21/2026, 12:48:20 AM     LOG [CoursesService] Module soft-deleted: id=m-1 by=admin-user-1
api-learning: [Nest] 14328  - 09/21/2026, 12:48:20 AM     LOG [AdminCourseModulesController] Admin soft-deleted module: actor=admin@example.com id=m-1
api-learning: [Nest] 14328  - 09/21/2026, 12:48:21 AM     LOG [CourseScheduleService] Previewed cohort schedule: courseId=c-1 modules=10 changed=10 start=2026-09-01 last=2026-09-14 tz=UTC
api-learning: [Nest] 14328  - 09/21/2026, 12:48:21 AM     LOG [AdminCourseModulesController] Admin previewed cohort schedule: actor=admin@example.com courseId=c-1 start=2026-09-01 tz=UTC changed=10/10
api-learning: [Nest] 14328  - 09/21/2026, 12:48:21 AM     LOG [CourseScheduleService] Applied cohort schedule: courseId=c-1 modules=10 changed=10 start=2026-09-01 last=2026-09-14 tz=UTC
api-learning: [Nest] 14328  - 09/21/2026, 12:48:21 AM     LOG [AdminCourseModulesController] Admin applied cohort schedule: actor=admin@example.com courseId=c-1 start=2026-09-01 tz=UTC changed=10/10 last=2026-09-14
api-learning: [Nest] 14328  - 09/21/2026, 12:48:21 AM     LOG [CourseScheduleService] Applied cohort schedule: courseId=c-1 modules=10 changed=10 start=2026-09-01 last=2026-09-14 tz=UTC
api-learning: [Nest] 14328  - 09/21/2026, 12:48:21 AM     LOG [AdminCourseModulesController] Admin applied cohort schedule: actor=admin@example.com courseId=c-1 start=2026-09-01 tz=UTC changed=10/10 last=2026-09-14
api-learning: [Nest] 22668  - 09/21/2026, 12:48:22 AM     LOG [ReorderService] Reordered 3 course(s)
api-learning: [Nest] 22668  - 09/21/2026, 12:48:22 AM     LOG [ReorderService] Reordered 3 course(s)
api-learning: [Nest] 22668  - 09/21/2026, 12:48:22 AM     LOG [ReorderService] Reordered 3 course(s)
api-learning: [Nest] 22668  - 09/21/2026, 12:48:22 AM     LOG [ReorderService] Reordered 3 course(s)
api-learning: [Nest] 22668  - 09/21/2026, 12:48:22 AM     LOG [ReorderService] Reordered 3 course(s)
api-learning: [Nest] 22668  - 09/21/2026, 12:48:22 AM     LOG [ReorderService] Reordered 3 course(s)
api-learning: [Nest] 22668  - 09/21/2026, 12:48:22 AM     LOG [ReorderService] Reordered 3 course(s)
api-learning: [Nest] 22668  - 09/21/2026, 12:48:22 AM     LOG [ReorderService] Reordered 1 module(s)
api-learning: [Nest] 22668  - 09/21/2026, 12:48:22 AM     LOG [ReorderService] Reordered 2 lesson(s)
api-learning: [Nest] 22668  - 09/21/2026, 12:48:22 AM     LOG [ReorderService] Reordered 1 course(s)
api-learning: [Nest] 22668  - 09/21/2026, 12:48:22 AM     LOG [ReorderService] Reordered 1 module(s)
api-learning: [Nest] 22668  - 09/21/2026, 12:48:22 AM     LOG [ReorderService] Reordered 1 lesson(s)
api-learning: [Nest] 35004  - 09/21/2026, 12:48:22 AM     LOG [CoursesService] Lesson created: id=l-1 moduleId=m-1 videoSource=none
api-learning: [Nest] 35004  - 09/21/2026, 12:48:22 AM     LOG [AdminLessonsController] Admin created lesson: actor=admin@example.com id=l-1 moduleId=m-1 videoSource=api
api-learning: [Nest] 35004  - 09/21/2026, 12:48:22 AM     LOG [CoursesService] Lesson created: id=l-1 moduleId=m-1 videoSource=none
api-learning: [Nest] 35004  - 09/21/2026, 12:48:22 AM     LOG [AdminLessonsController] Admin created lesson: actor=admin@example.com id=l-1 moduleId=m-1 videoSource=api
api-learning: [Nest] 35004  - 09/21/2026, 12:48:22 AM     LOG [CoursesService] Lesson created: id=l-1 moduleId=m-1 videoSource=none
api-learning: [Nest] 35004  - 09/21/2026, 12:48:22 AM     LOG [AdminLessonsController] Admin created lesson: actor=admin@example.com id=l-1 moduleId=m-1 videoSource=manual
api-learning: [Nest] 35004  - 09/21/2026, 12:48:22 AM     LOG [AdminLessonsController] Admin refreshed lesson metadata: actor=admin@example.com requested=2 refreshed=0 skipped=2 failed=0 reason=youtube_disabled
api-learning: [Nest] 35004  - 09/21/2026, 12:48:22 AM     LOG [AdminLessonsController] Admin refreshed lesson metadata: actor=admin@example.com id=l-1 refreshed=0 skipped=1 failed=0
api-learning: [Nest] 35004  - 09/21/2026, 12:48:22 AM     LOG [CoursesService] Lesson updated: id=l-1
api-learning: [Nest] 35004  - 09/21/2026, 12:48:22 AM     LOG [AdminLessonsController] Admin updated lesson: actor=admin@example.com id=l-1 changed=[title,youtubeVideoIdOrUrl,videoTitle]
api-learning: [Nest] 35004  - 09/21/2026, 12:48:22 AM     LOG [CoursesService] Lesson updated: id=l-1
api-learning: [Nest] 35004  - 09/21/2026, 12:48:22 AM     LOG [AdminLessonsController] Admin updated lesson: actor=admin@example.com id=l-1 changed=[title]
api-learning: [Nest] 35004  - 09/21/2026, 12:48:22 AM     LOG [CoursesService] Lesson updated: id=l-1
api-learning: [Nest] 35004  - 09/21/2026, 12:48:22 AM     LOG [AdminLessonsController] Admin updated lesson: actor=admin@example.com id=l-1 changed=[youtubeVideoIdOrUrl]
api-learning: [Nest] 35004  - 09/21/2026, 12:48:22 AM     LOG [CoursesService] Lesson created: id=l-1 moduleId=m-1 videoSource=none
api-learning: [Nest] 35004  - 09/21/2026, 12:48:22 AM     LOG [AdminLessonsController] Admin created lesson: actor=admin@example.com id=l-1 moduleId=m-1 videoSource=none
api-learning: [Nest] 35004  - 09/21/2026, 12:48:22 AM     LOG [CoursesService] Lesson soft-deleted: id=l-1 by=admin-user-1
api-learning: [Nest] 35004  - 09/21/2026, 12:48:22 AM     LOG [AdminLessonsController] Admin soft-deleted lesson: actor=admin@example.com id=l-1
api-learning: [Nest] 35004  - 09/21/2026, 12:48:22 AM     LOG [ReorderService] Reordered 2 lesson(s)
api-learning: [Nest] 35004  - 09/21/2026, 12:48:22 AM     LOG [AdminLessonsController] Admin reordered lessons: actor=admin@example.com moduleId=m-1 count=2
api-learning: [Nest] 10768  - 09/21/2026, 12:48:22 AM   ERROR [MemberLessonCommentsController] No memberContext on 
POST /api/v1/members/lesson-comments — MemberGuard is not applied to MemberLessonCommentsController. Refusing to serve 
an ungated course request rather than reading an undefined visibility context.
api-learning: [Nest] 10768  - 09/21/2026, 12:48:22 AM     LOG [MemberLessonCommentsController] Lesson comment depth repaired to 2: lessonId=l-1
api-learning: [Nest] 9372  - 09/21/2026, 12:48:22 AM     LOG [CoursesService] Course created: id=c-1 slug=foundations visibility=member
api-learning: [Nest] 9372  - 09/21/2026, 12:48:22 AM     LOG [AdminCoursesController] Admin created course: actor=admin@example.com id=c-1 slug=foundations
api-learning: [Nest] 9372  - 09/21/2026, 12:48:22 AM     LOG [CoursesService] Course created: id=c-1 slug=foundations visibility=member
api-learning: [Nest] 9372  - 09/21/2026, 12:48:22 AM     LOG [AdminCoursesController] Admin created course: actor=admin@example.com id=c-1 slug=foundations
api-learning: [Nest] 9372  - 09/21/2026, 12:48:22 AM     LOG [ReorderService] Reordered 2 course(s)
api-learning: [Nest] 9372  - 09/21/2026, 12:48:22 AM     LOG [AdminCoursesController] Admin reordered courses: actor=admin@example.com count=2
api-learning: [Nest] 9372  - 09/21/2026, 12:48:22 AM     LOG [CoursesService] Course soft-deleted: id=c-1 by=admin-user-1
api-learning: [Nest] 9372  - 09/21/2026, 12:48:22 AM     LOG [AdminCoursesController] Admin soft-deleted course: actor=admin@example.com id=c-1
api-learning: [Nest] 9372  - 09/21/2026, 12:48:22 AM     LOG [CoursesService] Course published=true: id=c-1
api-learning: [Nest] 9372  - 09/21/2026, 12:48:22 AM     LOG [AdminCoursesController] Admin set course published=true: actor=admin@example.com id=c-1
api-learning: [Nest] 9372  - 09/21/2026, 12:48:22 AM   ERROR [AdminCoursesController] No authenticated user on DELETE 
/api/v1/admin/courses/c-1 — JwtAuthGuard is not applied to AdminCoursesController. Refusing to record a curriculum 
mutation with no actor.
@ptah-extension/platform-cli: (node:21592) Warning: The 'NO_COLOR' env is ignored due to the 'FORCE_COLOR' env being 
set.
@ptah-extension/platform-cli: (Use `node --trace-warnings ...` to show where the warning was created)
@ptah-extension/platform-cli: (node:17188) Warning: The 'NO_COLOR' env is ignored due to the 'FORCE_COLOR' env being 
set.
@ptah-extension/platform-cli: (Use `node --trace-warnings ...` to show where the warning was created)
@ptah-extension/platform-cli: (node:16628) Warning: The 'NO_COLOR' env is ignored due to the 'FORCE_COLOR' env being 
set.
@ptah-extension/platform-cli: (Use `node --trace-warnings ...` to show where the warning was created)
@ptah-extension/platform-cli: (node:21352) Warning: The 'NO_COLOR' env is ignored due to the 'FORCE_COLOR' env being 
set.
@ptah-extension/platform-cli: (Use `node --trace-warnings ...` to show where the warning was created)
@ptah-extension/platform-cli: (node:37748) Warning: The 'NO_COLOR' env is ignored due to the 'FORCE_COLOR' env being 
set.
@ptah-extension/platform-cli: (Use `node --trace-warnings ...` to show where the warning was created)
@ptah-extension/platform-cli: (node:23588) Warning: The 'NO_COLOR' env is ignored due to the 'FORCE_COLOR' env being 
set.
@ptah-extension/platform-cli: (Use `node --trace-warnings ...` to show where the warning was created)
api-learning: [1mTest Suites: [22m[1m[32m22 passed[39m[22m, 22 total
api-learning: [1mTests:       [22m[1m[32m555 passed[39m[22m, 555 total
api-learning: [1mSnapshots:   [22m0 total
api-learning: [1mTime:[22m        32.111 s
api-learning: [2mRan all test suites[22m[2m.[22m
@ptah-extension/platform-cli: (node:16416) Warning: The 'NO_COLOR' env is ignored due to the 'FORCE_COLOR' env being 
set.
@ptah-extension/platform-cli: (Use `node --trace-warnings ...` to show where the warning was created)

> nx run ptah-extension-webview:test

@ptah-extension/platform-cli: (node:1784) Warning: The 'NO_COLOR' env is ignored due to the 'FORCE_COLOR' env being 
set.
@ptah-extension/platform-cli: (Use `node --trace-warnings ...` to show where the warning was created)
ptah-extension-webview: (node:13476) Warning: The 'NO_COLOR' env is ignored due to the 'FORCE_COLOR' env being set.
ptah-extension-webview: (Use `node --trace-warnings ...` to show where the warning was created)
ptah-extension-webview: (node:38712) Warning: The 'NO_COLOR' env is ignored due to the 'FORCE_COLOR' env being set.
ptah-extension-webview: (Use `node --trace-warnings ...` to show where the warning was created)
ptah-extension-webview: (node:6936) Warning: The 'NO_COLOR' env is ignored due to the 'FORCE_COLOR' env being set.
ptah-extension-webview: (Use `node --trace-warnings ...` to show where the warning was created)
ptah-extension-webview: (node:36088) Warning: The 'NO_COLOR' env is ignored due to the 'FORCE_COLOR' env being set.
ptah-extension-webview: (Use `node --trace-warnings ...` to show where the warning was created)
ptah-extension-webview: (node:26548) Warning: The 'NO_COLOR' env is ignored due to the 'FORCE_COLOR' env being set.
ptah-extension-webview: (Use `node --trace-warnings ...` to show where the warning was created)
ptah-extension-webview: (node:22432) Warning: The 'NO_COLOR' env is ignored due to the 'FORCE_COLOR' env being set.
ptah-extension-webview: (Use `node --trace-warnings ...` to show where the warning was created)
ptah-extension-webview: (node:37084) Warning: The 'NO_COLOR' env is ignored due to the 'FORCE_COLOR' env being set.
ptah-extension-webview: (Use `node --trace-warnings ...` to show where the warning was created)
ptah-extension-webview: (node:34556) Warning: The 'NO_COLOR' env is ignored due to the 'FORCE_COLOR' env being set.
ptah-extension-webview: (Use `node --trace-warnings ...` to show where the warning was created)
ptah-extension-webview: (node:25800) Warning: The 'NO_COLOR' env is ignored due to the 'FORCE_COLOR' env being set.
ptah-extension-webview: (Use `node --trace-warnings ...` to show where the warning was created)
@ptah-extension/platform-cli: [1mTest Suites: [22m[1m[32m15 passed[39m[22m, 15 total
@ptah-extension/platform-cli: [1mTests:       [22m[1m[35m3 todo[39m[22m, [1m[32m221 passed[39m[22m, 224 total
@ptah-extension/platform-cli: [1mSnapshots:   [22m0 total
@ptah-extension/platform-cli: [1mTime:[22m        32.581 s, estimated 37 s
@ptah-extension/platform-cli: [2mRan all test suites[22m[2m.[22m

> nx run @ptah-extension/platform-electron:test

@ptah-extension/platform-electron: (node:26836) Warning: The 'NO_COLOR' env is ignored due to the 'FORCE_COLOR' env 
being set.
@ptah-extension/platform-electron: (Use `node --trace-warnings ...` to show where the warning was created)
@ptah-extension/platform-electron: (node:12868) Warning: The 'NO_COLOR' env is ignored due to the 'FORCE_COLOR' env 
being set.
@ptah-extension/platform-electron: (Use `node --trace-warnings ...` to show where the warning was created)
@ptah-extension/platform-electron: (node:27996) Warning: The 'NO_COLOR' env is ignored due to the 'FORCE_COLOR' env 
being set.
@ptah-extension/platform-electron: (Use `node --trace-warnings ...` to show where the warning was created)
@ptah-extension/platform-electron: (node:15980) Warning: The 'NO_COLOR' env is ignored due to the 'FORCE_COLOR' env 
being set.
@ptah-extension/platform-electron: (Use `node --trace-warnings ...` to show where the warning was created)
@ptah-extension/platform-electron: (node:27272) Warning: The 'NO_COLOR' env is ignored due to the 'FORCE_COLOR' env 
being set.
@ptah-extension/platform-electron: (Use `node --trace-warnings ...` to show where the warning was created)
@ptah-extension/platform-electron: (node:18756) Warning: The 'NO_COLOR' env is ignored due to the 'FORCE_COLOR' env 
being set.
@ptah-extension/platform-electron: (Use `node --trace-warnings ...` to show where the warning was created)
@ptah-extension/platform-electron: (node:13592) Warning: The 'NO_COLOR' env is ignored due to the 'FORCE_COLOR' env 
being set.
@ptah-extension/platform-electron: (Use `node --trace-warnings ...` to show where the warning was created)
@ptah-extension/platform-electron: (node:26376) Warning: The 'NO_COLOR' env is ignored due to the 'FORCE_COLOR' env 
being set.
@ptah-extension/platform-electron: (Use `node --trace-warnings ...` to show where the warning was created)
@ptah-extension/platform-electron: (node:2036) Warning: The 'NO_COLOR' env is ignored due to the 'FORCE_COLOR' env 
being set.
@ptah-extension/platform-electron: (Use `node --trace-warnings ...` to show where the warning was created)
ptah-extension-webview: [1mTest Suites: [22m[1m[32m9 passed[39m[22m, 9 total
ptah-extension-webview: [1mTests:       [22m[1m[32m152 passed[39m[22m, 152 total
ptah-extension-webview: [1mSnapshots:   [22m0 total
ptah-extension-webview: [1mTime:[22m        36.617 s
ptah-extension-webview: [2mRan all test suites[22m[2m.[22m

> nx run api-admin:test

api-admin: (node:38248) Warning: The 'NO_COLOR' env is ignored due to the 'FORCE_COLOR' env being set.
api-admin: (Use `node --trace-warnings ...` to show where the warning was created)
api-admin: (node:38660) Warning: The 'NO_COLOR' env is ignored due to the 'FORCE_COLOR' env being set.
api-admin: (Use `node --trace-warnings ...` to show where the warning was created)
api-admin: (node:6636) Warning: The 'NO_COLOR' env is ignored due to the 'FORCE_COLOR' env being set.
api-admin: (Use `node --trace-warnings ...` to show where the warning was created)
api-admin: (node:38584) Warning: The 'NO_COLOR' env is ignored due to the 'FORCE_COLOR' env being set.
api-admin: (Use `node --trace-warnings ...` to show where the warning was created)
api-admin: (node:39624) Warning: The 'NO_COLOR' env is ignored due to the 'FORCE_COLOR' env being set.
api-admin: (Use `node --trace-warnings ...` to show where the warning was created)
api-admin: (node:38836) Warning: The 'NO_COLOR' env is ignored due to the 'FORCE_COLOR' env being set.
api-admin: (Use `node --trace-warnings ...` to show where the warning was created)
api-admin: [Nest] 39624  - 09/21/2026, 12:49:23 AM   ERROR [AdminWaitlistService] Admin waitlist list FAILED: 
code=WAITLIST_QUERY_UNAVAILABLE cause=relation "waitlist" does not exist
api-admin: [Nest] 39624  - 09/21/2026, 12:49:23 AM   ERROR [AdminWaitlistService] Admin waitlist eligible-ids FAILED: 
code=WAITLIST_SELECTION_UNAVAILABLE cause=pool exhausted
api-admin: [Nest] 39624  - 09/21/2026, 12:49:23 AM   ERROR [AdminWaitlistService] Admin waitlist export audit FAILED: 
code=WAITLIST_EXPORT_AUDIT_FAILED cause=audit insert refused
api-admin: [Nest] 39624  - 09/21/2026, 12:49:23 AM   ERROR [AdminWaitlistService] Admin waitlist export count FAILED: 
code=WAITLIST_EXPORT_UNAVAILABLE cause=timeout
api-admin: [Nest] 39624  - 09/21/2026, 12:49:23 AM   ERROR [AdminWaitlistService] Admin waitlist details context 
FAILED: code=WAITLIST_DETAILS_UNAVAILABLE cause=deadlock
api-admin: [Nest] 38660  - 09/21/2026, 12:49:31 AM     LOG [AdminService] Object(5) {
api-admin:   message: 'admin user cascade delete',
api-admin:   actorEmail: 'admin@example.com',
api-admin:   targetId: 'user-1',
api-admin:   cascadedCounts: {
api-admin:     subscriptions: 0,
api-admin:     licenses: 0,
api-admin:     sessionRequests: 0
api-admin:   },
api-admin:   auditLogId: 'audit-row-1'
api-admin: }
api-admin: [Nest] 38660  - 09/21/2026, 12:49:31 AM     LOG [AdminService] Object(5) {
api-admin:   message: 'admin user cascade delete',
api-admin:   actorEmail: 'admin@example.com',
api-admin:   targetId: 'user-1',
api-admin:   cascadedCounts: {
api-admin:     subscriptions: 0,
api-admin:     licenses: 0,
api-admin:     sessionRequests: 0
api-admin:   },
api-admin:   auditLogId: 'audit-row-1'
api-admin: }
api-admin: [Nest] 38660  - 09/21/2026, 12:49:31 AM     LOG [AdminService] Object(5) {
api-admin:   message: 'admin user cascade delete',
api-admin:   actorEmail: 'admin@example.com',
api-admin:   targetId: 'user-1',
api-admin:   cascadedCounts: {
api-admin:     subscriptions: 0,
api-admin:     licenses: 0,
api-admin:     sessionRequests: 0
api-admin:   },
api-admin:   auditLogId: 'audit-row-1'
api-admin: }
api-admin: [Nest] 38660  - 09/21/2026, 12:49:31 AM     LOG [AdminService] Object(5) {
api-admin:   message: 'admin user cascade delete',
api-admin:   actorEmail: 'admin@example.com',
api-admin:   targetId: 'user-1',
api-admin:   cascadedCounts: {
api-admin:     subscriptions: 0,
api-admin:     licenses: 0,
api-admin:     sessionRequests: 0
api-admin:   },
api-admin:   auditLogId: 'audit-row-1'
api-admin: }
api-admin: [Nest] 38660  - 09/21/2026, 12:49:31 AM     LOG [AdminService] Object(5) {
api-admin:   message: 'admin user cascade delete',
api-admin:   actorEmail: 'admin@example.com',
api-admin:   targetId: 'user-1',
api-admin:   cascadedCounts: {
api-admin:     subscriptions: 1,
api-admin:     licenses: 1,
api-admin:     sessionRequests: 1
api-admin:   },
api-admin:   auditLogId: 'audit-row-1'
api-admin: }
api-admin: [Nest] 38660  - 09/21/2026, 12:49:31 AM     LOG [AdminService] Object(5) {
api-admin:   message: 'admin user cascade delete',
api-admin:   actorEmail: 'admin@example.com',
api-admin:   targetId: 'user-1',
api-admin:   cascadedCounts: {
api-admin:     subscriptions: 100,
api-admin:     licenses: 100,
api-admin:     sessionRequests: 100
api-admin:   },
api-admin:   auditLogId: 'audit-row-1'
api-admin: }
api-admin: [Nest] 38660  - 09/21/2026, 12:49:31 AM     LOG [AdminService] Object(5) {
api-admin:   message: 'admin user cascade delete',
api-admin:   actorEmail: 'admin@example.com',
api-admin:   targetId: 'user-1',
api-admin:   cascadedCounts: {
api-admin:     subscriptions: 0,
api-admin:     licenses: 0,
api-admin:     sessionRequests: 0
api-admin:   },
api-admin:   auditLogId: 'audit-row-1'
api-admin: }
api-admin: [Nest] 38836  - 09/21/2026, 12:49:32 AM     LOG [AdminWaitlistController] Admin POST waitlist approve: actor=admin@hive.com rows=2
api-admin: [1mTest Suites: [22m[1m[32m5 passed[39m[22m, 5 total
api-admin: [1mTests:       [22m[1m[32m138 passed[39m[22m, 138 total
api-admin: [1mSnapshots:   [22m0 total
api-admin: [1mTime:[22m        [1m[33m26.357 s[39m[22m
api-admin: [2mRan all test suites[22m[2m.[22m

> nx run api-forum:typecheck

api-forum: (node:29076) Warning: The 'NO_COLOR' env is ignored due to the 'FORCE_COLOR' env being set.
api-forum: (Use `node --trace-warnings ...` to show where the warning was created)

> nx run api-learning:typecheck

api-learning: (node:35620) Warning: The 'NO_COLOR' env is ignored due to the 'FORCE_COLOR' env being set.
api-learning: (Use `node --trace-warnings ...` to show where the warning was created)

> nx run ptah-extension-webview:typecheck

@ptah-extension/platform-electron: [1mTest Suites: [22m[1m[33m2 skipped[39m[22m, [1m[32m36 passed[39m[22m, 
36 of 38 total
@ptah-extension/platform-electron: [1mTests:       [22m[1m[33m4 skipped[39m[22m, [1m[35m3 todo[39m[22m, 
[1m[32m619 passed[39m[22m, 626 total
@ptah-extension/platform-electron: [1mSnapshots:   [22m0 total
@ptah-extension/platform-electron: [1mTime:[22m        [1m[33m54.425 s[39m[22m
@ptah-extension/platform-electron: [2mRan all test suites[22m[2m.[22m

> nx run api-admin:typecheck

api-admin: (node:32856) Warning: The 'NO_COLOR' env is ignored due to the 'FORCE_COLOR' env being set.
api-admin: (Use `node --trace-warnings ...` to show where the warning was created)

> nx run @ptah-extension/platform-cli:typecheck


> nx run @ptah-extension/platform-electron:typecheck


> nx run @ptah-extension/platform-electron:lint

@ptah-extension/platform-electron: (node:17980) Warning: The 'NO_COLOR' env is ignored due to the 'FORCE_COLOR' env 
being set.
@ptah-extension/platform-electron: (Use `node --trace-warnings ...` to show where the warning was created)
@ptah-extension/platform-electron: Linting "@ptah-extension/platform-electron"...

> nx run ptah-extension-webview:lint

ptah-extension-webview: (node:1900) Warning: The 'NO_COLOR' env is ignored due to the 'FORCE_COLOR' env being set.
ptah-extension-webview: (Use `node --trace-warnings ...` to show where the warning was created)
ptah-extension-webview: Linting "ptah-extension-webview"...
@ptah-extension/platform-electron: [0m[0m
@ptah-extension/platform-electron: [0m[4mD:\projects\ptah-extension\libs\backend\platform-electron\src\implementations\electron-state-storage-worker-host.ts[24m[0m
@ptah-extension/platform-electron: [0m  [2m795:1[22m  [33mwarning[39m  File has too many lines (749). Maximum allowed is 700  [2mmax-lines[22m[0m
@ptah-extension/platform-electron: [0m[0m
@ptah-extension/platform-electron: [0m[4mD:\projects\ptah-extension\libs\backend\platform-electron\src\implementations\electron-state-storage-worker-protocol.ts[24m[0m
@ptah-extension/platform-electron: [0m  [2m769:1[22m  [33mwarning[39m  File has too many lines (1104). Maximum allowed is 700  [2mmax-lines[22m[0m
@ptah-extension/platform-electron: [0m[0m
@ptah-extension/platform-electron: [0m[4mD:\projects\ptah-extension\libs\backend\platform-electron\src\implementations\electron-state-storage-worker-runtime.ts[24m[0m
@ptah-extension/platform-electron: [0m  [2m744:1[22m  [33mwarning[39m  File has too many lines (781). Maximum allowed is 700  [2mmax-lines[22m[0m
@ptah-extension/platform-electron: [0m[0m
@ptah-extension/platform-electron: [0m[4mD:\projects\ptah-extension\libs\backend\platform-electron\src\settings\electron-master-key-provider.spec.ts[24m[0m
@ptah-extension/platform-electron: [0m  [2m418:5[22m  [33mwarning[39m  Unused eslint-disable directive (no problems were reported from '@typescript-eslint/no-var-requires')[0m
@ptah-extension/platform-electron: [0m  [2m435:5[22m  [33mwarning[39m  Unused eslint-disable directive (no problems were reported from '@typescript-eslint/no-var-requires')[0m
@ptah-extension/platform-electron: [0m  [2m449:5[22m  [33mwarning[39m  Unused eslint-disable directive (no problems were reported from '@typescript-eslint/no-var-requires')[0m
@ptah-extension/platform-electron: [0m[0m
@ptah-extension/platform-electron: [0m[4mD:\projects\ptah-extension\libs\backend\platform-electron\src\settings\file-settings-store.ts[24m[0m
@ptah-extension/platform-electron: [0m  [2m83:29[22m  [33mwarning[39m  Unexpected empty method 'dispose'  [2m@typescript-eslint/no-empty-function[22m[0m
@ptah-extension/platform-electron: [0m[0m
@ptah-extension/platform-electron: [0m[33m[1m✖ 7 problems (0 errors, 7 warnings)[22m[39m[0m
@ptah-extension/platform-electron: [0m[33m[1m[22m[39m[33m[1m  0 errors and 3 warnings potentially fixable with the `--fix` option.[22m[39m[0m
@ptah-extension/platform-electron: [0m[33m[1m[22m[39m[0m
@ptah-extension/platform-electron: ✖ 7 problems (0 errors, 7 warnings)
@ptah-extension/platform-electron:   0 errors and 3 warnings are potentially fixable with the `--fix` option.

> nx run @ptah-extension/platform-cli:lint

@ptah-extension/platform-cli: (node:39144) Warning: The 'NO_COLOR' env is ignored due to the 'FORCE_COLOR' env being 
set.
@ptah-extension/platform-cli: (Use `node --trace-warnings ...` to show where the warning was created)
@ptah-extension/platform-cli: Linting "@ptah-extension/platform-cli"...
ptah-extension-webview: ✔ All files pass linting

> nx run web-pricing:test

web-pricing: (node:20396) Warning: The 'NO_COLOR' env is ignored due to the 'FORCE_COLOR' env being set.
web-pricing: (Use `node --trace-warnings ...` to show where the warning was created)
web-pricing: [1mNo tests found, exiting with code 0[22m

> nx run web-landing:test

@ptah-extension/platform-cli: [0m[0m
@ptah-extension/platform-cli: [0m[4mD:\projects\ptah-extension\libs\backend\platform-cli\src\implementations\cli-user-interaction.ts[24m[0m
@ptah-extension/platform-cli: [0m  [2m232:21[22m  [33mwarning[39m  Unexpected empty method 'report'  [2m@typescript-eslint/no-empty-function[22m[0m
@ptah-extension/platform-cli: [0m[0m
@ptah-extension/platform-cli: [0m[4mD:\projects\ptah-extension\libs\backend\platform-cli\src\settings\cli-master-key-provider-keytar.spec.ts[24m[0m
@ptah-extension/platform-cli: [0m  [2m23:3[22m  [33mwarning[39m  Unused eslint-disable directive (no problems were reported from 'no-var')[0m
@ptah-extension/platform-cli: [0m[0m
@ptah-extension/platform-cli: [0m[4mD:\projects\ptah-extension\libs\backend\platform-cli\src\settings\file-settings-store.ts[24m[0m
@ptah-extension/platform-cli: [0m  [2m87:29[22m  [33mwarning[39m  Unexpected empty method 'dispose'  [2m@typescript-eslint/no-empty-function[22m[0m
@ptah-extension/platform-cli: [0m[0m
@ptah-extension/platform-cli: [0m[33m[1m✖ 3 problems (0 errors, 3 warnings)[22m[39m[0m
@ptah-extension/platform-cli: [0m[33m[1m[22m[39m[33m[1m  0 errors and 1 warning potentially fixable with the `--fix` option.[22m[39m[0m
@ptah-extension/platform-cli: [0m[33m[1m[22m[39m[0m
@ptah-extension/platform-cli: ✖ 3 problems (0 errors, 3 warnings)
@ptah-extension/platform-cli:   0 errors and 1 warning are potentially fixable with the `--fix` option.
web-landing: (node:4224) Warning: The 'NO_COLOR' env is ignored due to the 'FORCE_COLOR' env being set.
web-landing: (Use `node --trace-warnings ...` to show where the warning was created)

> nx run api-member-hub:test

api-member-hub: (node:39204) Warning: The 'NO_COLOR' env is ignored due to the 'FORCE_COLOR' env being set.
api-member-hub: (Use `node --trace-warnings ...` to show where the warning was created)
web-landing: [1mNo tests found, exiting with code 0[22m

> nx run api-billing:test

api-billing: (node:36172) Warning: The 'NO_COLOR' env is ignored due to the 'FORCE_COLOR' env being set.
api-billing: (Use `node --trace-warnings ...` to show where the warning was created)
api-member-hub: (node:11412) Warning: The 'NO_COLOR' env is ignored due to the 'FORCE_COLOR' env being set.
api-member-hub: (Use `node --trace-warnings ...` to show where the warning was created)
api-member-hub: (node:25560) Warning: The 'NO_COLOR' env is ignored due to the 'FORCE_COLOR' env being set.
api-member-hub: (Use `node --trace-warnings ...` to show where the warning was created)
api-member-hub: (node:35564) Warning: The 'NO_COLOR' env is ignored due to the 'FORCE_COLOR' env being set.
api-member-hub: (Use `node --trace-warnings ...` to show where the warning was created)
api-member-hub: (node:19136) Warning: The 'NO_COLOR' env is ignored due to the 'FORCE_COLOR' env being set.
api-member-hub: (Use `node --trace-warnings ...` to show where the warning was created)
api-member-hub: (node:29864) Warning: The 'NO_COLOR' env is ignored due to the 'FORCE_COLOR' env being set.
api-member-hub: (Use `node --trace-warnings ...` to show where the warning was created)
api-member-hub: (node:27536) Warning: The 'NO_COLOR' env is ignored due to the 'FORCE_COLOR' env being set.
api-member-hub: (Use `node --trace-warnings ...` to show where the warning was created)
api-member-hub: (node:33864) Warning: The 'NO_COLOR' env is ignored due to the 'FORCE_COLOR' env being set.
api-member-hub: (Use `node --trace-warnings ...` to show where the warning was created)
api-member-hub: (node:10996) Warning: The 'NO_COLOR' env is ignored due to the 'FORCE_COLOR' env being set.
api-member-hub: (Use `node --trace-warnings ...` to show where the warning was created)
api-billing: (node:35224) Warning: The 'NO_COLOR' env is ignored due to the 'FORCE_COLOR' env being set.
api-billing: (Use `node --trace-warnings ...` to show where the warning was created)
api-billing: (node:36836) Warning: The 'NO_COLOR' env is ignored due to the 'FORCE_COLOR' env being set.
api-billing: (Use `node --trace-warnings ...` to show where the warning was created)
api-billing: (node:11868) Warning: The 'NO_COLOR' env is ignored due to the 'FORCE_COLOR' env being set.
api-billing: (Use `node --trace-warnings ...` to show where the warning was created)
api-billing: (node:37812) Warning: The 'NO_COLOR' env is ignored due to the 'FORCE_COLOR' env being set.
api-billing: (Use `node --trace-warnings ...` to show where the warning was created)
api-billing: (node:27432) Warning: The 'NO_COLOR' env is ignored due to the 'FORCE_COLOR' env being set.
api-billing: (Use `node --trace-warnings ...` to show where the warning was created)
api-billing: (node:27384) Warning: The 'NO_COLOR' env is ignored due to the 'FORCE_COLOR' env being set.
api-billing: (Use `node --trace-warnings ...` to show where the warning was created)
api-billing: (node:27752) Warning: The 'NO_COLOR' env is ignored due to the 'FORCE_COLOR' env being set.
api-billing: (Use `node --trace-warnings ...` to show where the warning was created)
api-billing: (node:18804) Warning: The 'NO_COLOR' env is ignored due to the 'FORCE_COLOR' env being set.
api-billing: (Use `node --trace-warnings ...` to show where the warning was created)
api-billing: [Nest] 37812  - 09/21/2026, 12:50:26 AM     LOG [PaddleSyncService] PaddleSyncService initialized
api-billing: [Nest] 37812  - 09/21/2026, 12:50:26 AM   DEBUG [PaddleSyncService] Finding subscription for customer: pdl_cust_1
api-billing: [Nest] 37812  - 09/21/2026, 12:50:26 AM   DEBUG [PaddleSyncService] Found subscription pdl_sub_1 (active) for customer: pdl_cust_1
api-billing: [Nest] 37812  - 09/21/2026, 12:50:26 AM     LOG [PaddleSyncService] PaddleSyncService initialized
api-billing: [Nest] 37812  - 09/21/2026, 12:50:26 AM   DEBUG [PaddleSyncService] Finding subscription for customer: pdl_cust_2
api-billing: [Nest] 37812  - 09/21/2026, 12:50:26 AM   DEBUG [PaddleSyncService] Found subscription pdl_sub_2 (canceled) for customer: pdl_cust_2
api-billing: [Nest] 37812  - 09/21/2026, 12:50:26 AM     LOG [PaddleSyncService] PaddleSyncService initialized
api-billing: [Nest] 37812  - 09/21/2026, 12:50:26 AM   DEBUG [PaddleSyncService] Finding subscription for customer: pdl_cust_3
api-billing: [Nest] 37812  - 09/21/2026, 12:50:26 AM   DEBUG [PaddleSyncService] No subscription found for customer: pdl_cust_3
api-billing: [Nest] 37812  - 09/21/2026, 12:50:26 AM     LOG [PaddleSyncService] PaddleSyncService initialized
api-billing: [Nest] 37812  - 09/21/2026, 12:50:26 AM   DEBUG [PaddleSyncService] Finding subscription for customer: pdl_cust_4
api-billing: [Nest] 37812  - 09/21/2026, 12:50:26 AM   ERROR [PaddleSyncService] Failed to query Paddle subscriptions 
for customer pdl_cust_4: boom
api-billing: [Nest] 37812  - 09/21/2026, 12:50:26 AM     LOG [PaddleSyncService] PaddleSyncService initialized
api-billing: [Nest] 37812  - 09/21/2026, 12:50:26 AM   DEBUG [PaddleSyncService] Finding subscription for customer: pdl_cust_5
api-billing: [Nest] 37812  - 09/21/2026, 12:50:26 AM   ERROR [PaddleSyncService] Failed to query Paddle subscriptions 
for customer pdl_cust_5: network down
api-billing: [Nest] 37812  - 09/21/2026, 12:50:26 AM     LOG [PaddleSyncService] PaddleSyncService initialized
api-billing: [Nest] 37812  - 04/24/2026, 3:00:00 AM   DEBUG [PaddleSyncService] Finding subscription for customer: pdl_cust_6
api-billing: [Nest] 37812  - 04/24/2026, 3:00:03 AM    WARN [PaddleSyncService] Paddle API timeout for customer: pdl_cust_6
api-billing: [Nest] 37812  - 09/21/2026, 12:50:26 AM     LOG [PaddleSyncService] PaddleSyncService initialized
api-billing: [Nest] 37812  - 09/21/2026, 12:50:26 AM   DEBUG [PaddleSyncService] Finding subscription for customer: pdl_cust_7
api-billing: [Nest] 37812  - 09/21/2026, 12:50:26 AM   ERROR [PaddleSyncService] Failed to query Paddle subscriptions 
for customer pdl_cust_7: Unknown error
api-billing: [Nest] 37812  - 09/21/2026, 12:50:26 AM     LOG [PaddleSyncService] PaddleSyncService initialized
api-billing: [Nest] 37812  - 09/21/2026, 12:50:26 AM   DEBUG [PaddleSyncService] Found Paddle customer pdl_cust_1 for email: alice@example.com
api-billing: [Nest] 37812  - 09/21/2026, 12:50:26 AM     LOG [PaddleSyncService] PaddleSyncService initialized
api-billing: [Nest] 37812  - 09/21/2026, 12:50:26 AM     LOG [PaddleSyncService] PaddleSyncService initialized
api-billing: [Nest] 37812  - 04/24/2026, 3:00:03 AM    WARN [PaddleSyncService] Paddle API timeout finding customer for: slow@example.com
api-billing: [Nest] 37812  - 09/21/2026, 12:50:26 AM     LOG [PaddleSyncService] PaddleSyncService initialized
api-billing: [Nest] 37812  - 09/21/2026, 12:50:26 AM   ERROR [PaddleSyncService] Failed to find Paddle customer for 
any@example.com: rate-limited
api-billing: [Nest] 37812  - 09/21/2026, 12:50:26 AM     LOG [PaddleSyncService] PaddleSyncService initialized
api-billing: [Nest] 37812  - 09/21/2026, 12:50:26 AM   DEBUG [PaddleSyncService] Finding Paddle subscription for email: alice@example.com
api-billing: [Nest] 37812  - 09/21/2026, 12:50:26 AM   DEBUG [PaddleSyncService] Found Paddle customer pdl_cust_1 for email: alice@example.com
api-billing: [Nest] 37812  - 09/21/2026, 12:50:26 AM   DEBUG [PaddleSyncService] Finding subscription for customer: pdl_cust_1
api-billing: [Nest] 37812  - 09/21/2026, 12:50:26 AM   DEBUG [PaddleSyncService] No subscription found for customer: pdl_cust_1
api-billing: [Nest] 37812  - 09/21/2026, 12:50:26 AM     LOG [PaddleSyncService] PaddleSyncService initialized
api-billing: [Nest] 37812  - 09/21/2026, 12:50:26 AM   DEBUG [PaddleSyncService] Finding Paddle subscription for email: ghost@example.com
api-billing: [Nest] 37812  - 09/21/2026, 12:50:26 AM   DEBUG [PaddleSyncService] No Paddle customer found for email: ghost@example.com
api-billing: [Nest] 37812  - 09/21/2026, 12:50:26 AM     LOG [PaddleSyncService] PaddleSyncService initialized
api-billing: [Nest] 37812  - 09/21/2026, 12:50:26 AM   DEBUG [PaddleSyncService] Finding Paddle subscription for email: any@example.com
api-billing: [Nest] 37812  - 09/21/2026, 12:50:26 AM   ERROR [PaddleSyncService] Failed to find Paddle customer for 
any@example.com: paddle-500
api-billing: [Nest] 37812  - 09/21/2026, 12:50:26 AM     LOG [PaddleSyncService] PaddleSyncService initialized
api-billing: [Nest] 37812  - 09/21/2026, 12:50:26 AM   DEBUG [PaddleSyncService] Finding Paddle subscription for email: alice@example.com
api-billing: [Nest] 37812  - 09/21/2026, 12:50:26 AM   DEBUG [PaddleSyncService] Found Paddle customer pdl_cust_1 for email: alice@example.com
api-billing: [Nest] 37812  - 09/21/2026, 12:50:26 AM   DEBUG [PaddleSyncService] Finding subscription for customer: pdl_cust_1
api-billing: [Nest] 37812  - 09/21/2026, 12:50:26 AM   DEBUG [PaddleSyncService] Found subscription pdl_sub_1 (trialing) for customer: pdl_cust_1
api-billing: [Nest] 37812  - 09/21/2026, 12:50:26 AM     LOG [PaddleSyncService] PaddleSyncService initialized
api-billing: [Nest] 37812  - 09/21/2026, 12:50:26 AM     LOG [PaddleSyncService] PaddleSyncService initialized
api-billing: [Nest] 37812  - 09/21/2026, 12:50:26 AM   ERROR [PaddleSyncService] Failed to create portal session
api-billing: paddle-500
api-billing: [Nest] 37812  - 09/21/2026, 12:50:26 AM     LOG [PaddleSyncService] PaddleSyncService initialized
api-billing: [Nest] 37812  - 04/24/2026, 3:00:03 AM    WARN [PaddleSyncService] Paddle API timeout creating portal session
api-billing: [Nest] 37812  - 09/21/2026, 12:50:26 AM     LOG [PaddleSyncService] PaddleSyncService initialized
api-billing: [Nest] 37812  - 09/21/2026, 12:50:26 AM     LOG [PaddleSyncService] PaddleSyncService initialized
api-billing: [Nest] 37812  - 09/21/2026, 12:50:26 AM     LOG [PaddleSyncService] PaddleSyncService initialized
api-billing: [Nest] 37812  - 09/21/2026, 12:50:26 AM     LOG [PaddleSyncService] PaddleSyncService initialized
api-billing: [Nest] 37812  - 09/21/2026, 12:50:26 AM     LOG [PaddleSyncService] PaddleSyncService initialized
api-billing: [Nest] 37812  - 09/21/2026, 12:50:26 AM     LOG [PaddleSyncService] PaddleSyncService initialized
api-billing: [Nest] 37812  - 09/21/2026, 12:50:26 AM     LOG [PaddleSyncService] PaddleSyncService initialized
api-billing: [Nest] 37812  - 09/21/2026, 12:50:26 AM     LOG [PaddleSyncService] PaddleSyncService initialized
api-billing: [Nest] 37812  - 09/21/2026, 12:50:29 AM    WARN [PaddleSyncService] Paddle API timeout creating portal session
api-billing: [Nest] 37812  - 09/21/2026, 12:50:29 AM    WARN [PaddleSyncService] Paddle API timeout creating portal session
api-billing: [Nest] 37812  - 09/21/2026, 12:50:29 AM    WARN [PaddleSyncService] Paddle API timeout creating portal session
api-billing: [Nest] 11868  - 09/21/2026, 12:50:29 AM     LOG [SubscriptionDbService] Created subscription sub-1 and license lic-1
api-billing: [Nest] 11868  - 09/21/2026, 12:50:29 AM     LOG [SubscriptionDbService] Created subscription sub-2 and license lic-2
api-billing: [Nest] 11868  - 09/21/2026, 12:50:29 AM     LOG [SubscriptionDbService] Created subscription sub-a and license lic-a
api-billing: [Nest] 11868  - 09/21/2026, 12:50:29 AM     LOG [SubscriptionDbService] Created subscription sub-b and license lic-b
api-billing: [Nest] 11868  - 09/21/2026, 12:50:29 AM   DEBUG [SubscriptionDbService] Updated subscription sub-1
api-billing: [Nest] 11868  - 09/21/2026, 12:50:29 AM   DEBUG [SubscriptionDbService] Updated license lic-1
api-member-hub: [Nest] 25560  - 09/21/2026, 12:50:43 AM   ERROR [MemberHubService] Hub section "community" failed and 
was degraded to unavailable: connection refused
api-member-hub: [Nest] 25560  - 09/21/2026, 12:50:43 AM   ERROR [MemberHubService] Hub section "community" failed and 
was degraded to unavailable: boom
api-member-hub: [1mTest Suites: [22m[1m[32m9 passed[39m[22m, 9 total
api-member-hub: [1mTests:       [22m[1m[32m125 passed[39m[22m, 125 total
api-member-hub: [1mSnapshots:   [22m0 total
api-member-hub: [1mTime:[22m        36.932 s
api-member-hub: [2mRan all test suites[22m[2m.[22m

> nx run web-account:test

web-account: (node:32440) Warning: The 'NO_COLOR' env is ignored due to the 'FORCE_COLOR' env being set.
web-account: (Use `node --trace-warnings ...` to show where the warning was created)
web-account: [1mNo tests found, exiting with code 0[22m

> nx run web-members:test

api-billing: [Nest] 36836  - 09/21/2026, 12:50:46 AM     LOG [SubscriptionService] SubscriptionService initialized
api-billing: [Nest] 36836  - 09/21/2026, 12:50:46 AM   DEBUG [SubscriptionService] Getting subscription status for user: missing
api-billing: [Nest] 36836  - 09/21/2026, 12:50:46 AM    WARN [SubscriptionService] User not found: missing
api-billing: [Nest] 36836  - 09/21/2026, 12:50:46 AM     LOG [SubscriptionService] SubscriptionService initialized
api-billing: [Nest] 36836  - 09/21/2026, 12:50:46 AM   DEBUG [SubscriptionService] Getting subscription status for user: user-1
api-billing: [Nest] 36836  - 09/21/2026, 12:50:46 AM   DEBUG [SubscriptionService] Creating portal session for user: user-1
api-billing: [Nest] 36836  - 09/21/2026, 12:50:46 AM     LOG [SubscriptionService] SubscriptionService initialized
api-billing: [Nest] 36836  - 09/21/2026, 12:50:46 AM   DEBUG [SubscriptionService] Getting subscription status for user: user-1
api-billing: [Nest] 36836  - 09/21/2026, 12:50:46 AM     LOG [SubscriptionService] SubscriptionService initialized
api-billing: [Nest] 36836  - 04/24/2026, 3:00:00 AM   DEBUG [SubscriptionService] Getting subscription status for user: user-1
api-billing: [Nest] 36836  - 04/24/2026, 3:00:00 AM    WARN [SubscriptionService] Paddle API error for user user-1: timeout
api-billing: [Nest] 36836  - 09/21/2026, 12:50:46 AM     LOG [SubscriptionService] SubscriptionService initialized
api-billing: [Nest] 36836  - 09/21/2026, 12:50:46 AM   DEBUG [SubscriptionService] Getting subscription status for user: user-1
api-billing: [Nest] 36836  - 09/21/2026, 12:50:46 AM   DEBUG [SubscriptionService] Creating portal session for user: user-1
api-billing: [Nest] 36836  - 09/21/2026, 12:50:46 AM     LOG [SubscriptionService] SubscriptionService initialized
api-billing: [Nest] 36836  - 06/01/2026, 3:00:00 AM   DEBUG [SubscriptionService] Getting subscription status for user: user-1
api-billing: [Nest] 36836  - 09/21/2026, 12:50:46 AM     LOG [SubscriptionService] SubscriptionService initialized
api-billing: [Nest] 36836  - 04/24/2026, 3:00:00 AM   DEBUG [SubscriptionService] Getting subscription status for user: user-1
api-billing: [Nest] 36836  - 09/21/2026, 12:50:46 AM     LOG [SubscriptionService] SubscriptionService initialized
api-billing: [Nest] 36836  - 09/21/2026, 12:50:46 AM   DEBUG [SubscriptionService] Getting subscription status for user: user-1
api-billing: [Nest] 36836  - 09/21/2026, 12:50:46 AM   DEBUG [SubscriptionService] Creating portal session for user: user-1
api-billing: [Nest] 36836  - 09/21/2026, 12:50:46 AM     LOG [SubscriptionService] SubscriptionService initialized
api-billing: [Nest] 36836  - 09/21/2026, 12:50:46 AM   DEBUG [SubscriptionService] Validating checkout for user: missing, priceId: pri_builders_monthly
api-billing: [Nest] 36836  - 09/21/2026, 12:50:46 AM   DEBUG [SubscriptionService] Getting subscription status for user: missing
api-billing: [Nest] 36836  - 09/21/2026, 12:50:46 AM    WARN [SubscriptionService] User not found: missing
api-billing: [Nest] 36836  - 09/21/2026, 12:50:46 AM     LOG [SubscriptionService] SubscriptionService initialized
api-billing: [Nest] 36836  - 09/21/2026, 12:50:46 AM   DEBUG [SubscriptionService] Validating checkout for user: user-1, priceId: pri_builders_monthly
api-billing: [Nest] 36836  - 09/21/2026, 12:50:46 AM   DEBUG [SubscriptionService] Getting subscription status for user: user-1
api-billing: [Nest] 36836  - 09/21/2026, 12:50:46 AM   DEBUG [SubscriptionService] Creating portal session for user: user-1
web-members: (node:20008) Warning: The 'NO_COLOR' env is ignored due to the 'FORCE_COLOR' env being set.
web-members: (Use `node --trace-warnings ...` to show where the warning was created)
api-billing: [Nest] 36836  - 09/21/2026, 12:50:46 AM     LOG [SubscriptionService] SubscriptionService initialized
api-billing: [Nest] 36836  - 09/21/2026, 12:50:46 AM   DEBUG [SubscriptionService] Validating checkout for user: user-1, priceId: pri_builders_monthly
api-billing: [Nest] 36836  - 09/21/2026, 12:50:46 AM   DEBUG [SubscriptionService] Getting subscription status for user: user-1
api-billing: [Nest] 36836  - 09/21/2026, 12:50:46 AM   DEBUG [SubscriptionService] Creating portal session for user: user-1
api-billing: [Nest] 36836  - 09/21/2026, 12:50:46 AM     LOG [SubscriptionService] SubscriptionService initialized
api-billing: [Nest] 36836  - 04/24/2026, 3:00:00 AM   DEBUG [SubscriptionService] Validating checkout for user: user-1, priceId: pri_builders_monthly
api-billing: [Nest] 36836  - 04/24/2026, 3:00:00 AM   DEBUG [SubscriptionService] Getting subscription status for user: user-1
api-billing: [Nest] 36836  - 09/21/2026, 12:50:46 AM     LOG [SubscriptionService] SubscriptionService initialized
api-billing: [Nest] 36836  - 09/21/2026, 12:50:46 AM     LOG [SubscriptionService] SubscriptionService initialized
api-billing: [Nest] 36836  - 09/21/2026, 12:50:46 AM   DEBUG [SubscriptionService] Validating checkout for user: user-1, priceId: pri_builders_monthly
api-billing: [Nest] 36836  - 09/21/2026, 12:50:46 AM   DEBUG [SubscriptionService] Checkout disabled (BUILDERS_CHECKOUT_ENABLED=false) for user: user-1
api-billing: [Nest] 36836  - 09/21/2026, 12:50:46 AM     LOG [SubscriptionService] SubscriptionService initialized
api-billing: [Nest] 36836  - 09/21/2026, 12:50:46 AM     LOG [SubscriptionService] Starting reconciliation for user: missing
api-billing: [Nest] 36836  - 09/21/2026, 12:50:46 AM     LOG [SubscriptionService] SubscriptionService initialized
api-billing: [Nest] 36836  - 09/21/2026, 12:50:46 AM     LOG [SubscriptionService] Starting reconciliation for user: user-1
api-billing: [Nest] 36836  - 09/21/2026, 12:50:46 AM     LOG [SubscriptionService] SubscriptionService initialized
api-billing: [Nest] 36836  - 09/21/2026, 12:50:46 AM     LOG [SubscriptionService] Starting reconciliation for user: user-1
api-billing: [Nest] 36836  - 09/21/2026, 12:50:46 AM     LOG [SubscriptionService] SubscriptionService initialized
api-billing: [Nest] 36836  - 09/21/2026, 12:50:46 AM     LOG [SubscriptionService] Starting reconciliation for user: user-1
api-billing: [Nest] 36836  - 09/21/2026, 12:50:46 AM     LOG [SubscriptionService] SubscriptionService initialized
api-billing: [Nest] 36836  - 09/21/2026, 12:50:46 AM     LOG [SubscriptionService] Starting reconciliation for user: user-1
api-billing: [Nest] 36836  - 09/21/2026, 12:50:46 AM     LOG [SubscriptionService] Creating local records from Paddle subscription pdl_sub_1
api-billing: [Nest] 36836  - 09/21/2026, 12:50:46 AM     LOG [SubscriptionService] SubscriptionService initialized
api-billing: [Nest] 36836  - 09/21/2026, 12:50:46 AM     LOG [SubscriptionService] Starting reconciliation for user: user-1
api-billing: [Nest] 36836  - 09/21/2026, 12:50:46 AM     LOG [SubscriptionService] SubscriptionService initialized
api-billing: [Nest] 36836  - 09/21/2026, 12:50:46 AM     LOG [SubscriptionService] Starting reconciliation for user: user-1
api-billing: [Nest] 36836  - 09/21/2026, 12:50:46 AM     LOG [SubscriptionService] SubscriptionService initialized
api-billing: [Nest] 36836  - 09/21/2026, 12:50:46 AM     LOG [SubscriptionService] Starting reconciliation for user: user-1
api-billing: [Nest] 36836  - 09/21/2026, 12:50:46 AM     LOG [SubscriptionService] Starting reconciliation for user: user-1
api-billing: [Nest] 36836  - 09/21/2026, 12:50:46 AM     LOG [SubscriptionService] SubscriptionService initialized
api-billing: [Nest] 36836  - 04/24/2026, 3:00:00 AM     LOG [SubscriptionService] Starting reconciliation for user: user-1
api-billing: [Nest] 36836  - 04/24/2026, 3:00:00 AM     LOG [SubscriptionService] Creating local records from Paddle subscription pdl_sub_1
api-billing: [Nest] 36836  - 09/21/2026, 12:50:46 AM     LOG [SubscriptionService] SubscriptionService initialized
api-billing: [Nest] 36836  - 09/21/2026, 12:50:46 AM     LOG [SubscriptionService] Starting reconciliation for user: user-1
api-billing: [Nest] 36836  - 09/21/2026, 12:50:46 AM    WARN [SubscriptionService] Unknown price ID: pri_mystery
api-billing: [Nest] 36836  - 09/21/2026, 12:50:46 AM     LOG [SubscriptionService] Creating local records from Paddle subscription pdl_sub_1
api-billing: [Nest] 36836  - 09/21/2026, 12:50:46 AM     LOG [SubscriptionService] SubscriptionService initialized
api-billing: [Nest] 36836  - 09/21/2026, 12:50:46 AM   DEBUG [SubscriptionService] Creating portal session for user: user-1
api-billing: [Nest] 36836  - 09/21/2026, 12:50:46 AM     LOG [SubscriptionService] SubscriptionService initialized
api-billing: [Nest] 36836  - 09/21/2026, 12:50:46 AM   DEBUG [SubscriptionService] Creating portal session for user: user-1
api-billing: [Nest] 36836  - 09/21/2026, 12:50:46 AM     LOG [SubscriptionService] SubscriptionService initialized
api-billing: [Nest] 36836  - 04/24/2026, 3:00:00 AM   DEBUG [SubscriptionService] Creating portal session for user: user-1
api-billing: [Nest] 36836  - 09/21/2026, 12:50:46 AM     LOG [SubscriptionService] SubscriptionService initialized
api-billing: [Nest] 36836  - 09/21/2026, 12:50:46 AM   DEBUG [SubscriptionService] Getting checkout info for user: missing
api-billing: [Nest] 36836  - 09/21/2026, 12:50:46 AM    WARN [SubscriptionService] User not found: missing
api-billing: [Nest] 27384  - 09/21/2026, 12:50:46 AM   ERROR [PaddleController] Raw body not available - check 
middleware config
api-billing: [Nest] 27384  - 09/21/2026, 12:50:46 AM    WARN [PaddleController] Missing paddle-signature header
api-billing: [Nest] 27384  - 09/21/2026, 12:50:46 AM    WARN [PaddleController] Missing paddle-signature header
api-billing: [Nest] 27432  - 09/21/2026, 12:50:46 AM     LOG [PaddleWebhookService] PaddleWebhookService initialized
api-billing: [Nest] 36836  - 09/21/2026, 12:50:46 AM     LOG [SubscriptionService] SubscriptionService initialized
api-billing: [Nest] 36836  - 09/21/2026, 12:50:46 AM   DEBUG [SubscriptionService] Getting checkout info for user: user-1
api-billing: [Nest] 27432  - 09/21/2026, 12:50:46 AM     LOG [PaddleWebhookService] Received webhook: subscription.created (evt_01h000000000000000000000c1)
api-billing: [Nest] 36836  - 09/21/2026, 12:50:46 AM     LOG [SubscriptionService] SubscriptionService initialized
api-billing: [Nest] 36836  - 09/21/2026, 12:50:46 AM   DEBUG [SubscriptionService] Getting checkout info for user: user-1
api-billing: [Nest] 36836  - 09/21/2026, 12:50:46 AM     LOG [SubscriptionService] SubscriptionService initialized
api-billing: [Nest] 36836  - 09/21/2026, 12:50:46 AM     LOG [SubscriptionService] SubscriptionService initialized
api-billing: [Nest] 36836  - 09/21/2026, 12:50:46 AM   DEBUG [SubscriptionService] Getting checkout info for user: user-1
api-billing: [Nest] 27432  - 09/21/2026, 12:50:46 AM     LOG [PaddleWebhookService] PaddleWebhookService initialized
api-billing: [Nest] 27432  - 09/21/2026, 12:50:46 AM    WARN [PaddleWebhookService] Webhook verification failed: [Paddle] Webhook signature verification failed
api-billing: [Nest] 27432  - 09/21/2026, 12:50:46 AM     LOG [PaddleWebhookService] PaddleWebhookService initialized
api-billing: [Nest] 27432  - 09/21/2026, 12:50:46 AM    WARN [PaddleWebhookService] Webhook verification failed: [Paddle] Webhook signature verification failed
api-billing: [Nest] 27432  - 09/21/2026, 12:50:46 AM     LOG [PaddleWebhookService] PaddleWebhookService initialized
api-billing: [Nest] 27432  - 09/21/2026, 12:50:46 AM    WARN [PaddleWebhookService] Webhook verification failed: [Paddle] Webhook signature verification failed
api-billing: [Nest] 27432  - 09/21/2026, 12:50:46 AM     LOG [PaddleWebhookService] PaddleWebhookService initialized
api-billing: [Nest] 27432  - 09/21/2026, 12:50:46 AM     LOG [PaddleWebhookService] Received webhook: subscription.updated (evt_01h000000000000000000000u1)
api-billing: [Nest] 27432  - 09/21/2026, 12:50:46 AM     LOG [PaddleWebhookService] PaddleWebhookService initialized
api-billing: [Nest] 27432  - 09/21/2026, 12:50:46 AM    WARN [PaddleWebhookService] Webhook verification failed: [Paddle] Webhook signature verification failed
api-billing: [Nest] 27432  - 09/21/2026, 12:50:46 AM     LOG [PaddleWebhookService] PaddleWebhookService initialized
api-billing: [Nest] 27432  - 09/21/2026, 12:50:46 AM    WARN [PaddleWebhookService] Webhook verification failed: [Paddle] Webhook signature verification failed
api-billing: [Nest] 27432  - 09/21/2026, 12:50:46 AM     LOG [PaddleWebhookService] PaddleWebhookService initialized
api-billing: [Nest] 27432  - 09/21/2026, 12:50:46 AM    WARN [PaddleWebhookService] Webhook verification failed: [Paddle] Webhook signature verification failed
api-billing: [Nest] 27432  - 09/21/2026, 12:50:46 AM     LOG [PaddleWebhookService] PaddleWebhookService initialized
api-billing: [Nest] 27432  - 09/21/2026, 12:50:46 AM     LOG [PaddleWebhookService] Received webhook: subscription.canceled (evt_01h000000000000000000000x1)
api-billing: [Nest] 27432  - 09/21/2026, 12:50:46 AM     LOG [PaddleWebhookService] PaddleWebhookService initialized
api-billing: [Nest] 27432  - 09/21/2026, 12:50:46 AM    WARN [PaddleWebhookService] Webhook verification failed: [Paddle] Webhook signature verification failed
api-billing: [Nest] 27432  - 09/21/2026, 12:50:46 AM     LOG [PaddleWebhookService] PaddleWebhookService initialized
api-billing: [Nest] 27432  - 09/21/2026, 12:50:46 AM    WARN [PaddleWebhookService] Webhook verification failed: [Paddle] Webhook signature verification failed
api-billing: [Nest] 27432  - 09/21/2026, 12:50:46 AM     LOG [PaddleWebhookService] PaddleWebhookService initialized
api-billing: [Nest] 27432  - 09/21/2026, 12:50:46 AM    WARN [PaddleWebhookService] Webhook verification failed: [Paddle] Webhook signature verification failed
api-billing: [Nest] 27432  - 09/21/2026, 12:50:46 AM     LOG [PaddleWebhookService] PaddleWebhookService initialized
api-billing: [Nest] 27432  - 09/21/2026, 12:50:46 AM     LOG [PaddleWebhookService] Received webhook: transaction.completed (evt_01h000000000000000000000t1)
api-billing: [Nest] 27432  - 09/21/2026, 12:50:46 AM     LOG [PaddleWebhookService] PaddleWebhookService initialized
api-billing: [Nest] 27432  - 09/21/2026, 12:50:46 AM    WARN [PaddleWebhookService] Webhook verification failed: [Paddle] Webhook signature verification failed
api-billing: [Nest] 27432  - 09/21/2026, 12:50:46 AM     LOG [PaddleWebhookService] PaddleWebhookService initialized
api-billing: [Nest] 27432  - 09/21/2026, 12:50:46 AM    WARN [PaddleWebhookService] Webhook verification failed: [Paddle] Webhook signature verification failed
api-billing: [Nest] 27432  - 09/21/2026, 12:50:46 AM     LOG [PaddleWebhookService] PaddleWebhookService initialized
api-billing: [Nest] 27432  - 09/21/2026, 12:50:46 AM    WARN [PaddleWebhookService] Webhook verification failed: [Paddle] Webhook signature verification failed
api-billing: [Nest] 27432  - 09/21/2026, 12:50:46 AM     LOG [PaddleWebhookService] PaddleWebhookService initialized
api-billing: [Nest] 27432  - 09/21/2026, 12:50:46 AM     LOG [PaddleWebhookService] Received webhook: subscription.created (evt_01h000000000000000000000c1)
api-billing: [Nest] 27432  - 09/21/2026, 12:50:46 AM     LOG [PaddleWebhookService] PaddleWebhookService initialized
api-billing: [Nest] 27432  - 09/21/2026, 12:50:46 AM    WARN [PaddleWebhookService] Webhook verification failed: [Paddle] Webhook signature verification failed
api-billing: [Nest] 27432  - 09/21/2026, 12:50:46 AM     LOG [PaddleWebhookService] PaddleWebhookService initialized
api-billing: [Nest] 27432  - 09/21/2026, 12:50:46 AM    WARN [PaddleWebhookService] Webhook verification failed: [Paddle] Webhook signature verification failed
api-billing: [Nest] 27432  - 09/21/2026, 12:50:46 AM     LOG [PaddleWebhookService] PaddleWebhookService initialized
api-billing: [Nest] 27432  - 09/21/2026, 12:50:46 AM    WARN [PaddleWebhookService] Webhook verification failed: [Paddle] Invalid webhook signature
api-billing: [Nest] 27432  - 09/21/2026, 12:50:46 AM     LOG [PaddleWebhookService] PaddleWebhookService initialized
api-billing: [Nest] 27432  - 09/21/2026, 12:50:46 AM   ERROR [PaddleWebhookService] PADDLE_WEBHOOK_SECRET not 
configured
api-billing: [Nest] 27432  - 09/21/2026, 12:50:46 AM     LOG [PaddleWebhookService] PaddleWebhookService initialized
api-billing: [Nest] 27432  - 09/21/2026, 12:50:46 AM     LOG [PaddleWebhookService] Received webhook: subscription.created (evt_01h000000000000000000000c1)
api-billing: [Nest] 27432  - 09/21/2026, 12:50:46 AM     LOG [PaddleWebhookService] Received webhook: subscription.created (evt_01h000000000000000000000c1)
api-billing: [Nest] 27432  - 09/21/2026, 12:50:46 AM     LOG [PaddleWebhookService] Duplicate webhook detected: evt_01h000000000000000000000c1 (subscription.created) - skipping
api-billing: [Nest] 27432  - 09/21/2026, 12:50:46 AM     LOG [PaddleWebhookService] PaddleWebhookService initialized
api-billing: [Nest] 27432  - 09/21/2026, 12:50:46 AM     LOG [PaddleWebhookService] Received webhook: subscription.created (evt_01h000000000000000000000c1)
api-billing: [Nest] 27432  - 09/21/2026, 12:50:46 AM     LOG [PaddleWebhookService] Stored failed webhook: evt_01h000000000000000000000c1 (subscription.created) - simulated downstream failure
api-billing: [Nest] 27432  - 09/21/2026, 12:50:46 AM   ERROR [PaddleWebhookService] Webhook processing failed for 
subscription.created (evt_01h000000000000000000000c1) - stored for recovery
api-billing: [Nest] 27432  - 09/21/2026, 12:50:46 AM     LOG [PaddleWebhookService] Received webhook: subscription.created (evt_01h000000000000000000000c1)
api-billing: [Nest] 27432  - 09/21/2026, 12:50:46 AM     LOG [PaddleWebhookService] PaddleWebhookService initialized
api-billing: [Nest] 27432  - 09/21/2026, 12:50:46 AM     LOG [PaddleWebhookService] Received webhook: subscription.updated (evt_01h000000000000000000000u1)
api-billing: [Nest] 27432  - 09/21/2026, 12:50:46 AM     LOG [PaddleWebhookService] PaddleWebhookService initialized
api-billing: [Nest] 27432  - 09/21/2026, 12:50:46 AM     LOG [PaddleWebhookService] Received webhook: subscription.updated (evt_01h000000000000000000000u1)
api-billing: [Nest] 27432  - 09/21/2026, 12:50:46 AM     LOG [PaddleWebhookService] PaddleWebhookService initialized
api-billing: [Nest] 27432  - 09/21/2026, 12:50:46 AM     LOG [PaddleWebhookService] Received webhook: subscription.updated (evt_01h000000000000000000000u1)
api-billing: [Nest] 27432  - 09/21/2026, 12:50:46 AM     LOG [PaddleWebhookService] Stored failed webhook: evt_01h000000000000000000000u1 (subscription.updated) - Prisma P1001: DB unreachable
api-billing: [Nest] 27432  - 09/21/2026, 12:50:46 AM   ERROR [PaddleWebhookService] Webhook processing failed for 
subscription.updated (evt_01h000000000000000000000u1) - stored for recovery
api-billing: [Nest] 27432  - 09/21/2026, 12:50:46 AM     LOG [PaddleWebhookService] PaddleWebhookService initialized
api-billing: [Nest] 27432  - 09/21/2026, 12:50:46 AM     LOG [PaddleWebhookService] Received webhook: subscription.created (evt_01h000000000000000000000c1)
api-billing: [Nest] 27432  - 09/21/2026, 12:50:46 AM   ERROR [PaddleWebhookService] Failed to store failed webhook 
evt_01h000000000000000000000c1:
api-billing: failed-webhook table unavailable
api-billing: [Nest] 27432  - 09/21/2026, 12:50:46 AM   ERROR [PaddleWebhookService] Webhook processing failed for 
subscription.created (evt_01h000000000000000000000c1) - stored for recovery
api-billing: [Nest] 27432  - 09/21/2026, 12:50:46 AM     LOG [PaddleWebhookService] PaddleWebhookService initialized
api-billing: [Nest] 27432  - 09/21/2026, 12:50:46 AM     LOG [PaddleWebhookService] Received webhook: customer.created (evt_unhandled_000000000001)
api-billing: [Nest] 27432  - 09/21/2026, 12:50:46 AM     LOG [PaddleWebhookService] Ignoring unhandled event type: customer.created
api-billing: [Nest] 27432  - 09/21/2026, 12:50:46 AM     LOG [PaddleWebhookService] PaddleWebhookService initialized
api-billing: [Nest] 27432  - 09/21/2026, 12:50:46 AM     LOG [PaddleWebhookService] Received webhook: subscription.created (evt_01h000000000000000000000c1)
api-billing: [Nest] 27432  - 09/21/2026, 12:50:46 AM     LOG [PaddleWebhookService] Stored failed webhook: evt_01h000000000000000000000c1 (subscription.created) - Could not resolve customer email for subscription sub_01h000000000000000000000s1
api-billing: [Nest] 27432  - 09/21/2026, 12:50:46 AM   ERROR [PaddleWebhookService] Webhook processing failed for 
subscription.created (evt_01h000000000000000000000c1) - stored for recovery
api-billing: [Nest] 35224  - 09/21/2026, 12:50:47 AM     LOG [PaddleService] Paddle service initialized
api-billing: [Nest] 35224  - 09/21/2026, 12:50:47 AM     LOG [PaddleService] Fetched customer ctm_test_0001: buyer@example.com
api-billing: [Nest] 35224  - 09/21/2026, 12:50:47 AM     LOG [PaddleService] Paddle service initialized
api-billing: [Nest] 35224  - 09/21/2026, 12:50:47 AM   ERROR [PaddleService] Failed to fetch customer ctm_test_0001
api-billing: network down
api-billing: [Nest] 35224  - 09/21/2026, 12:50:47 AM     LOG [PaddleService] Paddle service initialized
api-billing: [Nest] 35224  - 09/21/2026, 12:50:47 AM    WARN [PaddleService] No customer ID provided for email lookup
api-billing: [Nest] 35224  - 09/21/2026, 12:50:47 AM     LOG [PaddleService] Paddle service initialized
api-billing: [Nest] 35224  - 09/21/2026, 12:50:47 AM     LOG [PaddleService] Processing subscription.created event: evt_created_001 for customer: Buyer@Example.COM, status: active
api-billing: [Nest] 35224  - 09/21/2026, 12:50:47 AM     LOG [PaddleService] Created new user for email: buyer@example.com
api-billing: [Nest] 35224  - 09/21/2026, 12:50:47 AM     LOG [PaddleService] Revoked 2 existing license(s) for user: buyer@example.com
api-billing: [Nest] 35224  - 09/21/2026, 12:50:47 AM     LOG [PaddleService] Created license: lic_001 for plan: builders
api-billing: [Nest] 35224  - 09/21/2026, 12:50:47 AM     LOG [PaddleService] Created subscription record: sub_test_0001, status: active
api-billing: [Nest] 35224  - 09/21/2026, 12:50:47 AM     LOG [PaddleService] License key email sent to: buyer@example.com
api-billing: [Nest] 35224  - 09/21/2026, 12:50:47 AM     LOG [PaddleService] Paddle service initialized
api-billing: [Nest] 35224  - 09/21/2026, 12:50:47 AM     LOG [PaddleService] Processing subscription.created event: evt_grp_fail for customer: g@e.com, status: active
api-billing: [Nest] 35224  - 09/21/2026, 12:50:47 AM     LOG [PaddleService] Created new user for email: g@e.com
api-billing: [Nest] 35224  - 09/21/2026, 12:50:47 AM     LOG [PaddleService] Created license: lic_grp_fail for plan: builders
api-billing: [Nest] 35224  - 09/21/2026, 12:50:47 AM     LOG [PaddleService] Created subscription record: sub_test_0001, status: active
api-billing: [Nest] 35224  - 09/21/2026, 12:50:47 AM     LOG [PaddleService] License key email sent to: g@e.com
api-billing: [Nest] 35224  - 09/21/2026, 12:50:47 AM    WARN [PaddleService] Default member-group assignment failed for user usr_grp_fail: db down
api-billing: [Nest] 35224  - 09/21/2026, 12:50:47 AM     LOG [PaddleService] Paddle service initialized
api-billing: [Nest] 35224  - 09/21/2026, 12:50:47 AM     LOG [PaddleService] Processing subscription.created event: evt_trial_001 for customer: trial@example.com, status: trialing
api-billing: [Nest] 35224  - 09/21/2026, 12:50:47 AM     LOG [PaddleService] Subscription sub_test_0001 is in trial period until 2026-05-08T10:00:00.000Z
api-billing: [Nest] 35224  - 09/21/2026, 12:50:47 AM     LOG [PaddleService] Saved Paddle customer ID ctm_test_0001 to user: trial@example.com
api-billing: [Nest] 35224  - 09/21/2026, 12:50:47 AM     LOG [PaddleService] Created license: lic_trial_001 for plan: builders (trial)
api-billing: [Nest] 35224  - 09/21/2026, 12:50:47 AM     LOG [PaddleService] Created subscription record: sub_test_0001, status: trialing
api-billing: [Nest] 35224  - 09/21/2026, 12:50:47 AM     LOG [PaddleService] License key email sent to: trial@example.com
api-billing: [Nest] 35224  - 09/21/2026, 12:50:47 AM     LOG [PaddleService] Paddle service initialized
api-billing: [Nest] 35224  - 09/21/2026, 12:50:47 AM     LOG [PaddleService] Processing subscription.created event: evt_retry_001 for customer: buyer@example.com, status: active
api-billing: [Nest] 35224  - 09/21/2026, 12:50:47 AM     LOG [PaddleService] Subscription sub_test_0001 already exists (event: evt_retry_001) - skipping duplicate
api-billing: [Nest] 35224  - 09/21/2026, 12:50:47 AM     LOG [PaddleService] Paddle service initialized
api-billing: [Nest] 35224  - 09/21/2026, 12:50:47 AM     LOG [PaddleService] Processing subscription.created event: evt_retry_002 for customer: buyer@example.com, status: active
api-billing: [Nest] 35224  - 09/21/2026, 12:50:47 AM     LOG [PaddleService] Duplicate event detected: evt_retry_002 - skipping
api-billing: [Nest] 35224  - 09/21/2026, 12:50:47 AM     LOG [PaddleService] Paddle service initialized
api-billing: [Nest] 35224  - 09/21/2026, 12:50:47 AM     LOG [PaddleService] Processing subscription.created event: evt_email_fail for customer: x@y.com, status: active
api-billing: [Nest] 35224  - 09/21/2026, 12:50:47 AM     LOG [PaddleService] Created new user for email: x@y.com
api-billing: [Nest] 35224  - 09/21/2026, 12:50:47 AM     LOG [PaddleService] Created license: lic_email_fail for plan: builders
api-billing: [Nest] 35224  - 09/21/2026, 12:50:47 AM     LOG [PaddleService] Created subscription record: sub_test_0001, status: active
api-billing: [Nest] 35224  - 09/21/2026, 12:50:47 AM   ERROR [PaddleService] Failed to send license email to x@y.com:
api-billing: SMTP down
api-billing: [Nest] 35224  - 09/21/2026, 12:50:47 AM     LOG [PaddleService] Paddle service initialized
api-billing: [Nest] 35224  - 09/21/2026, 12:50:47 AM     LOG [PaddleService] Processing subscription.created event: evt_unknown_price for customer: u@e.com, status: active
api-billing: [Nest] 35224  - 09/21/2026, 12:50:47 AM    WARN [PaddleService] Unknown price ID: pri_attacker_supplied_phantom - returning 'expired'. Expected Builders price IDs: pri_builders_monthly, pri_builders_yearly
api-billing: [Nest] 35224  - 09/21/2026, 12:50:47 AM     LOG [PaddleService] Created new user for email: u@e.com
api-billing: [Nest] 35224  - 09/21/2026, 12:50:47 AM     LOG [PaddleService] Created license: lic_unknown for plan: expired
api-billing: [Nest] 35224  - 09/21/2026, 12:50:47 AM     LOG [PaddleService] Created subscription record: sub_test_0001, status: active
api-billing: [Nest] 35224  - 09/21/2026, 12:50:47 AM     LOG [PaddleService] License key email sent to: u@e.com
api-billing: [Nest] 35224  - 09/21/2026, 12:50:47 AM     LOG [PaddleService] Paddle service initialized
api-billing: [Nest] 35224  - 09/21/2026, 12:50:47 AM     LOG [PaddleService] Processing subscription.activated event: evt_activated_001 for customer: trial@example.com
api-billing: [Nest] 35224  - 09/21/2026, 12:50:47 AM     LOG [PaddleService] Trial-to-active transition for subscription sub_test_0001
api-billing: [Nest] 35224  - 09/21/2026, 12:50:47 AM     LOG [PaddleService] Updated 1 license(s) to builders
api-billing: [Nest] 35224  - 09/21/2026, 12:50:47 AM     LOG [PaddleService] Paddle service initialized
api-billing: [Nest] 35224  - 09/21/2026, 12:50:47 AM     LOG [PaddleService] Processing subscription.activated event: evt_activated_002 for customer: x@e.com
api-billing: [Nest] 35224  - 09/21/2026, 12:50:47 AM     LOG [PaddleService] Processing subscription.created event: evt_activated_002 for customer: x@e.com, status: active
api-billing: [Nest] 35224  - 09/21/2026, 12:50:47 AM     LOG [PaddleService] Created new user for email: x@e.com
api-billing: [Nest] 35224  - 09/21/2026, 12:50:47 AM     LOG [PaddleService] Created license: lic_new for plan: builders
api-billing: [Nest] 35224  - 09/21/2026, 12:50:47 AM     LOG [PaddleService] Created subscription record: sub_test_0001, status: active
api-billing: [Nest] 35224  - 09/21/2026, 12:50:47 AM     LOG [PaddleService] License key email sent to: x@e.com
api-billing: [Nest] 35224  - 09/21/2026, 12:50:47 AM     LOG [PaddleService] Paddle service initialized
api-billing: [Nest] 35224  - 09/21/2026, 12:50:47 AM     LOG [PaddleService] Processing subscription.updated event: evt_updated_001 for customer: u@e.com
api-billing: [Nest] 35224  - 09/21/2026, 12:50:47 AM     LOG [PaddleService] Updated subscription: sub_test_0001
api-billing: [Nest] 35224  - 09/21/2026, 12:50:47 AM     LOG [PaddleService] Updated 1 license(s) to plan: builders, expires: 2027-04-24T10:00:00.000Z
api-billing: [Nest] 35224  - 09/21/2026, 12:50:47 AM     LOG [PaddleService] Paddle service initialized
api-billing: [Nest] 35224  - 09/21/2026, 12:50:47 AM     LOG [PaddleService] Processing subscription.updated event: evt_updated_ghost for customer: ghost@example.com
api-billing: [Nest] 35224  - 09/21/2026, 12:50:47 AM    WARN [PaddleService] User not found for email: ghost@example.com
api-billing: [Nest] 35224  - 09/21/2026, 12:50:47 AM     LOG [PaddleService] Paddle service initialized
api-billing: [Nest] 35224  - 09/21/2026, 12:50:47 AM     LOG [PaddleService] Processing subscription.canceled event: evt_cancel_001 for customer: c@e.com
api-billing: [Nest] 35224  - 09/21/2026, 12:50:47 AM     LOG [PaddleService] Marked subscription as canceled: sub_test_0001
api-billing: [Nest] 35224  - 09/21/2026, 12:50:47 AM     LOG [PaddleService] Updated 1 license(s) with cancellation expiry: 2026-05-24T10:00:00.000Z
api-billing: [Nest] 35224  - 09/21/2026, 12:50:47 AM     LOG [PaddleService] Paddle service initialized
api-billing: [Nest] 35224  - 09/21/2026, 12:50:47 AM     LOG [PaddleService] Processing subscription.canceled event: evt_cancel_ghost for customer: ghost@example.com
api-billing: [Nest] 35224  - 09/21/2026, 12:50:47 AM    WARN [PaddleService] User not found for email: ghost@example.com
api-billing: [Nest] 35224  - 09/21/2026, 12:50:47 AM     LOG [PaddleService] Paddle service initialized
api-billing: [Nest] 35224  - 09/21/2026, 12:50:47 AM     LOG [PaddleService] Processing subscription.past_due event: evt_pd_001 for customer: pd@e.com
api-billing: [Nest] 35224  - 09/21/2026, 12:50:47 AM    WARN [PaddleService] Subscription sub_test_0001 is past due for pd@e.com - payment retry in progress
api-billing: [Nest] 35224  - 09/21/2026, 12:50:47 AM     LOG [PaddleService] Paddle service initialized
api-billing: [Nest] 35224  - 09/21/2026, 12:50:47 AM     LOG [PaddleService] Processing subscription.paused event: evt_p_001 for customer: p@e.com
api-billing: [Nest] 35224  - 09/21/2026, 12:50:47 AM     LOG [PaddleService] License(s) paused for user p@e.com - subscription sub_test_0001
api-billing: [Nest] 35224  - 09/21/2026, 12:50:47 AM     LOG [PaddleService] Subscription sub_test_0001 paused for p@e.com
api-billing: [Nest] 35224  - 09/21/2026, 12:50:47 AM     LOG [PaddleService] Paddle service initialized
api-billing: [Nest] 35224  - 09/21/2026, 12:50:47 AM     LOG [PaddleService] Processing subscription.resumed event: evt_r_001 for customer: r@e.com
api-billing: [Nest] 35224  - 09/21/2026, 12:50:47 AM     LOG [PaddleService] License(s) reactivated for user r@e.com - expires 2026-06-24T10:00:00.000Z
api-billing: [Nest] 35224  - 09/21/2026, 12:50:47 AM     LOG [PaddleService] Subscription sub_test_0001 resumed for r@e.com
api-billing: [Nest] 35224  - 09/21/2026, 12:50:47 AM     LOG [PaddleService] Paddle service initialized
api-billing: [Nest] 35224  - 09/21/2026, 12:50:47 AM     LOG [PaddleService] Processing transaction.completed event: evt_txn_renew_001, transaction: txn_test_0001
api-billing: [Nest] 35224  - 09/21/2026, 12:50:47 AM     LOG [PaddleService] Transaction txn_test_0001 is for subscription sub_test_0001
api-billing: [Nest] 35224  - 09/21/2026, 12:50:47 AM     LOG [PaddleService] Updated subscription sub_test_0001 period end to 2026-05-24T10:00:00.000Z
api-billing: [Nest] 35224  - 09/21/2026, 12:50:47 AM     LOG [PaddleService] Extended 1 license(s) for user renew@example.com to 2026-05-24T10:00:00.000Z
api-billing: [Nest] 35224  - 09/21/2026, 12:50:47 AM     LOG [PaddleService] Renewal processed successfully for subscription sub_test_0001, user renew@example.com
api-billing: [Nest] 35224  - 09/21/2026, 12:50:47 AM     LOG [PaddleService] Paddle service initialized
api-billing: [Nest] 35224  - 09/21/2026, 12:50:47 AM     LOG [PaddleService] Processing transaction.completed event: evt_txn_session_001, transaction: txn_test_0001
api-billing: [Nest] 35224  - 09/21/2026, 12:50:47 AM     LOG [PaddleService] Transaction txn_test_0001 is a session payment - updating session request
api-billing: [Nest] 35224  - 09/21/2026, 12:50:47 AM     LOG [PaddleService] Paddle service initialized
api-billing: [Nest] 35224  - 09/21/2026, 12:50:47 AM     LOG [PaddleService] Processing transaction.completed event: evt_txn_unknown_001, transaction: txn_test_0001
api-billing: [Nest] 35224  - 09/21/2026, 12:50:47 AM     LOG [PaddleService] Transaction txn_test_0001 is not a subscription transaction (one-time purchase) - skipping
api-billing: [Nest] 35224  - 09/21/2026, 12:50:47 AM     LOG [PaddleService] Paddle service initialized
api-billing: [Nest] 35224  - 09/21/2026, 12:50:47 AM     LOG [PaddleService] Processing transaction.completed event: evt_txn_no_bp, transaction: txn_test_0001
api-billing: [Nest] 35224  - 09/21/2026, 12:50:47 AM     LOG [PaddleService] Transaction txn_test_0001 is for subscription sub_test_0001
api-billing: [Nest] 35224  - 09/21/2026, 12:50:47 AM    WARN [PaddleService] Transaction txn_test_0001 has subscriptionId but no billingPeriod - cannot extend license
api-billing: [Nest] 35224  - 09/21/2026, 12:50:47 AM     LOG [PaddleService] Paddle service initialized
api-billing: [Nest] 35224  - 09/21/2026, 12:50:47 AM     LOG [PaddleService] Processing transaction.completed event: evt_txn_orphan, transaction: txn_test_0001
api-billing: [Nest] 35224  - 09/21/2026, 12:50:47 AM     LOG [PaddleService] Transaction txn_test_0001 is for subscription sub_test_0001
api-billing: [Nest] 35224  - 09/21/2026, 12:50:47 AM    WARN [PaddleService] No local subscription found for Paddle subscription sub_test_0001 - this may be a new subscription not yet processed by subscription.created
api-billing: [1mTest Suites: [22m[1m[33m1 skipped[39m[22m, [1m[32m7 passed[39m[22m, 7 of 8 total
api-billing: [1mTests:       [22m[1m[33m5 skipped[39m[22m, [1m[32m139 passed[39m[22m, 144 total
api-billing: [1mSnapshots:   [22m0 total
api-billing: [1mTime:[22m        39.027 s
api-billing: [2mRan all test suites[22m[2m.[22m

> nx run web-legal:test

web-legal: (node:484) Warning: The 'NO_COLOR' env is ignored due to the 'FORCE_COLOR' env being set.
web-legal: (Use `node --trace-warnings ...` to show where the warning was created)
web-legal: [1mNo tests found, exiting with code 0[22m

> nx run web-auth:test

web-members: (node:6976) Warning: The 'NO_COLOR' env is ignored due to the 'FORCE_COLOR' env being set.
web-members: (Use `node --trace-warnings ...` to show where the warning was created)
web-members: (node:31132) Warning: The 'NO_COLOR' env is ignored due to the 'FORCE_COLOR' env being set.
web-members: (Use `node --trace-warnings ...` to show where the warning was created)
web-members: (node:20680) Warning: The 'NO_COLOR' env is ignored due to the 'FORCE_COLOR' env being set.
web-members: (Use `node --trace-warnings ...` to show where the warning was created)
web-members: (node:6448) Warning: The 'NO_COLOR' env is ignored due to the 'FORCE_COLOR' env being set.
web-members: (Use `node --trace-warnings ...` to show where the warning was created)
web-members: (node:27080) Warning: The 'NO_COLOR' env is ignored due to the 'FORCE_COLOR' env being set.
web-members: (Use `node --trace-warnings ...` to show where the warning was created)
web-members: (node:37948) Warning: The 'NO_COLOR' env is ignored due to the 'FORCE_COLOR' env being set.
web-members: (Use `node --trace-warnings ...` to show where the warning was created)
web-auth: (node:38144) Warning: The 'NO_COLOR' env is ignored due to the 'FORCE_COLOR' env being set.
web-auth: (Use `node --trace-warnings ...` to show where the warning was created)
web-members: (node:28144) Warning: The 'NO_COLOR' env is ignored due to the 'FORCE_COLOR' env being set.
web-members: (Use `node --trace-warnings ...` to show where the warning was created)
web-members: (node:30728) Warning: The 'NO_COLOR' env is ignored due to the 'FORCE_COLOR' env being set.
web-members: (Use `node --trace-warnings ...` to show where the warning was created)
web-auth: [1mTest Suites: [22m[1m[32m1 passed[39m[22m, 1 total
web-auth: [1mTests:       [22m[1m[32m8 passed[39m[22m, 8 total
web-auth: [1mSnapshots:   [22m0 total
web-auth: [1mTime:[22m        10.503 s
web-auth: [2mRan all test suites[22m[2m.[22m

> nx run @ptah-extension/cli-engine:test

@ptah-extension/cli-engine: (node:30040) Warning: The 'NO_COLOR' env is ignored due to the 'FORCE_COLOR' env being set.
@ptah-extension/cli-engine: (Use `node --trace-warnings ...` to show where the warning was created)
@ptah-extension/cli-engine: (node:12436) Warning: The 'NO_COLOR' env is ignored due to the 'FORCE_COLOR' env being set.
@ptah-extension/cli-engine: (Use `node --trace-warnings ...` to show where the warning was created)
@ptah-extension/cli-engine: (node:16884) Warning: The 'NO_COLOR' env is ignored due to the 'FORCE_COLOR' env being set.
@ptah-extension/cli-engine: (Use `node --trace-warnings ...` to show where the warning was created)
@ptah-extension/cli-engine: (node:15704) Warning: The 'NO_COLOR' env is ignored due to the 'FORCE_COLOR' env being set.
@ptah-extension/cli-engine: (Use `node --trace-warnings ...` to show where the warning was created)
@ptah-extension/cli-engine: (node:38120) Warning: The 'NO_COLOR' env is ignored due to the 'FORCE_COLOR' env being set.
@ptah-extension/cli-engine: (Use `node --trace-warnings ...` to show where the warning was created)
@ptah-extension/cli-engine: (node:13588) Warning: The 'NO_COLOR' env is ignored due to the 'FORCE_COLOR' env being set.
@ptah-extension/cli-engine: (Use `node --trace-warnings ...` to show where the warning was created)
@ptah-extension/cli-engine: (node:5312) Warning: The 'NO_COLOR' env is ignored due to the 'FORCE_COLOR' env being set.
@ptah-extension/cli-engine: (Use `node --trace-warnings ...` to show where the warning was created)
@ptah-extension/cli-engine: (node:9640) Warning: The 'NO_COLOR' env is ignored due to the 'FORCE_COLOR' env being set.
@ptah-extension/cli-engine: (Use `node --trace-warnings ...` to show where the warning was created)
@ptah-extension/cli-engine: (node:13668) Warning: The 'NO_COLOR' env is ignored due to the 'FORCE_COLOR' env being set.
@ptah-extension/cli-engine: (Use `node --trace-warnings ...` to show where the warning was created)
web-members: [1mTest Suites: [22m[1m[32m45 passed[39m[22m, 45 total
web-members: [1mTests:       [22m[1m[32m933 passed[39m[22m, 933 total
web-members: [1mSnapshots:   [22m0 total
web-members: [1mTime:[22m        19.649 s
web-members: [2mRan all test suites[22m[2m.[22m

> nx run @ptah-extension/platform-vscode:test

@ptah-extension/platform-vscode: (node:18856) Warning: The 'NO_COLOR' env is ignored due to the 'FORCE_COLOR' env 
being set.
@ptah-extension/platform-vscode: (Use `node --trace-warnings ...` to show where the warning was created)
@ptah-extension/platform-vscode: (node:31556) Warning: The 'NO_COLOR' env is ignored due to the 'FORCE_COLOR' env 
being set.
@ptah-extension/platform-vscode: (Use `node --trace-warnings ...` to show where the warning was created)
@ptah-extension/platform-vscode: (node:23584) Warning: The 'NO_COLOR' env is ignored due to the 'FORCE_COLOR' env 
being set.
@ptah-extension/platform-vscode: (Use `node --trace-warnings ...` to show where the warning was created)
@ptah-extension/platform-vscode: (node:4788) Warning: The 'NO_COLOR' env is ignored due to the 'FORCE_COLOR' env being 
set.
@ptah-extension/platform-vscode: (Use `node --trace-warnings ...` to show where the warning was created)
@ptah-extension/platform-vscode: (node:11456) Warning: The 'NO_COLOR' env is ignored due to the 'FORCE_COLOR' env 
being set.
@ptah-extension/platform-vscode: (Use `node --trace-warnings ...` to show where the warning was created)
@ptah-extension/platform-vscode: (node:29184) Warning: The 'NO_COLOR' env is ignored due to the 'FORCE_COLOR' env 
being set.
@ptah-extension/platform-vscode: (Use `node --trace-warnings ...` to show where the warning was created)
@ptah-extension/platform-vscode: (node:14064) Warning: The 'NO_COLOR' env is ignored due to the 'FORCE_COLOR' env 
being set.
@ptah-extension/platform-vscode: (Use `node --trace-warnings ...` to show where the warning was created)
@ptah-extension/platform-vscode: (node:28480) Warning: The 'NO_COLOR' env is ignored due to the 'FORCE_COLOR' env 
being set.
@ptah-extension/platform-vscode: (Use `node --trace-warnings ...` to show where the warning was created)
@ptah-extension/platform-vscode: (node:35004) Warning: The 'NO_COLOR' env is ignored due to the 'FORCE_COLOR' env 
being set.
@ptah-extension/platform-vscode: (Use `node --trace-warnings ...` to show where the warning was created)
@ptah-extension/platform-vscode: [1mTest Suites: [22m[1m[32m18 passed[39m[22m, 18 total
@ptah-extension/platform-vscode: [1mTests:       [22m[1m[35m3 todo[39m[22m, [1m[32m208 passed[39m[22m, 211 
total
@ptah-extension/platform-vscode: [1mSnapshots:   [22m0 total
@ptah-extension/platform-vscode: [1mTime:[22m        32.49 s, estimated 33 s
@ptah-extension/platform-vscode: [2mRan all test suites[22m[2m.[22m

> nx run web-pricing:typecheck

web-pricing: (node:29592) Warning: The 'NO_COLOR' env is ignored due to the 'FORCE_COLOR' env being set.
web-pricing: (Use `node --trace-warnings ...` to show where the warning was created)
web-pricing: (node:35364) Warning: The 'NO_COLOR' env is ignored due to the 'FORCE_COLOR' env being set.
web-pricing: (Use `node --trace-warnings ...` to show where the warning was created)

> nx run ptah-electron:test

ptah-electron: (node:30152) Warning: The 'NO_COLOR' env is ignored due to the 'FORCE_COLOR' env being set.
ptah-electron: (Use `node --trace-warnings ...` to show where the warning was created)
ptah-electron: (node:23932) Warning: The 'NO_COLOR' env is ignored due to the 'FORCE_COLOR' env being set.
ptah-electron: (Use `node --trace-warnings ...` to show where the warning was created)
ptah-electron: (node:33340) Warning: The 'NO_COLOR' env is ignored due to the 'FORCE_COLOR' env being set.
ptah-electron: (Use `node --trace-warnings ...` to show where the warning was created)
ptah-electron: (node:8728) Warning: The 'NO_COLOR' env is ignored due to the 'FORCE_COLOR' env being set.
ptah-electron: (Use `node --trace-warnings ...` to show where the warning was created)
ptah-electron: (node:16416) Warning: The 'NO_COLOR' env is ignored due to the 'FORCE_COLOR' env being set.
ptah-electron: (Use `node --trace-warnings ...` to show where the warning was created)
ptah-electron: (node:7624) Warning: The 'NO_COLOR' env is ignored due to the 'FORCE_COLOR' env being set.
ptah-electron: (Use `node --trace-warnings ...` to show where the warning was created)
ptah-electron: (node:27916) Warning: The 'NO_COLOR' env is ignored due to the 'FORCE_COLOR' env being set.
ptah-electron: (Use `node --trace-warnings ...` to show where the warning was created)
ptah-electron: (node:35932) Warning: The 'NO_COLOR' env is ignored due to the 'FORCE_COLOR' env being set.
ptah-electron: (Use `node --trace-warnings ...` to show where the warning was created)
ptah-electron: (node:31904) Warning: The 'NO_COLOR' env is ignored due to the 'FORCE_COLOR' env being set.
ptah-electron: (Use `node --trace-warnings ...` to show where the warning was created)
@ptah-extension/cli-engine: [ptah] withEngine: file-settings migration failed (non-fatal): 
migrationRunner.runMigrations is not a function
@ptah-extension/cli-engine: [ptah] withEngine: file-settings migration failed (non-fatal): 
migrationRunner.runMigrations is not a function
@ptah-extension/cli-engine: [ptah] withEngine: file-settings migration failed (non-fatal): 
migrationRunner.runMigrations is not a function
@ptah-extension/cli-engine: [ptah] withEngine: file-settings migration failed (non-fatal): 
migrationRunner.runMigrations is not a function
@ptah-extension/cli-engine: [ptah] withEngine: authMethod migration skipped: provider.getConfiguration is not a 
function
@ptah-extension/cli-engine: [ptah] withEngine: initializing SDK adapter
@ptah-extension/cli-engine: [ptah] withEngine: file-settings migration failed (non-fatal): 
migrationRunner.runMigrations is not a function
@ptah-extension/cli-engine: [ptah] withEngine: file-settings migration failed (non-fatal): 
migrationRunner.runMigrations is not a function
@ptah-extension/cli-engine: [ptah] withEngine: file-settings migration failed (non-fatal): 
migrationRunner.runMigrations is not a function
@ptah-extension/cli-engine: [ptah] withEngine: file-settings migration failed (non-fatal): 
migrationRunner.runMigrations is not a function
@ptah-extension/cli-engine: [ptah] withEngine: file-settings migration failed (non-fatal): 
migrationRunner.runMigrations is not a function
@ptah-extension/cli-engine: [ptah] withEngine: file-settings migration failed (non-fatal): 
migrationRunner.runMigrations is not a function
@ptah-extension/cli-engine: [ptah] withEngine: file-settings migration failed (non-fatal): 
migrationRunner.runMigrations is not a function
@ptah-extension/cli-engine: [ptah] withEngine: file-settings migration failed (non-fatal): 
migrationRunner.runMigrations is not a function
@ptah-extension/cli-engine: [ptah] withEngine: file-settings migration failed (non-fatal): 
migrationRunner.runMigrations is not a function
@ptah-extension/cli-engine: [ptah] withEngine: file-settings migration failed (non-fatal): 
migrationRunner.runMigrations is not a function
@ptah-extension/cli-engine: [ptah] withEngine: file-settings migration failed (non-fatal): 
migrationRunner.runMigrations is not a function
@ptah-extension/cli-engine: [ptah] withEngine: file-settings migration failed (non-fatal): 
migrationRunner.runMigrations is not a function
@ptah-extension/cli-engine: [ptah] withEngine: file-settings migration failed (non-fatal): 
migrationRunner.runMigrations is not a function
@ptah-extension/cli-engine: [ptah] withEngine: file-settings migration failed (non-fatal): 
migrationRunner.runMigrations is not a function
@ptah-extension/cli-engine: [ptah] withEngine: file-settings migration failed (non-fatal): 
migrationRunner.runMigrations is not a function
@ptah-extension/cli-engine: [ptah] withEngine: file-settings migration failed (non-fatal): 
migrationRunner.runMigrations is not a function
@ptah-extension/cli-engine: [ptah] withEngine: file-settings migration failed (non-fatal): 
migrationRunner.runMigrations is not a function
@ptah-extension/cli-engine: [ptah] withEngine: file-settings migration failed (non-fatal): 
migrationRunner.runMigrations is not a function
@ptah-extension/cli-engine: [ptah] withEngine: file-settings migration failed (non-fatal): 
migrationRunner.runMigrations is not a function
@ptah-extension/cli-engine: [ptah] withEngine: file-settings migration failed (non-fatal): 
migrationRunner.runMigrations is not a function
@ptah-extension/cli-engine: [ptah] withEngine: file-settings migration failed (non-fatal): 
migrationRunner.runMigrations is not a function
@ptah-extension/cli-engine: [ptah] withEngine: file-settings migration failed (non-fatal): 
migrationRunner.runMigrations is not a function
@ptah-extension/cli-engine: [ptah] withEngine: file-settings migration failed (non-fatal): 
migrationRunner.runMigrations is not a function
@ptah-extension/cli-engine: [ptah] withEngine: file-settings migration failed (non-fatal): 
migrationRunner.runMigrations is not a function
@ptah-extension/cli-engine: [ptah] withEngine: file-settings migration failed (non-fatal): 
migrationRunner.runMigrations is not a function
@ptah-extension/cli-engine: [ptah] withEngine: file-settings migration failed (non-fatal): 
migrationRunner.runMigrations is not a function
@ptah-extension/cli-engine: [ptah] withEngine: file-settings migration failed (non-fatal): 
migrationRunner.runMigrations is not a function
@ptah-extension/cli-engine: [ptah] withEngine: file-settings migration failed (non-fatal): 
migrationRunner.runMigrations is not a function
@ptah-extension/cli-engine: [ptah] withEngine: file-settings migration failed (non-fatal): 
migrationRunner.runMigrations is not a function
@ptah-extension/cli-engine: [ptah] withEngine: file-settings migration failed (non-fatal): 
migrationRunner.runMigrations is not a function
@ptah-extension/cli-engine: [ptah] withEngine: file-settings migration failed (non-fatal): 
migrationRunner.runMigrations is not a function
@ptah-extension/cli-engine: [33mA worker process has failed to exit gracefully and has been force exited. This is 
likely caused by tests leaking due to improper teardown. Try running with --detectOpenHandles to find leaks. Active 
timers can also cause this, ensure that .unref() was called on them.[39m
@ptah-extension/cli-engine: [1mTest Suites: [22m[1m[32m19 passed[39m[22m, 19 total
@ptah-extension/cli-engine: [1mTests:       [22m[1m[32m190 passed[39m[22m, 190 total
@ptah-extension/cli-engine: [1mSnapshots:   [22m0 total
@ptah-extension/cli-engine: [1mTime:[22m        [1m[33m95.333 s[39m[22m
@ptah-extension/cli-engine: [2mRan all test suites[22m[2m.[22m

> nx run @ptah-extension/cli-engine:typecheck

ptah-electron: ts-jest[ts-compiler] (WARN) Got a `.js` file to compile while `allowJs` option is not set to `true` 
(file: D:\projects\ptah-extension\apps\ptah-electron\scripts\windows-system-executable.js). To fix this:
ptah-electron:   - if you want TypeScript to process JS files, set `allowJs` to `true` in your TypeScript config 
(usually tsconfig.json)
ptah-electron:   - if you do not want TypeScript to process your `.js` files, in your Jest config change the 
`transform` key which value is `ts-jest` so that it does not match `.js` files anymore
ptah-electron: ts-jest[ts-compiler] (WARN) Got a `.js` file to compile while `allowJs` option is not set to `true` 
(file: D:\projects\ptah-extension\apps\ptah-electron\scripts\backup-local-production-data.js). To fix this:
ptah-electron:   - if you want TypeScript to process JS files, set `allowJs` to `true` in your TypeScript config 
(usually tsconfig.json)
ptah-electron:   - if you do not want TypeScript to process your `.js` files, in your Jest config change the 
`transform` key which value is `ts-jest` so that it does not match `.js` files anymore

> nx run api-billing:typecheck

api-billing: (node:9372) Warning: The 'NO_COLOR' env is ignored due to the 'FORCE_COLOR' env being set.
api-billing: (Use `node --trace-warnings ...` to show where the warning was created)
ptah-electron: ts-jest[ts-compiler] (WARN) Got a `.js` file to compile while `allowJs` option is not set to `true` 
(file: D:\projects\ptah-extension\apps\ptah-electron\scripts\package-local-production.js). To fix this:
ptah-electron:   - if you want TypeScript to process JS files, set `allowJs` to `true` in your TypeScript config 
(usually tsconfig.json)
ptah-electron:   - if you do not want TypeScript to process your `.js` files, in your Jest config change the 
`transform` key which value is `ts-jest` so that it does not match `.js` files anymore
ptah-electron: ts-jest[ts-compiler] (WARN) Got a `.js` file to compile while `allowJs` option is not set to `true` 
(file: D:\projects\ptah-extension\apps\ptah-electron\scripts\verify-local-production-unsigned.js). To fix this:
ptah-electron:   - if you want TypeScript to process JS files, set `allowJs` to `true` in your TypeScript config 
(usually tsconfig.json)
ptah-electron:   - if you do not want TypeScript to process your `.js` files, in your Jest config change the 
`transform` key which value is `ts-jest` so that it does not match `.js` files anymore
ptah-electron: ts-jest[ts-compiler] (WARN) Got a `.js` file to compile while `allowJs` option is not set to `true` 
(file: D:\projects\ptah-extension\apps\ptah-electron\electron-builder.local-production.cjs). To fix this:
ptah-electron:   - if you want TypeScript to process JS files, set `allowJs` to `true` in your TypeScript config 
(usually tsconfig.json)
ptah-electron:   - if you do not want TypeScript to process your `.js` files, in your Jest config change the 
`transform` key which value is `ts-jest` so that it does not match `.js` files anymore

> nx run web-auth:typecheck

web-auth: (node:31712) Warning: The 'NO_COLOR' env is ignored due to the 'FORCE_COLOR' env being set.
web-auth: (Use `node --trace-warnings ...` to show where the warning was created)
web-auth: (node:7036) Warning: The 'NO_COLOR' env is ignored due to the 'FORCE_COLOR' env being set.
web-auth: (Use `node --trace-warnings ...` to show where the warning was created)
ptah-electron: [1mTest Suites: [22m[1m[33m1 skipped[39m[22m, [1m[32m46 passed[39m[22m, 46 of 47 total
ptah-electron: [1mTests:       [22m[1m[33m3 skipped[39m[22m, [1m[32m635 passed[39m[22m, 638 total
ptah-electron: [1mSnapshots:   [22m0 total
ptah-electron: [1mTime:[22m        [1m[33m94.536 s[39m[22m
ptah-electron: [2mRan all test suites[22m[2m.[22m

> nx run web-account:typecheck


> nx run web-admin:test

web-account: (node:35676) Warning: The 'NO_COLOR' env is ignored due to the 'FORCE_COLOR' env being set.
web-account: (Use `node --trace-warnings ...` to show where the warning was created)
web-admin: (node:2068) Warning: The 'NO_COLOR' env is ignored due to the 'FORCE_COLOR' env being set.
web-admin: (Use `node --trace-warnings ...` to show where the warning was created)
web-account: (node:37816) Warning: The 'NO_COLOR' env is ignored due to the 'FORCE_COLOR' env being set.
web-account: (Use `node --trace-warnings ...` to show where the warning was created)
web-admin: (node:39584) Warning: The 'NO_COLOR' env is ignored due to the 'FORCE_COLOR' env being set.
web-admin: (Use `node --trace-warnings ...` to show where the warning was created)
web-admin: (node:20536) Warning: The 'NO_COLOR' env is ignored due to the 'FORCE_COLOR' env being set.
web-admin: (Use `node --trace-warnings ...` to show where the warning was created)
web-admin: (node:38856) Warning: The 'NO_COLOR' env is ignored due to the 'FORCE_COLOR' env being set.
web-admin: (Use `node --trace-warnings ...` to show where the warning was created)
web-admin: (node:25504) Warning: The 'NO_COLOR' env is ignored due to the 'FORCE_COLOR' env being set.
web-admin: (Use `node --trace-warnings ...` to show where the warning was created)
web-admin: (node:2328) Warning: The 'NO_COLOR' env is ignored due to the 'FORCE_COLOR' env being set.
web-admin: (Use `node --trace-warnings ...` to show where the warning was created)
web-admin: (node:27496) Warning: The 'NO_COLOR' env is ignored due to the 'FORCE_COLOR' env being set.
web-admin: (Use `node --trace-warnings ...` to show where the warning was created)
web-admin: (node:1216) Warning: The 'NO_COLOR' env is ignored due to the 'FORCE_COLOR' env being set.
web-admin: (Use `node --trace-warnings ...` to show where the warning was created)
web-admin: (node:19120) Warning: The 'NO_COLOR' env is ignored due to the 'FORCE_COLOR' env being set.
web-admin: (Use `node --trace-warnings ...` to show where the warning was created)

> nx run web-members:typecheck

web-members: (node:13680) Warning: The 'NO_COLOR' env is ignored due to the 'FORCE_COLOR' env being set.
web-members: (Use `node --trace-warnings ...` to show where the warning was created)
web-members: (node:27868) Warning: The 'NO_COLOR' env is ignored due to the 'FORCE_COLOR' env being set.
web-members: (Use `node --trace-warnings ...` to show where the warning was created)
web-admin: [1mTest Suites: [22m[1m[32m24 passed[39m[22m, 24 total
web-admin: [1mTests:       [22m[1m[32m301 passed[39m[22m, 301 total
web-admin: [1mSnapshots:   [22m0 total
web-admin: [1mTime:[22m        14.742 s, estimated 17 s
web-admin: [2mRan all test suites[22m[2m.[22m

> nx run web-landing:typecheck

web-landing: (node:34964) Warning: The 'NO_COLOR' env is ignored due to the 'FORCE_COLOR' env being set.
web-landing: (Use `node --trace-warnings ...` to show where the warning was created)
web-landing: (node:27324) Warning: The 'NO_COLOR' env is ignored due to the 'FORCE_COLOR' env being set.
web-landing: (Use `node --trace-warnings ...` to show where the warning was created)

> nx run ptah-electron:typecheck


> nx run api-member-hub:typecheck

api-member-hub: (node:28700) Warning: The 'NO_COLOR' env is ignored due to the 'FORCE_COLOR' env being set.
api-member-hub: (Use `node --trace-warnings ...` to show where the warning was created)

> nx run web-legal:typecheck

web-legal: (node:39384) Warning: The 'NO_COLOR' env is ignored due to the 'FORCE_COLOR' env being set.
web-legal: (Use `node --trace-warnings ...` to show where the warning was created)
web-legal: (node:22312) Warning: The 'NO_COLOR' env is ignored due to the 'FORCE_COLOR' env being set.
web-legal: (Use `node --trace-warnings ...` to show where the warning was created)

> nx run web-admin:typecheck

web-admin: (node:39732) Warning: The 'NO_COLOR' env is ignored due to the 'FORCE_COLOR' env being set.
web-admin: (Use `node --trace-warnings ...` to show where the warning was created)
web-admin: (node:11168) Warning: The 'NO_COLOR' env is ignored due to the 'FORCE_COLOR' env being set.
web-admin: (Use `node --trace-warnings ...` to show where the warning was created)

> nx run ptah-electron:lint

ptah-electron: (node:12244) Warning: The 'NO_COLOR' env is ignored due to the 'FORCE_COLOR' env being set.
ptah-electron: (Use `node --trace-warnings ...` to show where the warning was created)
ptah-electron: Linting "ptah-electron"...
ptah-electron: [0m[0m
ptah-electron: [0m[4mD:\projects\ptah-extension\apps\ptah-electron\src\di\electron-adapters.ts[24m[0m
ptah-electron: [0m  [2m253:19[22m  [33mwarning[39m  Unexpected empty method 'dispose'  [2m@typescript-eslint/no-empty-function[22m[0m
ptah-electron: [0m[0m
ptah-electron: [0m[4mD:\projects\ptah-extension\apps\ptah-electron\src\services\electron-browser-capabilities.ts[24m[0m
ptah-electron: [0m  [2m501:33[22m  [33mwarning[39m  Unexpected empty arrow function  [2m@typescript-eslint/no-empty-function[22m[0m
ptah-electron: [0m  [2m611:36[22m  [33mwarning[39m  Unexpected empty arrow function  [2m@typescript-eslint/no-empty-function[22m[0m
ptah-electron: [0m[0m
ptah-electron: [0m[33m[1m✖ 3 problems (0 errors, 3 warnings)[22m[39m[0m
ptah-electron: [0m[33m[1m[22m[39m[0m
ptah-electron: ✖ 3 problems (0 errors, 3 warnings)

> nx run @ptah-extension/platform-vscode:typecheck


> nx run web-admin:lint


> nx run web-members:lint

web-admin: (node:37972) Warning: The 'NO_COLOR' env is ignored due to the 'FORCE_COLOR' env being set.
web-admin: (Use `node --trace-warnings ...` to show where the warning was created)
web-admin: Linting "web-admin"...
web-members: (node:12956) Warning: The 'NO_COLOR' env is ignored due to the 'FORCE_COLOR' env being set.
web-members: (Use `node --trace-warnings ...` to show where the warning was created)
web-members: Linting "web-members"...
web-members: ✔ All files pass linting
web-admin: [0m[0m
web-admin: [0m[4mD:\projects\ptah-extension\libs\web\admin\src\lib\admin-detail\admin-detail.html[24m[0m
web-admin: [0m   [2m43:26[22m  [33mwarning[39m  Avoid using "$any" in templates  [2m@angular-eslint/template/no-any[22m[0m
web-admin: [0m   [2m49:26[22m  [33mwarning[39m  Avoid using "$any" in templates  [2m@angular-eslint/template/no-any[22m[0m
web-admin: [0m  [2m112:28[22m  [33mwarning[39m  Avoid using "$any" in templates  [2m@angular-eslint/template/no-any[22m[0m
web-admin: [0m[0m
web-admin: [0m[4mD:\projects\ptah-extension\libs\web\admin\src\lib\components\delete-user-modal\delete-user-modal.ts[24m[0m
web-admin: [0m   [2m61:3[22m   [33mwarning[39m  Missing accessibility modifier on method definition open     [2m@typescript-eslint/explicit-member-accessibility[22m[0m
web-admin: [0m   [2m74:3[22m   [33mwarning[39m  Missing accessibility modifier on method definition close    [2m@typescript-eslint/explicit-member-accessibility[22m[0m
web-admin: [0m   [2m86:3[22m   [33mwarning[39m  Missing accessibility modifier on method definition confirm  [2m@typescript-eslint/explicit-member-accessibility[22m[0m
web-admin: [0m  [2m100:22[22m  [33mwarning[39m  Unexpected any. Specify a different type                     [2m@typescript-eslint/no-explicit-any[22m[0m
web-admin: [0m[0m
web-admin: [0m[4mD:\projects\ptah-extension\libs\web\admin\src\lib\components\issue-comp-license-modal\issue-comp-license-modal.ts[24m[0m
web-admin: [0m  [2m232:35[22m  [33mwarning[39m  Unexpected any. Specify a different type  [2m@typescript-eslint/no-explicit-any[22m[0m
web-admin: [0m[0m
web-admin: [0m[33m[1m✖ 8 problems (0 errors, 8 warnings)[22m[39m[0m
web-admin: [0m[33m[1m[22m[39m[0m
web-admin: ✖ 8 problems (0 errors, 8 warnings)

> nx run @ptah-extension/cli-engine:lint


> nx run @ptah-extension/platform-vscode:lint

@ptah-extension/cli-engine: (node:2344) Warning: The 'NO_COLOR' env is ignored due to the 'FORCE_COLOR' env being set.
@ptah-extension/cli-engine: (Use `node --trace-warnings ...` to show where the warning was created)
@ptah-extension/platform-vscode: (node:23400) Warning: The 'NO_COLOR' env is ignored due to the 'FORCE_COLOR' env 
being set.
@ptah-extension/platform-vscode: (Use `node --trace-warnings ...` to show where the warning was created)
@ptah-extension/cli-engine: Linting "@ptah-extension/cli-engine"...
@ptah-extension/platform-vscode: Linting "@ptah-extension/platform-vscode"...
@ptah-extension/platform-vscode: [0m[0m
@ptah-extension/platform-vscode: [0m[4mD:\projects\ptah-extension\libs\backend\platform-vscode\src\implementations\vscode-workspace-lifecycle.spec.ts[24m[0m
@ptah-extension/platform-vscode: [0m  [2m13:1[22m   [33mwarning[39m  Unused eslint-disable directive (no problems were reported from '@typescript-eslint/no-explicit-any')[0m
@ptah-extension/platform-vscode: [0m  [2m30:10[22m  [33mwarning[39m  'getFolderPaths' is defined but never used. Allowed unused vars must match /^_/u                       [2m@typescript-eslint/no-unused-vars[22m[0m
@ptah-extension/platform-vscode: [0m[0m
@ptah-extension/platform-vscode: [0m[33m[1m✖ 2 problems (0 errors, 2 warnings)[22m[39m[0m
@ptah-extension/platform-vscode: [0m[33m[1m[22m[39m[33m[1m  0 errors and 1 warning potentially fixable with the `--fix` option.[22m[39m[0m
@ptah-extension/platform-vscode: [0m[33m[1m[22m[39m[0m
@ptah-extension/platform-vscode: ✖ 2 problems (0 errors, 2 warnings)
@ptah-extension/platform-vscode:   0 errors and 1 warning are potentially fixable with the `--fix` option.

> nx run web-landing:lint

@ptah-extension/cli-engine: [0m[0m
@ptah-extension/cli-engine: [0m[4mD:\projects\ptah-extension\libs\backend\cli-engine\src\lib\adapters\cli-adapters.ts[24m[0m
@ptah-extension/cli-engine: [0m  [2m249:19[22m  [33mwarning[39m  Unexpected empty method 'dispose'  [2m@typescript-eslint/no-empty-function[22m[0m
@ptah-extension/cli-engine: [0m[0m
@ptah-extension/cli-engine: [0m[33m[1m✖ 1 problem (0 errors, 1 warning)[22m[39m[0m
@ptah-extension/cli-engine: [0m[33m[1m[22m[39m[0m
@ptah-extension/cli-engine: ✖ 1 problem (0 errors, 1 warning)

> nx run web-auth:lint

web-landing: (node:29260) Warning: The 'NO_COLOR' env is ignored due to the 'FORCE_COLOR' env being set.
web-landing: (Use `node --trace-warnings ...` to show where the warning was created)
web-landing: Linting "web-landing"...
web-auth: (node:28048) Warning: The 'NO_COLOR' env is ignored due to the 'FORCE_COLOR' env being set.
web-auth: (Use `node --trace-warnings ...` to show where the warning was created)
web-auth: Linting "web-auth"...
web-landing: [0m[0m
web-landing: [0m[4mD:\projects\ptah-extension\libs\web\landing\src\lib\console\alwayson-loop-diagram.component.ts[24m[0m
web-landing: [0m  [2m226:3[22m  [33mwarning[39m  Missing accessibility modifier on method definition constructor  [2m@typescript-eslint/explicit-member-accessibility[22m[0m
web-landing: [0m[0m
web-landing: [0m[4mD:\projects\ptah-extension\libs\web\landing\src\lib\console\council-demo.component.ts[24m[0m
web-landing: [0m  [2m215:3[22m  [33mwarning[39m  Missing accessibility modifier on method definition constructor  [2m@typescript-eslint/explicit-member-accessibility[22m[0m
web-landing: [0m[0m
web-landing: [0m[4mD:\projects\ptah-extension\libs\web\landing\src\lib\console\memory-recall-diagram.component.ts[24m[0m
web-landing: [0m  [2m282:3[22m  [33mwarning[39m  Missing accessibility modifier on method definition constructor  [2m@typescript-eslint/explicit-member-accessibility[22m[0m
web-landing: [0m[0m
web-landing: [0m[4mD:\projects\ptah-extension\libs\web\landing\src\lib\console\orchestra-fanout-diagram.component.ts[24m[0m
web-landing: [0m  [2m222:3[22m  [33mwarning[39m  Missing accessibility modifier on method definition constructor  [2m@typescript-eslint/explicit-member-accessibility[22m[0m
web-landing: [0m[0m
web-landing: [0m[4mD:\projects\ptah-extension\libs\web\landing\src\lib\landing-page.component.ts[24m[0m
web-landing: [0m  [2m89:3[22m  [33mwarning[39m  Missing accessibility modifier on method definition constructor  [2m@typescript-eslint/explicit-member-accessibility[22m[0m
web-landing: [0m[0m
web-landing: [0m[4mD:\projects\ptah-extension\libs\web\landing\src\lib\sections\builders\builders-section.component.ts[24m[0m
web-landing: [0m  [2m402:3[22m  [33mwarning[39m  Missing accessibility modifier on method definition constructor  [2m@typescript-eslint/explicit-member-accessibility[22m[0m
web-landing: [0m[0m
web-landing: [0m[4mD:\projects\ptah-extension\libs\web\landing\src\lib\sections\comparison\comparison-tug-meter.component.ts[24m[0m
web-landing: [0m  [2m277:3[22m  [33mwarning[39m  Missing accessibility modifier on method definition constructor  [2m@typescript-eslint/explicit-member-accessibility[22m[0m
web-landing: [0m[0m
web-landing: [0m[4mD:\projects\ptah-extension\libs\web\landing\src\lib\sections\hero\hero-content-overlay.component.ts[24m[0m
web-landing: [0m  [2m98:3[22m  [33mwarning[39m  Missing accessibility modifier on method definition constructor  [2m@typescript-eslint/explicit-member-accessibility[22m[0m
web-landing: [0m[0m
web-landing: [0m[4mD:\projects\ptah-extension\libs\web\landing\src\lib\sections\hero\hero.component.ts[24m[0m
web-landing: [0m  [2m93:3[22m  [33mwarning[39m  Missing accessibility modifier on method definition constructor  [2m@typescript-eslint/explicit-member-accessibility[22m[0m
web-landing: [0m[0m
web-landing: [0m[4mD:\projects\ptah-extension\libs\web\landing\src\lib\sections\pillars\pillars-spine.component.ts[24m[0m
web-landing: [0m  [2m389:3[22m  [33mwarning[39m  Missing accessibility modifier on method definition constructor  [2m@typescript-eslint/explicit-member-accessibility[22m[0m
web-landing: [0m[0m
web-landing: [0m[4mD:\projects\ptah-extension\libs\web\landing\src\lib\sections\problem\problem-section.component.ts[24m[0m
web-landing: [0m  [2m219:3[22m  [33mwarning[39m  Missing accessibility modifier on method definition constructor  [2m@typescript-eslint/explicit-member-accessibility[22m[0m
web-landing: [0m[0m
web-landing: [0m[33m[1m✖ 11 problems (0 errors, 11 warnings)[22m[39m[0m
web-landing: [0m[33m[1m[22m[39m[0m
web-landing: ✖ 11 problems (0 errors, 11 warnings)

> nx run web-account:lint

web-auth: ✔ All files pass linting

> nx run web-pricing:lint

web-account: (node:19864) Warning: The 'NO_COLOR' env is ignored due to the 'FORCE_COLOR' env being set.
web-account: (Use `node --trace-warnings ...` to show where the warning was created)
web-pricing: (node:29576) Warning: The 'NO_COLOR' env is ignored due to the 'FORCE_COLOR' env being set.
web-pricing: (Use `node --trace-warnings ...` to show where the warning was created)
web-account: Linting "web-account"...
web-pricing: Linting "web-pricing"...
web-pricing: [0m[0m
web-pricing: [0m[4mD:\projects\ptah-extension\libs\web\pricing\src\lib\components\pricing-grid.component.ts[24m[0m
web-pricing: [0m  [2m867:1[22m  [33mwarning[39m  File has too many lines (899). Maximum allowed is 700  [2mmax-lines[22m[0m
web-pricing: [0m[0m
web-pricing: [0m[4mD:\projects\ptah-extension\libs\web\pricing\src\lib\pricing-page.component.ts[24m[0m
web-pricing: [0m  [2m57:3[22m  [33mwarning[39m  Missing accessibility modifier on method definition constructor  [2m@typescript-eslint/explicit-member-accessibility[22m[0m
web-pricing: [0m[0m
web-pricing: [0m[33m[1m✖ 2 problems (0 errors, 2 warnings)[22m[39m[0m
web-pricing: [0m[33m[1m[22m[39m[0m
web-pricing: ✖ 2 problems (0 errors, 2 warnings)

> nx run web-legal:lint

web-account: ✔ All files pass linting

> nx run @ptah-extension/showcase-manifest:typecheck

web-legal: (node:15008) Warning: The 'NO_COLOR' env is ignored due to the 'FORCE_COLOR' env being set.
web-legal: (Use `node --trace-warnings ...` to show where the warning was created)
web-legal: Linting "web-legal"...

> nx run ptah-landing-page:test

ptah-landing-page: (node:1536) Warning: The 'NO_COLOR' env is ignored due to the 'FORCE_COLOR' env being set.
ptah-landing-page: (Use `node --trace-warnings ...` to show where the warning was created)
web-legal: [0m[0m
web-legal: [0m[4mD:\projects\ptah-extension\libs\web\legal\src\lib\components\falling-cubes-background.component.ts[24m[0m
web-legal: [0m  [2m180:3[22m  [33mwarning[39m  Missing accessibility modifier on method definition constructor  [2m@typescript-eslint/explicit-member-accessibility[22m[0m
web-legal: [0m[0m
web-legal: [0m[4mD:\projects\ptah-extension\libs\web\legal\src\lib\privacy-page.component.ts[24m[0m
web-legal: [0m  [2m485:3[22m  [33mwarning[39m  Missing accessibility modifier on method definition constructor  [2m@typescript-eslint/explicit-member-accessibility[22m[0m
web-legal: [0m[0m
web-legal: [0m[4mD:\projects\ptah-extension\libs\web\legal\src\lib\refund-page.component.ts[24m[0m
web-legal: [0m  [2m266:3[22m  [33mwarning[39m  Missing accessibility modifier on method definition constructor  [2m@typescript-eslint/explicit-member-accessibility[22m[0m
web-legal: [0m[0m
web-legal: [0m[4mD:\projects\ptah-extension\libs\web\legal\src\lib\terms-page.component.ts[24m[0m
web-legal: [0m  [2m399:3[22m  [33mwarning[39m  Missing accessibility modifier on method definition constructor  [2m@typescript-eslint/explicit-member-accessibility[22m[0m
web-legal: [0m[0m
web-legal: [0m[33m[1m✖ 4 problems (0 errors, 4 warnings)[22m[39m[0m
web-legal: [0m[33m[1m[22m[39m[0m
web-legal: ✖ 4 problems (0 errors, 4 warnings)

> nx run ptah-extension-vscode:typecheck

ptah-landing-page: (node:13408) Warning: The 'NO_COLOR' env is ignored due to the 'FORCE_COLOR' env being set.
ptah-landing-page: (Use `node --trace-warnings ...` to show where the warning was created)
ptah-landing-page: (node:35852) Warning: The 'NO_COLOR' env is ignored due to the 'FORCE_COLOR' env being set.
ptah-landing-page: (Use `node --trace-warnings ...` to show where the warning was created)
ptah-landing-page: (node:16124) Warning: The 'NO_COLOR' env is ignored due to the 'FORCE_COLOR' env being set.
ptah-landing-page: (Use `node --trace-warnings ...` to show where the warning was created)
ptah-landing-page: [1mTest Suites: [22m[1m[32m3 passed[39m[22m, 3 total
ptah-landing-page: [1mTests:       [22m[1m[32m36 passed[39m[22m, 36 total
ptah-landing-page: [1mSnapshots:   [22m0 total
ptah-landing-page: [1mTime:[22m        4.752 s
ptah-landing-page: [2mRan all test suites[22m[2m.[22m

> nx run ptah-extension-vscode:test

ptah-extension-vscode: (node:24424) Warning: The 'NO_COLOR' env is ignored due to the 'FORCE_COLOR' env being set.
ptah-extension-vscode: (Use `node --trace-warnings ...` to show where the warning was created)
ptah-extension-vscode: (node:29608) Warning: The 'NO_COLOR' env is ignored due to the 'FORCE_COLOR' env being set.
ptah-extension-vscode: (Use `node --trace-warnings ...` to show where the warning was created)
ptah-extension-vscode: (node:7260) Warning: The 'NO_COLOR' env is ignored due to the 'FORCE_COLOR' env being set.
ptah-extension-vscode: (Use `node --trace-warnings ...` to show where the warning was created)
ptah-extension-vscode: (node:15248) Warning: The 'NO_COLOR' env is ignored due to the 'FORCE_COLOR' env being set.
ptah-extension-vscode: (Use `node --trace-warnings ...` to show where the warning was created)
ptah-extension-vscode: (node:31220) Warning: The 'NO_COLOR' env is ignored due to the 'FORCE_COLOR' env being set.
ptah-extension-vscode: (Use `node --trace-warnings ...` to show where the warning was created)
ptah-extension-vscode: (node:30344) Warning: The 'NO_COLOR' env is ignored due to the 'FORCE_COLOR' env being set.
ptah-extension-vscode: (Use `node --trace-warnings ...` to show where the warning was created)
ptah-extension-vscode: (node:12328) Warning: The 'NO_COLOR' env is ignored due to the 'FORCE_COLOR' env being set.
ptah-extension-vscode: (Use `node --trace-warnings ...` to show where the warning was created)

> nx run ptah-landing-page:typecheck

ptah-landing-page: (node:37220) Warning: The 'NO_COLOR' env is ignored due to the 'FORCE_COLOR' env being set.
ptah-landing-page: (Use `node --trace-warnings ...` to show where the warning was created)
ptah-landing-page: (node:14380) Warning: The 'NO_COLOR' env is ignored due to the 'FORCE_COLOR' env being set.
ptah-landing-page: (Use `node --trace-warnings ...` to show where the warning was created)

> nx run ptah-license-server:test

ptah-license-server: (node:28296) Warning: The 'NO_COLOR' env is ignored due to the 'FORCE_COLOR' env being set.
ptah-license-server: (Use `node --trace-warnings ...` to show where the warning was created)
ptah-license-server: (node:25776) Warning: The 'NO_COLOR' env is ignored due to the 'FORCE_COLOR' env being set.
ptah-license-server: (Use `node --trace-warnings ...` to show where the warning was created)
ptah-license-server: (node:30180) Warning: The 'NO_COLOR' env is ignored due to the 'FORCE_COLOR' env being set.
ptah-license-server: (Use `node --trace-warnings ...` to show where the warning was created)
ptah-license-server: (node:12244) Warning: The 'NO_COLOR' env is ignored due to the 'FORCE_COLOR' env being set.
ptah-license-server: (Use `node --trace-warnings ...` to show where the warning was created)
ptah-license-server: (node:38980) Warning: The 'NO_COLOR' env is ignored due to the 'FORCE_COLOR' env being set.
ptah-license-server: (Use `node --trace-warnings ...` to show where the warning was created)
ptah-license-server: (node:23900) Warning: The 'NO_COLOR' env is ignored due to the 'FORCE_COLOR' env being set.
ptah-license-server: (Use `node --trace-warnings ...` to show where the warning was created)
ptah-license-server: (node:26136) Warning: The 'NO_COLOR' env is ignored due to the 'FORCE_COLOR' env being set.
ptah-license-server: (Use `node --trace-warnings ...` to show where the warning was created)
ptah-license-server: (node:31052) Warning: The 'NO_COLOR' env is ignored due to the 'FORCE_COLOR' env being set.
ptah-license-server: (Use `node --trace-warnings ...` to show where the warning was created)
ptah-license-server: [33mA worker process has failed to exit gracefully and has been force exited. This is likely 
caused by tests leaking due to improper teardown. Try running with --detectOpenHandles to find leaks. Active timers 
can also cause this, ensure that .unref() was called on them.[39m
ptah-license-server: [1mTest Suites: [22m[1m[32m7 passed[39m[22m, 7 total
ptah-license-server: [1mTests:       [22m[1m[32m172 passed[39m[22m, 172 total
ptah-license-server: [1mSnapshots:   [22m0 total
ptah-license-server: [1mTime:[22m        [1m[33m33.663 s[39m[22m
ptah-license-server: [2mRan all test suites[22m[2m.[22m

> nx run ptah-license-server:typecheck

ptah-license-server: (node:11364) Warning: The 'NO_COLOR' env is ignored due to the 'FORCE_COLOR' env being set.
ptah-license-server: (Use `node --trace-warnings ...` to show where the warning was created)
ptah-extension-vscode: [1mTest Suites: [22m[1m[32m6 passed[39m[22m, 6 total
ptah-extension-vscode: [1mTests:       [22m[1m[32m65 passed[39m[22m, 65 total
ptah-extension-vscode: [1mSnapshots:   [22m0 total
ptah-extension-vscode: [1mTime:[22m        72.011 s
ptah-extension-vscode: [2mRan all test suites[22m[2m.[22m

> nx run ptah-electron-e2e:typecheck


> nx run ptah-extension-vscode:lint

ptah-extension-vscode: (node:26856) Warning: The 'NO_COLOR' env is ignored due to the 'FORCE_COLOR' env being set.
ptah-extension-vscode: (Use `node --trace-warnings ...` to show where the warning was created)
ptah-extension-vscode: Linting "ptah-extension-vscode"...

> nx run ptah-electron-e2e:lint

ptah-extension-vscode: [0m[0m
ptah-extension-vscode: [0m[4mD:\projects\ptah-extension\apps\ptah-extension-vscode\src\activation\post-init.ts[24m[0m
ptah-extension-vscode: [0m  [2m29:3[22m  [33mwarning[39m  'authInitialized' is defined but never used. Allowed unused args must match /^_/u  [2m@typescript-eslint/no-unused-vars[22m[0m
ptah-extension-vscode: [0m[0m
ptah-extension-vscode: [0m[33m[1m✖ 1 problem (0 errors, 1 warning)[22m[39m[0m
ptah-extension-vscode: [0m[33m[1m[22m[39m[0m
ptah-extension-vscode: ✖ 1 problem (0 errors, 1 warning)
ptah-electron-e2e: (node:23192) Warning: The 'NO_COLOR' env is ignored due to the 'FORCE_COLOR' env being set.
ptah-electron-e2e: (Use `node --trace-warnings ...` to show where the warning was created)

> nx run ptah-landing-page:lint

ptah-electron-e2e: Linting "ptah-electron-e2e"...
ptah-landing-page: (node:35640) Warning: The 'NO_COLOR' env is ignored due to the 'FORCE_COLOR' env being set.
ptah-landing-page: (Use `node --trace-warnings ...` to show where the warning was created)
ptah-landing-page: Linting "ptah-landing-page"...
ptah-landing-page: [0m[0m
ptah-landing-page: [0m[4mD:\projects\ptah-extension\apps\ptah-landing-page\src\app\pages\download\download-page.component.ts[24m[0m
ptah-landing-page: [0m  [2m367:3[22m  [33mwarning[39m  Missing accessibility modifier on class property DownloadIcon         [2m@typescript-eslint/explicit-member-accessibility[22m[0m
ptah-landing-page: [0m  [2m368:3[22m  [33mwarning[39m  Missing accessibility modifier on class property ChevronDownIcon      [2m@typescript-eslint/explicit-member-accessibility[22m[0m
ptah-landing-page: [0m  [2m369:3[22m  [33mwarning[39m  Missing accessibility modifier on class property ChevronUpIcon        [2m@typescript-eslint/explicit-member-accessibility[22m[0m
ptah-landing-page: [0m  [2m370:3[22m  [33mwarning[39m  Missing accessibility modifier on class property ExternalLinkIcon     [2m@typescript-eslint/explicit-member-accessibility[22m[0m
ptah-landing-page: [0m  [2m372:3[22m  [33mwarning[39m  Missing accessibility modifier on class property releases             [2m@typescript-eslint/explicit-member-accessibility[22m[0m
ptah-landing-page: [0m  [2m373:3[22m  [33mwarning[39m  Missing accessibility modifier on class property loading              [2m@typescript-eslint/explicit-member-accessibility[22m[0m
ptah-landing-page: [0m  [2m374:3[22m  [33mwarning[39m  Missing accessibility modifier on class property error                [2m@typescript-eslint/explicit-member-accessibility[22m[0m
ptah-landing-page: [0m  [2m380:3[22m  [33mwarning[39m  Missing accessibility modifier on class property autoExpandApplied    [2m@typescript-eslint/explicit-member-accessibility[22m[0m
ptah-landing-page: [0m  [2m381:3[22m  [33mwarning[39m  Missing accessibility modifier on class property headlineConfig       [2m@typescript-eslint/explicit-member-accessibility[22m[0m
ptah-landing-page: [0m  [2m388:3[22m  [33mwarning[39m  Missing accessibility modifier on class property subheadlineConfig    [2m@typescript-eslint/explicit-member-accessibility[22m[0m
ptah-landing-page: [0m  [2m395:3[22m  [33mwarning[39m  Missing accessibility modifier on class property calloutConfig        [2m@typescript-eslint/explicit-member-accessibility[22m[0m
ptah-landing-page: [0m  [2m402:3[22m  [33mwarning[39m  Missing accessibility modifier on method definition constructor       [2m@typescript-eslint/explicit-member-accessibility[22m[0m
ptah-landing-page: [0m  [2m429:3[22m  [33mwarning[39m  Missing accessibility modifier on method definition toggleRelease     [2m@typescript-eslint/explicit-member-accessibility[22m[0m
ptah-landing-page: [0m  [2m441:3[22m  [33mwarning[39m  Missing accessibility modifier on method definition isExpanded        [2m@typescript-eslint/explicit-member-accessibility[22m[0m
ptah-landing-page: [0m  [2m445:3[22m  [33mwarning[39m  Missing accessibility modifier on method definition getReleaseConfig  [2m@typescript-eslint/explicit-member-accessibility[22m[0m
ptah-landing-page: [0m  [2m455:3[22m  [33mwarning[39m  Missing accessibility modifier on method definition formatDate        [2m@typescript-eslint/explicit-member-accessibility[22m[0m
ptah-landing-page: [0m  [2m463:3[22m  [33mwarning[39m  Missing accessibility modifier on method definition retry             [2m@typescript-eslint/explicit-member-accessibility[22m[0m
ptah-landing-page: [0m[0m
ptah-landing-page: [0m[33m[1m✖ 17 problems (0 errors, 17 warnings)[22m[39m[0m
ptah-landing-page: [0m[33m[1m[22m[39m[0m
ptah-landing-page: ✖ 17 problems (0 errors, 17 warnings)

> nx run ptah-tui:test

ptah-tui: (node:24400) Warning: The 'NO_COLOR' env is ignored due to the 'FORCE_COLOR' env being set.
ptah-tui: (Use `node --trace-warnings ...` to show where the warning was created)
ptah-electron-e2e: [0m[0m
ptah-electron-e2e: [0m[4mD:\projects\ptah-extension\apps\ptah-electron-e2e\src\specs\git\hunk-revert-top-layer.spec.ts[24m[0m
ptah-electron-e2e: [0m  [2m207:16[22m  [33mwarning[39m  Forbidden non-null assertion  [2m@typescript-eslint/no-non-null-assertion[22m[0m
ptah-electron-e2e: [0m  [2m207:28[22m  [33mwarning[39m  Forbidden non-null assertion  [2m@typescript-eslint/no-non-null-assertion[22m[0m
ptah-electron-e2e: [0m[0m
ptah-electron-e2e: [0m[4mD:\projects\ptah-extension\apps\ptah-electron-e2e\src\specs\tasks\tasks-list-visual.spec.ts[24m[0m
ptah-electron-e2e: [0m  [2m376:5[22m  [33mwarning[39m  Unused eslint-disable directive (no problems were reported from 'no-console')[0m
ptah-electron-e2e: [0m  [2m452:5[22m  [33mwarning[39m  Unused eslint-disable directive (no problems were reported from 'no-console')[0m
ptah-electron-e2e: [0m  [2m517:5[22m  [33mwarning[39m  Unused eslint-disable directive (no problems were reported from 'no-console')[0m
ptah-electron-e2e: [0m  [2m593:5[22m  [33mwarning[39m  Unused eslint-disable directive (no problems were reported from 'no-console')[0m
ptah-electron-e2e: [0m[0m
ptah-electron-e2e: [0m[4mD:\projects\ptah-extension\apps\ptah-electron-e2e\src\support\fixtures.ts[24m[0m
ptah-electron-e2e: [0m  [2m50:37[22m  [33mwarning[39m  Unexpected empty arrow function  [2m@typescript-eslint/no-empty-function[22m[0m
ptah-electron-e2e: [0m[0m
ptah-electron-e2e: [0m[4mD:\projects\ptah-extension\apps\ptah-electron-e2e\src\support\permission-seam-fixtures.ts[24m[0m
ptah-electron-e2e: [0m  [2m169:37[22m  [33mwarning[39m  Unexpected empty arrow function  [2m@typescript-eslint/no-empty-function[22m[0m
ptah-electron-e2e: [0m[0m
ptah-electron-e2e: [0m[4mD:\projects\ptah-extension\apps\ptah-electron-e2e\src\support\real-rpc-fixtures.ts[24m[0m
ptah-electron-e2e: [0m  [2m272:37[22m  [33mwarning[39m  Unexpected empty arrow function  [2m@typescript-eslint/no-empty-function[22m[0m
ptah-electron-e2e: [0m[0m
ptah-electron-e2e: [0m[33m[1m✖ 9 problems (0 errors, 9 warnings)[22m[39m[0m
ptah-electron-e2e: [0m[33m[1m[22m[39m[33m[1m  0 errors and 4 warnings potentially fixable with the `--fix` option.[22m[39m[0m
ptah-electron-e2e: [0m[33m[1m[22m[39m[0m
ptah-electron-e2e: ✖ 9 problems (0 errors, 9 warnings)
ptah-electron-e2e:   0 errors and 4 warnings are potentially fixable with the `--fix` option.

> nx run ptah-cli:typecheck

ptah-tui: (node:30164) Warning: The 'NO_COLOR' env is ignored due to the 'FORCE_COLOR' env being set.
ptah-tui: (Use `node --trace-warnings ...` to show where the warning was created)
ptah-tui: (node:38200) Warning: The 'NO_COLOR' env is ignored due to the 'FORCE_COLOR' env being set.
ptah-tui: (Use `node --trace-warnings ...` to show where the warning was created)
ptah-tui: (node:1884) Warning: The 'NO_COLOR' env is ignored due to the 'FORCE_COLOR' env being set.
ptah-tui: (Use `node --trace-warnings ...` to show where the warning was created)
ptah-tui: (node:17728) Warning: The 'NO_COLOR' env is ignored due to the 'FORCE_COLOR' env being set.
ptah-tui: (Use `node --trace-warnings ...` to show where the warning was created)
ptah-tui: (node:4436) Warning: The 'NO_COLOR' env is ignored due to the 'FORCE_COLOR' env being set.
ptah-tui: (Use `node --trace-warnings ...` to show where the warning was created)
ptah-tui: (node:7364) Warning: The 'NO_COLOR' env is ignored due to the 'FORCE_COLOR' env being set.
ptah-tui: (Use `node --trace-warnings ...` to show where the warning was created)
ptah-tui: (node:1576) Warning: The 'NO_COLOR' env is ignored due to the 'FORCE_COLOR' env being set.
ptah-tui: (Use `node --trace-warnings ...` to show where the warning was created)
ptah-tui: (node:32616) Warning: The 'NO_COLOR' env is ignored due to the 'FORCE_COLOR' env being set.
ptah-tui: (Use `node --trace-warnings ...` to show where the warning was created)

> nx run ptah-tui:typecheck


> nx run ptah-cli:test

ptah-cli: (node:35756) Warning: The 'NO_COLOR' env is ignored due to the 'FORCE_COLOR' env being set.
ptah-cli: (Use `node --trace-warnings ...` to show where the warning was created)
ptah-cli: (node:36832) Warning: The 'NO_COLOR' env is ignored due to the 'FORCE_COLOR' env being set.
ptah-cli: (Use `node --trace-warnings ...` to show where the warning was created)
ptah-cli: (node:25812) Warning: The 'NO_COLOR' env is ignored due to the 'FORCE_COLOR' env being set.
ptah-cli: (Use `node --trace-warnings ...` to show where the warning was created)
ptah-cli: (node:15020) Warning: The 'NO_COLOR' env is ignored due to the 'FORCE_COLOR' env being set.
ptah-cli: (Use `node --trace-warnings ...` to show where the warning was created)
ptah-cli: (node:26664) Warning: The 'NO_COLOR' env is ignored due to the 'FORCE_COLOR' env being set.
ptah-cli: (Use `node --trace-warnings ...` to show where the warning was created)
ptah-cli: (node:37208) Warning: The 'NO_COLOR' env is ignored due to the 'FORCE_COLOR' env being set.
ptah-cli: (Use `node --trace-warnings ...` to show where the warning was created)
ptah-cli: (node:28064) Warning: The 'NO_COLOR' env is ignored due to the 'FORCE_COLOR' env being set.
ptah-cli: (Use `node --trace-warnings ...` to show where the warning was created)
ptah-cli: (node:32384) Warning: The 'NO_COLOR' env is ignored due to the 'FORCE_COLOR' env being set.
ptah-cli: (Use `node --trace-warnings ...` to show where the warning was created)
ptah-cli: (node:27996) Warning: The 'NO_COLOR' env is ignored due to the 'FORCE_COLOR' env being set.
ptah-cli: (Use `node --trace-warnings ...` to show where the warning was created)
ptah-tui: [1mTest Suites: [22m[1m[32m26 passed[39m[22m, 26 total
ptah-tui: [1mTests:       [22m[1m[32m330 passed[39m[22m, 330 total
ptah-tui: [1mSnapshots:   [22m0 total
ptah-tui: [1mTime:[22m        78.024 s
ptah-tui: [2mRan all test suites[22m[2m.[22m

> nx run ptah-tui:lint

ptah-tui: (node:39860) Warning: The 'NO_COLOR' env is ignored due to the 'FORCE_COLOR' env being set.
ptah-tui: (Use `node --trace-warnings ...` to show where the warning was created)
ptah-tui: Linting "ptah-tui"...
ptah-tui: ✔ All files pass linting

> nx run ptah-cli:lint

ptah-cli: (node:9372) Warning: The 'NO_COLOR' env is ignored due to the 'FORCE_COLOR' env being set.
ptah-cli: (Use `node --trace-warnings ...` to show where the warning was created)
ptah-cli: Linting "ptah-cli"...
ptah-cli: [0m[0m
ptah-cli: [0m[4mD:\projects\ptah-extension\apps\ptah-cli\src\cli\commands\doctor.ts[24m[0m
ptah-cli: [0m  [2m34:8[22m  [33mwarning[39m  'EffectiveRouteProvider' is defined but never used. Allowed unused vars must match /^_/u  [2m@typescript-eslint/no-unused-vars[22m[0m
ptah-cli: [0m[0m
ptah-cli: [0m[4mD:\projects\ptah-extension\apps\ptah-cli\src\cli\commands\gateway.spec.ts[24m[0m
ptah-cli: [0m  [2m351:45[22m  [33mwarning[39m  Unexpected empty method 'read'  [2m@typescript-eslint/no-empty-function[22m[0m
ptah-cli: [0m[0m
ptah-cli: [0m[4mD:\projects\ptah-extension\apps\ptah-cli\src\cli\commands\init.ts[24m[0m
ptah-cli: [0m  [2m771:1[22m  [33mwarning[39m  File has too many lines (743). Maximum allowed is 700  [2mmax-lines[22m[0m
ptah-cli: [0m[0m
ptah-cli: [0m[4mD:\projects\ptah-extension\apps\ptah-cli\src\cli\commands\mcp-serve.ts[24m[0m
ptah-cli: [0m  [2m212:40[22m  [33mwarning[39m  'params' is defined but never used. Allowed unused args must match /^_/u  [2m@typescript-eslint/no-unused-vars[22m[0m
ptah-cli: [0m[0m
ptah-cli: [0m[4mD:\projects\ptah-extension\apps\ptah-cli\src\cli\commands\provider.ts[24m[0m
ptah-cli: [0m  [2m865:1[22m  [33mwarning[39m  File has too many lines (1031). Maximum allowed is 700  [2mmax-lines[22m[0m
ptah-cli: [0m[0m
ptah-cli: [0m[4mD:\projects\ptah-extension\apps\ptah-cli\src\cli\commands\session.headless.spec.ts[24m[0m
ptah-cli: [0m  [2m102:16[22m  [33mwarning[39m  'flushAsync' is defined but never used. Allowed unused vars must match /^_/u  [2m@typescript-eslint/no-unused-vars[22m[0m
ptah-cli: [0m  [2m186:11[22m  [33mwarning[39m  Forbidden non-null assertion                                                  [2m@typescript-eslint/no-non-null-assertion[22m[0m
ptah-cli: [0m  [2m422:31[22m  [33mwarning[39m  Forbidden non-null assertion                                                  [2m@typescript-eslint/no-non-null-assertion[22m[0m
ptah-cli: [0m[0m
ptah-cli: [0m[4mD:\projects\ptah-extension\apps\ptah-cli\src\cli\commands\session.ts[24m[0m
ptah-cli: [0m  [2m855:1[22m  [33mwarning[39m  File has too many lines (850). Maximum allowed is 700  [2mmax-lines[22m[0m
ptah-cli: [0m[0m
ptah-cli: [0m[4mD:\projects\ptah-extension\apps\ptah-cli\src\cli\router.ts[24m[0m
ptah-cli: [0m  [2m858:1[22m  [33mwarning[39m  File has too many lines (2884). Maximum allowed is 700  [2mmax-lines[22m[0m
ptah-cli: [0m[0m
ptah-cli: [0m[4mD:\projects\ptah-extension\apps\ptah-cli\tests\e2e\_harness\global-setup.cjs[24m[0m
ptah-cli: [0m  [2m15:5[22m  [33mwarning[39m  Unused eslint-disable directive (no problems were reported from 'no-console')[0m
ptah-cli: [0m  [2m27:5[22m  [33mwarning[39m  Unused eslint-disable directive (no problems were reported from 'no-console')[0m
ptah-cli: [0m[0m
ptah-cli: [0m[4mD:\projects\ptah-extension\apps\ptah-cli\tests\e2e\bootstrap.e2e.spec.ts[24m[0m
ptah-cli: [0m  [2m92:7[22m  [33mwarning[39m  Forbidden non-null assertion  [2m@typescript-eslint/no-non-null-assertion[22m[0m
ptah-cli: [0m[0m
ptah-cli: [0m[4mD:\projects\ptah-extension\apps\ptah-cli\tests\e2e\cron.e2e.spec.ts[24m[0m
ptah-cli: [0m  [2m111:12[22m  [33mwarning[39m  Forbidden non-null assertion  [2m@typescript-eslint/no-non-null-assertion[22m[0m
ptah-cli: [0m  [2m112:19[22m  [33mwarning[39m  Forbidden non-null assertion  [2m@typescript-eslint/no-non-null-assertion[22m[0m
ptah-cli: [0m  [2m112:19[22m  [33mwarning[39m  Forbidden non-null assertion  [2m@typescript-eslint/no-non-null-assertion[22m[0m
ptah-cli: [0m  [2m113:12[22m  [33mwarning[39m  Forbidden non-null assertion  [2m@typescript-eslint/no-non-null-assertion[22m[0m
ptah-cli: [0m  [2m113:12[22m  [33mwarning[39m  Forbidden non-null assertion  [2m@typescript-eslint/no-non-null-assertion[22m[0m
ptah-cli: [0m  [2m114:12[22m  [33mwarning[39m  Forbidden non-null assertion  [2m@typescript-eslint/no-non-null-assertion[22m[0m
ptah-cli: [0m  [2m114:12[22m  [33mwarning[39m  Forbidden non-null assertion  [2m@typescript-eslint/no-non-null-assertion[22m[0m
ptah-cli: [0m  [2m138:19[22m  [33mwarning[39m  Forbidden non-null assertion  [2m@typescript-eslint/no-non-null-assertion[22m[0m
ptah-cli: [0m  [2m138:19[22m  [33mwarning[39m  Forbidden non-null assertion  [2m@typescript-eslint/no-non-null-assertion[22m[0m
ptah-cli: [0m  [2m151:17[22m  [33mwarning[39m  Forbidden non-null assertion  [2m@typescript-eslint/no-non-null-assertion[22m[0m
ptah-cli: [0m  [2m176:19[22m  [33mwarning[39m  Forbidden non-null assertion  [2m@typescript-eslint/no-non-null-assertion[22m[0m
ptah-cli: [0m  [2m176:19[22m  [33mwarning[39m  Forbidden non-null assertion  [2m@typescript-eslint/no-non-null-assertion[22m[0m
ptah-cli: [0m  [2m189:12[22m  [33mwarning[39m  Forbidden non-null assertion  [2m@typescript-eslint/no-non-null-assertion[22m[0m
ptah-cli: [0m  [2m213:19[22m  [33mwarning[39m  Forbidden non-null assertion  [2m@typescript-eslint/no-non-null-assertion[22m[0m
ptah-cli: [0m  [2m213:19[22m  [33mwarning[39m  Forbidden non-null assertion  [2m@typescript-eslint/no-non-null-assertion[22m[0m
ptah-cli: [0m  [2m228:12[22m  [33mwarning[39m  Forbidden non-null assertion  [2m@typescript-eslint/no-non-null-assertion[22m[0m
ptah-cli: [0m  [2m237:39[22m  [33mwarning[39m  Forbidden non-null assertion  [2m@typescript-eslint/no-non-null-assertion[22m[0m
ptah-cli: [0m  [2m237:39[22m  [33mwarning[39m  Forbidden non-null assertion  [2m@typescript-eslint/no-non-null-assertion[22m[0m
ptah-cli: [0m  [2m261:19[22m  [33mwarning[39m  Forbidden non-null assertion  [2m@typescript-eslint/no-non-null-assertion[22m[0m
ptah-cli: [0m  [2m261:19[22m  [33mwarning[39m  Forbidden non-null assertion  [2m@typescript-eslint/no-non-null-assertion[22m[0m
ptah-cli: [0m  [2m280:26[22m  [33mwarning[39m  Forbidden non-null assertion  [2m@typescript-eslint/no-non-null-assertion[22m[0m
ptah-cli: [0m  [2m281:12[22m  [33mwarning[39m  Forbidden non-null assertion  [2m@typescript-eslint/no-non-null-assertion[22m[0m
ptah-cli: [0m  [2m305:19[22m  [33mwarning[39m  Forbidden non-null assertion  [2m@typescript-eslint/no-non-null-assertion[22m[0m
ptah-cli: [0m  [2m305:19[22m  [33mwarning[39m  Forbidden non-null assertion  [2m@typescript-eslint/no-non-null-assertion[22m[0m
ptah-cli: [0m  [2m324:12[22m  [33mwarning[39m  Forbidden non-null assertion  [2m@typescript-eslint/no-non-null-assertion[22m[0m
ptah-cli: [0m[0m
ptah-cli: [0m[4mD:\projects\ptah-extension\apps\ptah-cli\tests\e2e\gateway.e2e.spec.ts[24m[0m
ptah-cli: [0m   [2m87:12[22m  [33mwarning[39m  Forbidden non-null assertion  [2m@typescript-eslint/no-non-null-assertion[22m[0m
ptah-cli: [0m   [2m88:12[22m  [33mwarning[39m  Forbidden non-null assertion  [2m@typescript-eslint/no-non-null-assertion[22m[0m
ptah-cli: [0m  [2m107:12[22m  [33mwarning[39m  Forbidden non-null assertion  [2m@typescript-eslint/no-non-null-assertion[22m[0m
ptah-cli: [0m  [2m108:12[22m  [33mwarning[39m  Forbidden non-null assertion  [2m@typescript-eslint/no-non-null-assertion[22m[0m
ptah-cli: [0m  [2m152:26[22m  [33mwarning[39m  Forbidden non-null assertion  [2m@typescript-eslint/no-non-null-assertion[22m[0m
ptah-cli: [0m  [2m153:12[22m  [33mwarning[39m  Forbidden non-null assertion  [2m@typescript-eslint/no-non-null-assertion[22m[0m
ptah-cli: [0m  [2m178:12[22m  [33mwarning[39m  Forbidden non-null assertion  [2m@typescript-eslint/no-non-null-assertion[22m[0m
ptah-cli: [0m  [2m179:19[22m  [33mwarning[39m  Forbidden non-null assertion  [2m@typescript-eslint/no-non-null-assertion[22m[0m
ptah-cli: [0m  [2m180:12[22m  [33mwarning[39m  Forbidden non-null assertion  [2m@typescript-eslint/no-non-null-assertion[22m[0m
ptah-cli: [0m  [2m205:12[22m  [33mwarning[39m  Forbidden non-null assertion  [2m@typescript-eslint/no-non-null-assertion[22m[0m
ptah-cli: [0m[0m
ptah-cli: [0m[4mD:\projects\ptah-extension\apps\ptah-cli\tests\e2e\license-cli.e2e.spec.ts[24m[0m
ptah-cli: [0m  [2m153:37[22m  [33mwarning[39m  Forbidden non-null assertion  [2m@typescript-eslint/no-non-null-assertion[22m[0m
ptah-cli: [0m[0m
ptah-cli: [0m[4mD:\projects\ptah-extension\apps\ptah-cli\tests\e2e\mcp-serve.e2e.spec.ts[24m[0m
ptah-cli: [0m  [2m132:12[22m  [33mwarning[39m  Forbidden non-null assertion  [2m@typescript-eslint/no-non-null-assertion[22m[0m
ptah-cli: [0m  [2m133:12[22m  [33mwarning[39m  Forbidden non-null assertion  [2m@typescript-eslint/no-non-null-assertion[22m[0m
ptah-cli: [0m  [2m136:19[22m  [33mwarning[39m  Forbidden non-null assertion  [2m@typescript-eslint/no-non-null-assertion[22m[0m
ptah-cli: [0m  [2m137:12[22m  [33mwarning[39m  Forbidden non-null assertion  [2m@typescript-eslint/no-non-null-assertion[22m[0m
ptah-cli: [0m  [2m138:12[22m  [33mwarning[39m  Forbidden non-null assertion  [2m@typescript-eslint/no-non-null-assertion[22m[0m
ptah-cli: [0m  [2m154:19[22m  [33mwarning[39m  Forbidden non-null assertion  [2m@typescript-eslint/no-non-null-assertion[22m[0m
ptah-cli: [0m  [2m187:12[22m  [33mwarning[39m  Forbidden non-null assertion  [2m@typescript-eslint/no-non-null-assertion[22m[0m
ptah-cli: [0m  [2m217:24[22m  [33mwarning[39m  Forbidden non-null assertion  [2m@typescript-eslint/no-non-null-assertion[22m[0m
ptah-cli: [0m  [2m218:9[22m   [33mwarning[39m  Forbidden non-null assertion  [2m@typescript-eslint/no-non-null-assertion[22m[0m
ptah-cli: [0m  [2m254:9[22m   [33mwarning[39m  Forbidden non-null assertion  [2m@typescript-eslint/no-non-null-assertion[22m[0m
ptah-cli: [0m  [2m255:20[22m  [33mwarning[39m  Forbidden non-null assertion  [2m@typescript-eslint/no-non-null-assertion[22m[0m
ptah-cli: [0m  [2m549:20[22m  [33mwarning[39m  Forbidden non-null assertion  [2m@typescript-eslint/no-non-null-assertion[22m[0m
ptah-cli: [0m  [2m601:9[22m   [33mwarning[39m  Forbidden non-null assertion  [2m@typescript-eslint/no-non-null-assertion[22m[0m
ptah-cli: [0m  [2m603:27[22m  [33mwarning[39m  Forbidden non-null assertion  [2m@typescript-eslint/no-non-null-assertion[22m[0m
ptah-cli: [0m  [2m610:25[22m  [33mwarning[39m  Forbidden non-null assertion  [2m@typescript-eslint/no-non-null-assertion[22m[0m
ptah-cli: [0m  [2m645:9[22m   [33mwarning[39m  Forbidden non-null assertion  [2m@typescript-eslint/no-non-null-assertion[22m[0m
ptah-cli: [0m  [2m646:27[22m  [33mwarning[39m  Forbidden non-null assertion  [2m@typescript-eslint/no-non-null-assertion[22m[0m
ptah-cli: [0m  [2m653:20[22m  [33mwarning[39m  Forbidden non-null assertion  [2m@typescript-eslint/no-non-null-assertion[22m[0m
ptah-cli: [0m  [2m685:9[22m   [33mwarning[39m  Forbidden non-null assertion  [2m@typescript-eslint/no-non-null-assertion[22m[0m
ptah-cli: [0m  [2m686:27[22m  [33mwarning[39m  Forbidden non-null assertion  [2m@typescript-eslint/no-non-null-assertion[22m[0m
ptah-cli: [0m  [2m693:12[22m  [33mwarning[39m  Forbidden non-null assertion  [2m@typescript-eslint/no-non-null-assertion[22m[0m
ptah-cli: [0m  [2m694:19[22m  [33mwarning[39m  Forbidden non-null assertion  [2m@typescript-eslint/no-non-null-assertion[22m[0m
ptah-cli: [0m  [2m707:9[22m   [33mwarning[39m  Forbidden non-null assertion  [2m@typescript-eslint/no-non-null-assertion[22m[0m
ptah-cli: [0m  [2m708:18[22m  [33mwarning[39m  Forbidden non-null assertion  [2m@typescript-eslint/no-non-null-assertion[22m[0m
ptah-cli: [0m  [2m738:9[22m   [33mwarning[39m  Forbidden non-null assertion  [2m@typescript-eslint/no-non-null-assertion[22m[0m
ptah-cli: [0m  [2m739:27[22m  [33mwarning[39m  Forbidden non-null assertion  [2m@typescript-eslint/no-non-null-assertion[22m[0m
ptah-cli: [0m  [2m746:12[22m  [33mwarning[39m  Forbidden non-null assertion  [2m@typescript-eslint/no-non-null-assertion[22m[0m
ptah-cli: [0m  [2m797:9[22m   [33mwarning[39m  Forbidden non-null assertion  [2m@typescript-eslint/no-non-null-assertion[22m[0m
ptah-cli: [0m  [2m798:14[22m  [33mwarning[39m  Forbidden non-null assertion  [2m@typescript-eslint/no-non-null-assertion[22m[0m
ptah-cli: [0m  [2m834:12[22m  [33mwarning[39m  Forbidden non-null assertion  [2m@typescript-eslint/no-non-null-assertion[22m[0m
ptah-cli: [0m  [2m835:24[22m  [33mwarning[39m  Forbidden non-null assertion  [2m@typescript-eslint/no-non-null-assertion[22m[0m
ptah-cli: [0m  [2m865:12[22m  [33mwarning[39m  Forbidden non-null assertion  [2m@typescript-eslint/no-non-null-assertion[22m[0m
ptah-cli: [0m  [2m866:12[22m  [33mwarning[39m  Forbidden non-null assertion  [2m@typescript-eslint/no-non-null-assertion[22m[0m
ptah-cli: [0m  [2m869:12[22m  [33mwarning[39m  Forbidden non-null assertion  [2m@typescript-eslint/no-non-null-assertion[22m[0m
ptah-cli: [0m  [2m884:21[22m  [33mwarning[39m  Forbidden non-null assertion  [2m@typescript-eslint/no-non-null-assertion[22m[0m
ptah-cli: [0m  [2m906:24[22m  [33mwarning[39m  Forbidden non-null assertion  [2m@typescript-eslint/no-non-null-assertion[22m[0m
ptah-cli: [0m  [2m941:12[22m  [33mwarning[39m  Forbidden non-null assertion  [2m@typescript-eslint/no-non-null-assertion[22m[0m
ptah-cli: [0m  [2m942:12[22m  [33mwarning[39m  Forbidden non-null assertion  [2m@typescript-eslint/no-non-null-assertion[22m[0m
ptah-cli: [0m  [2m943:12[22m  [33mwarning[39m  Forbidden non-null assertion  [2m@typescript-eslint/no-non-null-assertion[22m[0m
ptah-cli: [0m  [2m944:12[22m  [33mwarning[39m  Forbidden non-null assertion  [2m@typescript-eslint/no-non-null-assertion[22m[0m
ptah-cli: [0m  [2m955:12[22m  [33mwarning[39m  Forbidden non-null assertion  [2m@typescript-eslint/no-non-null-assertion[22m[0m
ptah-cli: [0m  [2m956:12[22m  [33mwarning[39m  Forbidden non-null assertion  [2m@typescript-eslint/no-non-null-assertion[22m[0m
ptah-cli: [0m  [2m957:12[22m  [33mwarning[39m  Forbidden non-null assertion  [2m@typescript-eslint/no-non-null-assertion[22m[0m
ptah-cli: [0m[0m
ptah-cli: [0m[4mD:\projects\ptah-extension\apps\ptah-cli\tests\e2e\memory.e2e.spec.ts[24m[0m
ptah-cli: [0m   [2m29:1[22m   [33mwarning[39m  Unused eslint-disable directive (no problems were reported from '@typescript-eslint/no-require-imports')[0m
ptah-cli: [0m  [2m168:19[22m  [33mwarning[39m  Forbidden non-null assertion                                                                              [2m@typescript-eslint/no-non-null-assertion[22m[0m
ptah-cli: [0m  [2m169:19[22m  [33mwarning[39m  Forbidden non-null assertion                                                                              [2m@typescript-eslint/no-non-null-assertion[22m[0m
ptah-cli: [0m  [2m170:19[22m  [33mwarning[39m  Forbidden non-null assertion                                                                              [2m@typescript-eslint/no-non-null-assertion[22m[0m
ptah-cli: [0m  [2m171:12[22m  [33mwarning[39m  Forbidden non-null assertion                                                                              [2m@typescript-eslint/no-non-null-assertion[22m[0m
ptah-cli: [0m  [2m172:19[22m  [33mwarning[39m  Forbidden non-null assertion                                                                              [2m@typescript-eslint/no-non-null-assertion[22m[0m
ptah-cli: [0m  [2m172:19[22m  [33mwarning[39m  Forbidden non-null assertion                                                                              [2m@typescript-eslint/no-non-null-assertion[22m[0m
ptah-cli: [0m  [2m173:19[22m  [33mwarning[39m  Forbidden non-null assertion                                                                              [2m@typescript-eslint/no-non-null-assertion[22m[0m
ptah-cli: [0m  [2m173:19[22m  [33mwarning[39m  Forbidden non-null assertion                                                                              [2m@typescript-eslint/no-non-null-assertion[22m[0m
ptah-cli: [0m  [2m213:26[22m  [33mwarning[39m  Forbidden non-null assertion                                                                              [2m@typescript-eslint/no-non-null-assertion[22m[0m
ptah-cli: [0m  [2m214:17[22m  [33mwarning[39m  Forbidden non-null assertion                                                                              [2m@typescript-eslint/no-non-null-assertion[22m[0m
ptah-cli: [0m  [2m217:12[22m  [33mwarning[39m  Forbidden non-null assertion                                                                              [2m@typescript-eslint/no-non-null-assertion[22m[0m
ptah-cli: [0m  [2m251:26[22m  [33mwarning[39m  Forbidden non-null assertion                                                                              [2m@typescript-eslint/no-non-null-assertion[22m[0m
ptah-cli: [0m  [2m252:12[22m  [33mwarning[39m  Forbidden non-null assertion                                                                              [2m@typescript-eslint/no-non-null-assertion[22m[0m
ptah-cli: [0m  [2m280:12[22m  [33mwarning[39m  Forbidden non-null assertion                                                                              [2m@typescript-eslint/no-non-null-assertion[22m[0m
ptah-cli: [0m  [2m281:12[22m  [33mwarning[39m  Forbidden non-null assertion                                                                              [2m@typescript-eslint/no-non-null-assertion[22m[0m
ptah-cli: [0m  [2m294:12[22m  [33mwarning[39m  Forbidden non-null assertion                                                                              [2m@typescript-eslint/no-non-null-assertion[22m[0m
ptah-cli: [0m  [2m295:12[22m  [33mwarning[39m  Forbidden non-null assertion                                                                              [2m@typescript-eslint/no-non-null-assertion[22m[0m
ptah-cli: [0m  [2m323:12[22m  [33mwarning[39m  Forbidden non-null assertion                                                                              [2m@typescript-eslint/no-non-null-assertion[22m[0m
ptah-cli: [0m  [2m336:17[22m  [33mwarning[39m  Forbidden non-null assertion                                                                              [2m@typescript-eslint/no-non-null-assertion[22m[0m
ptah-cli: [0m[0m
ptah-cli: [0m[4mD:\projects\ptah-extension\apps\ptah-cli\tests\e2e\once-flag.e2e.spec.ts[24m[0m
ptah-cli: [0m  [2m63:42[22m  [33mwarning[39m  Forbidden non-null assertion  [2m@typescript-eslint/no-non-null-assertion[22m[0m
ptah-cli: [0m[0m
ptah-cli: [0m[4mD:\projects\ptah-extension\apps\ptah-cli\tests\e2e\permission-gates.e2e.spec.ts[24m[0m
ptah-cli: [0m   [2m98:12[22m  [33mwarning[39m  Forbidden non-null assertion  [2m@typescript-eslint/no-non-null-assertion[22m[0m
ptah-cli: [0m  [2m102:37[22m  [33mwarning[39m  Forbidden non-null assertion  [2m@typescript-eslint/no-non-null-assertion[22m[0m
ptah-cli: [0m  [2m119:12[22m  [33mwarning[39m  Forbidden non-null assertion  [2m@typescript-eslint/no-non-null-assertion[22m[0m
ptah-cli: [0m  [2m120:37[22m  [33mwarning[39m  Forbidden non-null assertion  [2m@typescript-eslint/no-non-null-assertion[22m[0m
ptah-cli: [0m[0m
ptah-cli: [0m[4mD:\projects\ptah-extension\apps\ptah-cli\tests\e2e\skill-synthesis.e2e.spec.ts[24m[0m
ptah-cli: [0m   [2m32:1[22m   [33mwarning[39m  Unused eslint-disable directive (no problems were reported from '@typescript-eslint/no-require-imports')[0m
ptah-cli: [0m  [2m190:19[22m  [33mwarning[39m  Forbidden non-null assertion                                                                              [2m@typescript-eslint/no-non-null-assertion[22m[0m
ptah-cli: [0m  [2m191:19[22m  [33mwarning[39m  Forbidden non-null assertion                                                                              [2m@typescript-eslint/no-non-null-assertion[22m[0m
ptah-cli: [0m  [2m192:19[22m  [33mwarning[39m  Forbidden non-null assertion                                                                              [2m@typescript-eslint/no-non-null-assertion[22m[0m
ptah-cli: [0m  [2m229:26[22m  [33mwarning[39m  Forbidden non-null assertion                                                                              [2m@typescript-eslint/no-non-null-assertion[22m[0m
ptah-cli: [0m  [2m230:17[22m  [33mwarning[39m  Forbidden non-null assertion                                                                              [2m@typescript-eslint/no-non-null-assertion[22m[0m
ptah-cli: [0m  [2m291:12[22m  [33mwarning[39m  Forbidden non-null assertion                                                                              [2m@typescript-eslint/no-non-null-assertion[22m[0m
ptah-cli: [0m  [2m348:12[22m  [33mwarning[39m  Forbidden non-null assertion                                                                              [2m@typescript-eslint/no-non-null-assertion[22m[0m
ptah-cli: [0m  [2m360:25[22m  [33mwarning[39m  Forbidden non-null assertion                                                                              [2m@typescript-eslint/no-non-null-assertion[22m[0m
ptah-cli: [0m[0m
ptah-cli: [0m[33m[1m✖ 126 problems (0 errors, 126 warnings)[22m[39m[0m
ptah-cli: [0m[33m[1m[22m[39m[33m[1m  0 errors and 4 warnings potentially fixable with the `--fix` option.[22m[39m[0m
ptah-cli: [0m[33m[1m[22m[39m[0m
ptah-cli: ✖ 126 problems (0 errors, 126 warnings)
ptah-cli:   0 errors and 4 warnings are potentially fixable with the `--fix` option.

> nx run ptah-video-studio:typecheck


> nx run @ptah-extension/webview-e2e-harness:lint

@ptah-extension/webview-e2e-harness: (node:26960) Warning: The 'NO_COLOR' env is ignored due to the 'FORCE_COLOR' env 
being set.
@ptah-extension/webview-e2e-harness: (Use `node --trace-warnings ...` to show where the warning was created)
@ptah-extension/webview-e2e-harness: Linting "@ptah-extension/webview-e2e-harness"...
ptah-cli: {"error":"internal_failure","message":"Invalid session:stats-batch params 
(sessionIds)","command":"session.stats"}
ptah-cli: [ptah] proxy listening on http://127.0.0.1:47331
ptah-cli: [ptah] proxy listening on http://127.0.0.1:47331
@ptah-extension/webview-e2e-harness: [0m[0m
@ptah-extension/webview-e2e-harness: [0m[4mD:\projects\ptah-extension\libs\frontend\webview-e2e-harness\src\lib\scenarios\chat\awaiting-background.e2e.spec.ts[24m[0m
@ptah-extension/webview-e2e-harness: [0m  [2m42:18[22m  [33mwarning[39m  Forbidden non-null assertion  [2m@typescript-eslint/no-non-null-assertion[22m[0m
@ptah-extension/webview-e2e-harness: [0m  [2m45:19[22m  [33mwarning[39m  Forbidden non-null assertion  [2m@typescript-eslint/no-non-null-assertion[22m[0m
@ptah-extension/webview-e2e-harness: [0m  [2m48:23[22m  [33mwarning[39m  Forbidden non-null assertion  [2m@typescript-eslint/no-non-null-assertion[22m[0m
@ptah-extension/webview-e2e-harness: [0m  [2m51:19[22m  [33mwarning[39m  Forbidden non-null assertion  [2m@typescript-eslint/no-non-null-assertion[22m[0m
@ptah-extension/webview-e2e-harness: [0m[0m
@ptah-extension/webview-e2e-harness: [0m[4mD:\projects\ptah-extension\libs\frontend\webview-e2e-harness\src\lib\scenarios\chat\error-recovery.e2e.spec.ts[24m[0m
@ptah-extension/webview-e2e-harness: [0m  [2m33:25[22m  [33mwarning[39m  Forbidden non-null assertion  [2m@typescript-eslint/no-non-null-assertion[22m[0m
@ptah-extension/webview-e2e-harness: [0m  [2m36:26[22m  [33mwarning[39m  Forbidden non-null assertion  [2m@typescript-eslint/no-non-null-assertion[22m[0m
@ptah-extension/webview-e2e-harness: [0m  [2m39:25[22m  [33mwarning[39m  Forbidden non-null assertion  [2m@typescript-eslint/no-non-null-assertion[22m[0m
@ptah-extension/webview-e2e-harness: [0m  [2m42:24[22m  [33mwarning[39m  Forbidden non-null assertion  [2m@typescript-eslint/no-non-null-assertion[22m[0m
@ptah-extension/webview-e2e-harness: [0m  [2m45:23[22m  [33mwarning[39m  Forbidden non-null assertion  [2m@typescript-eslint/no-non-null-assertion[22m[0m
@ptah-extension/webview-e2e-harness: [0m[0m
@ptah-extension/webview-e2e-harness: [0m[4mD:\projects\ptah-extension\libs\frontend\webview-e2e-harness\src\lib\scenarios\chat\permission-prompt.e2e.spec.ts[24m[0m
@ptah-extension/webview-e2e-harness: [0m  [2m19:18[22m  [33mwarning[39m  Forbidden non-null assertion  [2m@typescript-eslint/no-non-null-assertion[22m[0m
@ptah-extension/webview-e2e-harness: [0m  [2m62:7[22m   [33mwarning[39m  Forbidden non-null assertion  [2m@typescript-eslint/no-non-null-assertion[22m[0m
@ptah-extension/webview-e2e-harness: [0m  [2m65:7[22m   [33mwarning[39m  Forbidden non-null assertion  [2m@typescript-eslint/no-non-null-assertion[22m[0m
@ptah-extension/webview-e2e-harness: [0m  [2m68:7[22m   [33mwarning[39m  Forbidden non-null assertion  [2m@typescript-eslint/no-non-null-assertion[22m[0m
@ptah-extension/webview-e2e-harness: [0m[0m
@ptah-extension/webview-e2e-harness: [0m[4mD:\projects\ptah-extension\libs\frontend\webview-e2e-harness\src\lib\scenarios\chat\prompt-input.e2e.spec.ts[24m[0m
@ptah-extension/webview-e2e-harness: [0m  [2m47:16[22m  [33mwarning[39m  Forbidden non-null assertion  [2m@typescript-eslint/no-non-null-assertion[22m[0m
@ptah-extension/webview-e2e-harness: [0m  [2m50:18[22m  [33mwarning[39m  Forbidden non-null assertion  [2m@typescript-eslint/no-non-null-assertion[22m[0m
@ptah-extension/webview-e2e-harness: [0m  [2m51:20[22m  [33mwarning[39m  Forbidden non-null assertion  [2m@typescript-eslint/no-non-null-assertion[22m[0m
@ptah-extension/webview-e2e-harness: [0m[0m
@ptah-extension/webview-e2e-harness: [0m[4mD:\projects\ptah-extension\libs\frontend\webview-e2e-harness\src\lib\scenarios\chat\response-render.e2e.spec.ts[24m[0m
@ptah-extension/webview-e2e-harness: [0m  [2m20:20[22m  [33mwarning[39m  Forbidden non-null assertion  [2m@typescript-eslint/no-non-null-assertion[22m[0m
@ptah-extension/webview-e2e-harness: [0m[0m
@ptah-extension/webview-e2e-harness: [0m[4mD:\projects\ptah-extension\libs\frontend\webview-e2e-harness\src\lib\scenarios\chat\streaming-response.e2e.spec.ts[24m[0m
@ptah-extension/webview-e2e-harness: [0m   [2m26:17[22m  [33mwarning[39m  Forbidden non-null assertion  [2m@typescript-eslint/no-non-null-assertion[22m[0m
@ptah-extension/webview-e2e-harness: [0m   [2m29:18[22m  [33mwarning[39m  Forbidden non-null assertion  [2m@typescript-eslint/no-non-null-assertion[22m[0m
@ptah-extension/webview-e2e-harness: [0m   [2m32:20[22m  [33mwarning[39m  Forbidden non-null assertion  [2m@typescript-eslint/no-non-null-assertion[22m[0m
@ptah-extension/webview-e2e-harness: [0m  [2m102:20[22m  [33mwarning[39m  Forbidden non-null assertion  [2m@typescript-eslint/no-non-null-assertion[22m[0m
@ptah-extension/webview-e2e-harness: [0m[0m
@ptah-extension/webview-e2e-harness: [0m[4mD:\projects\ptah-extension\libs\frontend\webview-e2e-harness\src\lib\scenarios\chat\tool-call.e2e.spec.ts[24m[0m
@ptah-extension/webview-e2e-harness: [0m  [2m22:18[22m  [33mwarning[39m  Forbidden non-null assertion  [2m@typescript-eslint/no-non-null-assertion[22m[0m
@ptah-extension/webview-e2e-harness: [0m  [2m47:22[22m  [33mwarning[39m  Forbidden non-null assertion  [2m@typescript-eslint/no-non-null-assertion[22m[0m
@ptah-extension/webview-e2e-harness: [0m  [2m51:19[22m  [33mwarning[39m  Forbidden non-null assertion  [2m@typescript-eslint/no-non-null-assertion[22m[0m
@ptah-extension/webview-e2e-harness: [0m  [2m66:17[22m  [33mwarning[39m  Forbidden non-null assertion  [2m@typescript-eslint/no-non-null-assertion[22m[0m
@ptah-extension/webview-e2e-harness: [0m[0m
@ptah-extension/webview-e2e-harness: [0m[33m[1m✖ 25 problems (0 errors, 25 warnings)[22m[39m[0m
@ptah-extension/webview-e2e-harness: [0m[33m[1m[22m[39m[0m
@ptah-extension/webview-e2e-harness: ✖ 25 problems (0 errors, 25 warnings)

> nx run ptah-landing-page-e2e:typecheck

ptah-cli: [ptah] withEngine: file-settings migration failed (non-fatal): unexpected token: Symbol(MigrationRunner)
ptah-cli: [ptah] withEngine: failed to resolve SdkPermissionHandler for auto-approve: 
permissionHandler.setPermissionLevel is not a function
ptah-cli: [ptah] withEngine: Thoth activation failed (non-fatal): unexpected token: Symbol(Logger)
ptah-cli: [ptah] withEngine: file-settings migration failed (non-fatal): unexpected token: Symbol(MigrationRunner)
ptah-cli: [ptah] withEngine: failed to resolve SdkPermissionHandler for auto-approve: 
permissionHandler.setPermissionLevel is not a function
ptah-cli: [ptah] withEngine: Thoth activation failed (non-fatal): unexpected token: Symbol(Logger)
ptah-cli: [ptah-mcp] starting (session=id-1, pid=37208, version=0.2.32)
ptah-cli: [ptah-mcp] ready (tools=mvp:8)
ptah-cli: [ptah-mcp] shut down (exit=0)
ptah-cli: [ptah-mcp] starting (session=id-1, pid=37208, version=0.2.32)
ptah-cli: [ptah-mcp] ready (tools=mvp:8)
ptah-cli: [ptah-mcp] shut down (exit=0)
ptah-cli: [ptah-mcp] starting (session=id-1, pid=37208, version=0.2.32)
ptah-cli: [ptah-mcp] ready (tools=mvp:8)
ptah-cli: [ptah-mcp] shut down (exit=0)
ptah-cli: [ptah-mcp] starting (session=id-1, pid=37208, version=0.2.32)
ptah-cli: [ptah-mcp] ready (tools=agent_spawn,agent_list)
ptah-cli: [ptah-mcp] shut down (exit=0)
ptah-cli: [ptah-mcp] starting (session=id-1, pid=37208, version=0.2.32)
ptah-cli: [ptah-mcp] ready (tools=mvp:8)
ptah-cli: [ptah-mcp] shut down (exit=0)
ptah-cli: [ptah-mcp] starting (session=id-1, pid=37208, version=0.2.32)
ptah-cli: [ptah-mcp] ready (tools=mvp:8)
ptah-cli: [ptah-mcp] shut down (exit=0)
ptah-cli: [ptah-mcp] starting (session=id-1, pid=37208, version=0.2.32)
ptah-cli: [ptah-mcp] ready (tools=mvp:8)
ptah-cli: [ptah-mcp] shut down (exit=0)
ptah-cli: [ptah-mcp] starting (session=id-1, pid=37208, version=0.2.32)
ptah-cli: [ptah-mcp] ready (tools=mvp:8)
ptah-cli: [ptah-mcp] shut down (exit=0)
ptah-cli: [ptah-mcp] starting (session=id-1, pid=37208, version=0.2.32)
ptah-cli: [ptah-mcp] ready (tools=mvp:8)
ptah-cli: [ptah-mcp] shut down (exit=0)
ptah-cli: [ptah-mcp] starting (session=id-1, pid=37208, version=0.2.32)
ptah-cli: [ptah-mcp] ready (tools=mvp:8)
ptah-cli: [ptah-mcp] shut down (exit=143)
ptah-cli: [ptah-mcp] starting (session=id-1, pid=37208, version=0.2.32)
ptah-cli: [ptah-mcp] ready (tools=mvp:8)
ptah-cli: [ptah-mcp] shut down (exit=130)
ptah-cli: [ptah-mcp] starting (session=id-1, pid=37208, version=0.2.32)
ptah-cli: [ptah-mcp] ready (tools=mvp:8)
ptah-cli: [ptah-mcp] shut down (exit=0)
ptah-cli: [ptah-mcp] starting (session=id-1, pid=37208, version=0.2.32)
ptah-cli: [ptah-mcp] ready (tools=agent_spawn,session_submit)
ptah-cli: [ptah-mcp] shut down (exit=0)
ptah-cli: [ptah-mcp] starting (session=id-1, pid=37208, version=0.2.32)
ptah-cli: [ptah-mcp] ready (tools=mvp:8)
ptah-cli: [ptah-mcp] shut down (exit=0)
ptah-cli: [ptah-mcp] starting (session=id-1, pid=37208, version=0.2.32)
ptah-cli: [ptah-mcp] ready (tools=mvp:8)
ptah-cli: [ptah-mcp] shut down (exit=0)
ptah-cli: [ptah-mcp] starting (session=id-1, pid=37208, version=0.2.32)
ptah-cli: [ptah-mcp] ready (tools=mvp:8)
ptah-cli: [ptah-mcp] shut down (exit=0)
ptah-cli: [ptah-mcp] starting (session=id-1, pid=37208, version=0.2.32)
ptah-cli: [ptah-mcp] ready (tools=mvp:8)
ptah-cli: [ptah-mcp] shut down (exit=0)

> nx run migration:typecheck

migration: (node:23412) Warning: The 'NO_COLOR' env is ignored due to the 'FORCE_COLOR' env being set.
migration: (Use `node --trace-warnings ...` to show where the warning was created)
ptah-cli: [33mA worker process has failed to exit gracefully and has been force exited. This is likely caused by 
tests leaking due to improper teardown. Try running with --detectOpenHandles to find leaks. Active timers can also 
cause this, ensure that .unref() was called on them.[39m
ptah-cli: [1mTest Suites: [22m[1m[33m1 skipped[39m[22m, [1m[32m67 passed[39m[22m, 67 of 68 total
ptah-cli: [1mTests:       [22m[1m[33m3 skipped[39m[22m, [1m[32m1020 passed[39m[22m, 1023 total
ptah-cli: [1mSnapshots:   [22m0 total
ptah-cli: [1mTime:[22m        98.293 s
ptah-cli: [2mRan all test suites[22m[2m.[22m

> nx run @ptah-extension/webview-e2e-harness:typecheck


> nx run di-lint:lint

@ptah-extension/webview-e2e-harness: (node:22616) Warning: The 'NO_COLOR' env is ignored due to the 'FORCE_COLOR' env being set.
@ptah-extension/webview-e2e-harness: (Use `node --trace-warnings ...` to show where the warning was created)
di-lint: (node:38548) Warning: The 'NO_COLOR' env is ignored due to the 'FORCE_COLOR' env being set.
di-lint: (Use `node --trace-warnings ...` to show where the warning was created)
di-lint: (node:39768) Warning: The 'NO_COLOR' env is ignored due to the 'FORCE_COLOR' env being set.
di-lint: (Use `node --trace-warnings ...` to show where the warning was created)

> nx run degradation-audit:lint

degradation-audit: (node:1880) Warning: The 'NO_COLOR' env is ignored due to the 'FORCE_COLOR' env being set.
degradation-audit: (Use `node --trace-warnings ...` to show where the warning was created)
degradation-audit: (node:38980) Warning: The 'NO_COLOR' env is ignored due to the 'FORCE_COLOR' env being set.
degradation-audit: (Use `node --trace-warnings ...` to show where the warning was created)
di-lint: di-lint OK: 1550 @inject sites all resolve to a registered token (702 tokens)

> nx run ptah-video-studio:lint

ptah-video-studio: (node:32336) Warning: The 'NO_COLOR' env is ignored due to the 'FORCE_COLOR' env being set.
ptah-video-studio: (Use `node --trace-warnings ...` to show where the warning was created)
ptah-video-studio: Linting "ptah-video-studio"...
degradation-audit: degradation-audit: scanned 2917 file(s)
degradation-audit:   apps/ptah-cli/src/cli/commands/analyze.ts:201 [catch-return-sentinel] catch swallows error and returns a literal
degradation-audit:   apps/ptah-cli/src/cli/commands/analyze.ts:218 [promise-catch-sentinel] .catch() handler swallows the rejection with a literal
degradation-audit:   apps/ptah-cli/src/cli/commands/doctor.ts:334 [catch-return-sentinel] catch swallows error and returns a literal
degradation-audit:   apps/ptah-cli/src/cli/commands/doctor.ts:414 [catch-return-sentinel] catch swallows error and returns a literal
degradation-audit:   apps/ptah-cli/src/cli/commands/harness-doctor.ts:179 [catch-return-sentinel] catch swallows error and returns a literal
degradation-audit:   apps/ptah-cli/src/cli/commands/harness.ts:315 [catch-return-sentinel] catch swallows error and returns a literal
degradation-audit:   apps/ptah-cli/src/cli/commands/init.ts:797 [catch-return-sentinel] catch swallows error and returns a literal
degradation-audit:   apps/ptah-cli/src/cli/commands/init.ts:813 [catch-return-sentinel] catch swallows error and returns a literal
degradation-audit:   apps/ptah-cli/src/cli/commands/proxy.ts:195 [catch-return-sentinel] catch swallows error and returns a literal
degradation-audit:   apps/ptah-cli/src/cli/commands/proxy.ts:227 [promise-catch-sentinel] .catch() handler swallows the rejection with a literal
degradation-audit:   apps/ptah-cli/src/cli/commands/proxy.ts:291 [promise-catch-sentinel] .catch() handler swallows the rejection with a literal
degradation-audit:   apps/ptah-cli/src/cli/commands/proxy.ts:309 [promise-catch-sentinel] .catch() handler swallows the rejection with a literal
degradation-audit:   apps/ptah-cli/src/cli/commands/proxy.ts:350 [promise-catch-sentinel] .catch() handler swallows the rejection with a literal
degradation-audit:   apps/ptah-cli/src/cli/commands/proxy.ts:408 [catch-return-sentinel] catch swallows error and returns a literal
degradation-audit:   apps/ptah-cli/src/cli/commands/quality.ts:182 [promise-catch-sentinel] .catch() handler swallows the rejection with a literal
degradation-audit:   apps/ptah-cli/src/cli/commands/session.ts:621 [promise-catch-sentinel] .catch() handler swallows the rejection with a literal
degradation-audit:   apps/ptah-cli/src/cli/commands/settings.ts:220 [promise-catch-sentinel] .catch() handler swallows the rejection with a literal
degradation-audit:   apps/ptah-cli/src/cli/commands/setup.ts:358 [catch-return-sentinel] catch swallows error and returns a literal
degradation-audit:   apps/ptah-cli/src/cli/commands/setup.ts:363 [promise-catch-sentinel] .catch() handler swallows the rejection with a literal
degradation-audit:   apps/ptah-cli/src/cli/commands/setup.ts:375 [catch-return-sentinel] catch swallows error and returns a literal
degradation-audit:   apps/ptah-cli/src/cli/commands/setup.ts:393 [promise-catch-sentinel] .catch() handler swallows the rejection with a literal
degradation-audit:   apps/ptah-cli/src/cli/commands/setup.ts:400 [promise-catch-sentinel] .catch() handler swallows the rejection with a literal
degradation-audit:   apps/ptah-cli/src/cli/jsonrpc/server.ts:200 [catch-return-sentinel] catch swallows error and returns a literal
degradation-audit:   apps/ptah-cli/src/cli/router.ts:129 [catch-return-sentinel] catch swallows error and returns a literal
degradation-audit:   apps/ptah-cli/src/services/proxy/anthropic-proxy.service.ts:358 [catch-return-sentinel] catch swallows error and returns a literal
degradation-audit:   apps/ptah-cli/src/services/proxy/anthropic-proxy.service.ts:389 [promise-catch-sentinel] .catch() handler swallows the rejection with a literal
degradation-audit:   apps/ptah-cli/src/services/proxy/proxy-registry.ts:163 [promise-catch-sentinel] .catch() handler swallows the rejection with a literal
degradation-audit:   apps/ptah-cli/src/services/proxy/proxy-registry.ts:216 [catch-return-sentinel] catch swallows error and returns a literal
degradation-audit:   apps/ptah-cli/src/services/proxy/workspace-mcp-collector.ts:147 [catch-return-sentinel] catch swallows error and returns a literal
degradation-audit:   apps/ptah-electron/src/config/build-identity.ts:30 [catch-return-sentinel] catch swallows error and returns a literal
degradation-audit:   apps/ptah-electron/src/ipc/ipc-bridge.ts:310 [floating-promise] bare call to async 'handleFireAndForgetMessage()' — not awaited, void-marked, or chained with .catch()
degradation-audit:   apps/ptah-electron/src/services/electron-browser-capabilities.ts:433 [floating-promise] bare call to async 'cleanup()' — not awaited, void-marked, or chained with .catch()
degradation-audit:   apps/ptah-electron/src/services/electron-browser-capabilities.ts:516 [floating-promise] bare call to async 'cleanup()' — not awaited, void-marked, or chained with .catch()
degradation-audit:   apps/ptah-extension-vscode/src/activation/plugin-activation.ts:145 [catch-return-sentinel] catch swallows error and returns a literal
degradation-audit:   apps/ptah-extension-vscode/src/activation/plugin-activation.ts:243 [catch-return-sentinel] catch swallows error and returns a literal
degradation-audit:   apps/ptah-extension-vscode/src/activation/plugin-activation.ts:265 [catch-return-sentinel] catch swallows error and returns a literal
degradation-audit:   apps/ptah-extension-vscode/src/rpc-host-profile.ts:51 [catch-return-sentinel] catch swallows error and returns a literal
degradation-audit:   apps/ptah-extension-vscode/src/services/platform/vscode-model-discovery.ts:25 [catch-return-sentinel] catch swallows error and returns a literal
degradation-audit:   apps/ptah-extension-vscode/src/services/platform/vscode-model-discovery.ts:40 [catch-return-sentinel] catch swallows error and returns a literal
degradation-audit:   apps/ptah-extension-vscode/src/services/platform/vscode-platform-auth.ts:30 [catch-return-sentinel] catch swallows error and returns a literal
degradation-audit:   apps/ptah-extension-vscode/src/services/webview-html-generator.ts:522 [catch-return-sentinel] catch swallows error and returns a literal
degradation-audit:   apps/ptah-tui/src/hooks/use-rpc.ts:37 [catch-return-sentinel] catch swallows error and returns a literal
degradation-audit:   libs/api/admin/src/lib/admin.service.ts:423 [catch-return-sentinel] catch swallows error and returns a literal
degradation-audit:   libs/api/community/src/lib/circle/circle.provider.ts:196 [catch-return-sentinel] catch swallows error and returns a literal
degradation-audit:   libs/api/community/src/lib/google-sessions/google-calendar.provider.ts:330 [catch-return-sentinel] catch swallows error and returns a literal
degradation-audit:   libs/api/community/src/lib/google-sessions/members.controller.ts:110 [catch-return-sentinel] catch swallows error and returns a literal
degradation-audit:   libs/api/community/src/lib/google-sessions/sessions.service.ts:126 [catch-return-sentinel] catch swallows error and returns a literal
degradation-audit:   libs/api/community/src/lib/google-sessions/sessions.service.ts:147 [catch-return-sentinel] catch swallows error and returns a literal
degradation-audit:   libs/api/identity/src/lib/services/workos/workos-user.service.ts:185 [catch-return-sentinel] catch swallows error and returns a literal
degradation-audit:   libs/api/licensing/src/lib/auth-endpoints/auth.controller.ts:175 [catch-return-sentinel] catch swallows error and returns a literal
degradation-audit:   libs/api/licensing/src/lib/license/controllers/license.controller.ts:68 [catch-return-sentinel] catch swallows error and returns a literal
degradation-audit:   libs/api/marketing/src/lib/marketing/services/marketing.service.ts:372 [catch-return-sentinel] catch swallows error and returns a literal
degradation-audit:   libs/api/marketing/src/lib/marketing/services/unsubscribe-token.service.ts:76 [catch-return-sentinel] catch swallows error and returns a literal
degradation-audit:   libs/api/member-hub/src/lib/member-hub.service.ts:186 [catch-return-sentinel] catch swallows error and returns a literal
degradation-audit:   libs/api/member-hub/src/lib/sections/sessions.section.ts:188 [catch-return-sentinel] catch swallows error and returns a literal
degradation-audit:   libs/api/member-hub/src/lib/sections/sessions.section.ts:232 [catch-return-sentinel] catch swallows error and returns a literal
degradation-audit:   libs/api/membership/src/lib/cohort-resolver.service.ts:58 [catch-return-sentinel] catch swallows error and returns a literal
degradation-audit:   libs/api/youtube/src/lib/extract-video-id.ts:154 [catch-return-sentinel] catch swallows error and returns a literal
degradation-audit:   libs/api/youtube/src/lib/youtube-metadata.provider.ts:300 [catch-return-sentinel] catch swallows error and returns a literal
degradation-audit:   libs/backend/agent-generation/src/lib/services/user-layer/user-layer-mirror.service.ts:1845 [catch-return-sentinel] catch swallows error and returns a literal
degradation-audit:   libs/backend/agent-sdk/src/lib/helpers/subagent-message-dispatcher.ts:424 [catch-return-sentinel] catch swallows error and returns a literal
degradation-audit:   libs/backend/agent-sdk/src/lib/sdk-transcript-reader.adapter.ts:40 [catch-return-sentinel] catch swallows error and returns a literal
degradation-audit:   libs/backend/agent-sdk/src/lib/session-importer.service.ts:732 [catch-return-sentinel] catch swallows error and returns a literal
degradation-audit:   libs/backend/agent-sdk/src/lib/settings-export.service.ts:96 [catch-return-sentinel] catch swallows error and returns a literal
degradation-audit:   libs/backend/auth-providers/src/lib/auth/provider-proxy-pool.ts:217 [catch-return-sentinel] catch swallows error and returns a literal
degradation-audit:   libs/backend/auth-providers/src/lib/auth/provider-proxy-pool.ts:338 [catch-return-sentinel] catch swallows error and returns a literal
degradation-audit:   libs/backend/auth-providers/src/lib/auth/workspace-provider-profile-resolver.ts:144 [catch-return-sentinel] catch swallows error and returns a literal
degradation-audit:   libs/backend/auth-providers/src/lib/providers/codex/codex-auth.service.ts:232 [catch-return-sentinel] catch swallows error and returns a literal
degradation-audit:   libs/backend/auth-providers/src/lib/providers/codex/codex-auth.service.ts:341 [catch-return-sentinel] catch swallows error and returns a literal
degradation-audit:   libs/backend/auth-providers/src/lib/providers/codex/codex-auth.service.ts:470 [catch-return-sentinel] catch swallows error and returns a literal
degradation-audit:   libs/backend/auth-providers/src/lib/providers/codex/codex-auth.service.ts:579 [catch-return-sentinel] catch swallows error and returns a literal
degradation-audit:   libs/backend/auth-providers/src/lib/providers/codex/codex-auth.service.ts:610 [catch-return-sentinel] catch swallows error and returns a literal
degradation-audit:   libs/backend/auth-providers/src/lib/providers/copilot/copilot-auth.service.ts:176 [catch-return-sentinel] catch swallows error and returns a literal
degradation-audit:   libs/backend/auth-providers/src/lib/providers/copilot/copilot-auth.service.ts:358 [catch-return-sentinel] catch swallows error and returns a literal
degradation-audit:   libs/backend/auth-providers/src/lib/providers/copilot/copilot-auth.service.ts:654 [catch-return-sentinel] catch swallows error and returns a literal
degradation-audit:   libs/backend/auth-providers/src/lib/providers/copilot/copilot-file-auth.ts:91 [catch-return-sentinel] catch swallows error and returns a literal
degradation-audit:   libs/backend/auth-providers/src/lib/providers/copilot/copilot-file-auth.ts:135 [catch-return-sentinel] catch swallows error and returns a literal
degradation-audit:   libs/backend/auth-providers/src/lib/providers/copilot/vscode-copilot-auth.service.ts:170 [catch-return-sentinel] catch swallows error and returns a literal
degradation-audit:   libs/backend/auth-providers/src/lib/providers/local/local-model-translation-proxy.ts:165 [catch-return-sentinel] catch swallows error and returns a literal
degradation-audit:   libs/backend/auth-providers/src/lib/providers/local/ollama-cloud-metadata.service.ts:290 [catch-return-sentinel] catch swallows error and returns a literal
degradation-audit:   libs/backend/auth-providers/src/lib/providers/local/ollama-cloud-metadata.service.ts:546 [promise-catch-sentinel] .catch() handler swallows the rejection with a literal
degradation-audit:   libs/backend/auth-providers/src/lib/providers/local/ollama-model-discovery.service.ts:528 [catch-return-sentinel] catch swallows error and returns a literal
degradation-audit:   libs/backend/auth-providers/src/lib/providers/openrouter/openrouter-pricing.service.ts:213 [promise-catch-sentinel] .catch() handler swallows the rejection with a literal
degradation-audit:   libs/backend/auth-providers/src/lib/translation/responses-stream-collector.ts:191 [catch-return-sentinel] catch swallows error and returns a literal
degradation-audit:   libs/backend/auth-providers/src/lib/translation/translation-proxy-base.ts:353 [catch-return-sentinel] catch swallows error and returns a literal
degradation-audit:   libs/backend/auth-providers/src/lib/translation/translation-proxy-base.ts:652 [catch-return-sentinel] catch swallows error and returns a literal
degradation-audit:   libs/backend/auth-providers/src/lib/translation/translation-proxy-base.ts:708 [promise-catch-sentinel] .catch(reject) — identifier not declared in this file; flagged for triage, could not verify it logs or rethrows
degradation-audit:   libs/backend/auth-providers/src/lib/translation/translation-proxy-helpers.ts:128 [catch-return-sentinel] catch swallows error and returns a literal
degradation-audit:   libs/backend/cli-engine/src/lib/adapters/cli-adapters.ts:263 [catch-return-sentinel] catch swallows error and returns a literal
degradation-audit:   libs/backend/cli-engine/src/lib/bootstrap/harness-boot.ts:170 [catch-return-sentinel] catch swallows error and returns a literal
degradation-audit:   libs/backend/cli-engine/src/lib/bootstrap/harness-boot.ts:195 [catch-return-sentinel] catch swallows error and returns a literal
degradation-audit:   libs/backend/cli-engine/src/lib/bootstrap/harness-boot.ts:216 [catch-return-sentinel] catch swallows error and returns a literal
degradation-audit:   libs/backend/cli-engine/src/lib/bootstrap/thoth-runtime.ts:216 [catch-return-sentinel] catch swallows error and returns a literal
degradation-audit:   libs/backend/cli-engine/src/lib/bootstrap/with-engine.ts:525 [catch-return-sentinel] catch swallows error and returns a literal
degradation-audit:   libs/backend/cli-engine/src/lib/output/stderr-json.ts:58 [catch-return-sentinel] catch swallows error and returns a literal
degradation-audit:   libs/backend/cli-engine/src/lib/platform/cli-platform-auth.ts:92 [catch-return-sentinel] catch swallows error and returns a literal
degradation-audit:   libs/backend/cli-engine/src/lib/platform/cli-platform-commands.ts:241 [promise-catch-sentinel] .catch() handler swallows the rejection with a literal
degradation-audit:   libs/backend/cli-engine/src/lib/platform/cli-save-dialog.ts:33 [catch-return-sentinel] catch swallows error and returns a literal
degradation-audit:   libs/backend/cli-engine/src/lib/thoth/cli-skill-repropagation.ts:92 [catch-return-sentinel] catch swallows error and returns a literal
degradation-audit:   libs/backend/cli-engine/src/lib/thoth/cli-token-vault.ts:67 [catch-return-sentinel] catch swallows error and returns a literal
degradation-audit:   libs/backend/cron-scheduler/src/lib/cron-scheduler.ts:242 [catch-return-sentinel] catch swallows error and returns a literal
degradation-audit:   libs/backend/cron-scheduler/src/lib/job-runner.ts:137 [catch-return-sentinel] catch swallows error and returns a literal
degradation-audit:   libs/backend/gateway-chat-bridge/src/lib/gateway-chat-bridge.ts:249 [catch-return-sentinel] catch swallows error and returns a literal
degradation-audit:   libs/backend/gateway-chat-bridge/src/lib/gateway-chat-bridge.ts:331 [promise-catch-sentinel] .catch() handler swallows the rejection with a literal
degradation-audit:   libs/backend/gateway-chat-bridge/src/lib/gateway-chat-bridge.ts:592 [promise-catch-sentinel] .catch() handler swallows the rejection with a literal
degradation-audit:   libs/backend/gateway-chat-bridge/src/lib/gateway-chat-bridge.ts:670 [catch-return-sentinel] catch swallows error and returns a literal
degradation-audit:   libs/backend/harness-sync/src/lib/manifest/harness-manifest.builder.ts:390 [catch-return-sentinel] catch swallows error and returns a literal
degradation-audit:   libs/backend/harness-sync/src/lib/manifest/harness-manifest.builder.ts:530 [catch-return-sentinel] catch swallows error and returns a literal
degradation-audit:   libs/backend/harness-sync/src/lib/sources/plugin-config-source-resolver.ts:189 [catch-return-sentinel] catch swallows error and returns a literal
degradation-audit:   libs/backend/harness-sync/src/lib/targets/mcp/codex-toml-mcp-facet.ts:183 [catch-return-sentinel] catch swallows error and returns a literal
degradation-audit:   libs/backend/harness-sync/src/lib/targets/mcp/json-mcp-facet.ts:172 [catch-return-sentinel] catch swallows error and returns a literal
degradation-audit:   libs/backend/harness-sync/src/lib/targets/workspace-target.ts:413 [catch-return-sentinel] catch swallows error and returns a literal
degradation-audit:   libs/backend/memory-curator/src/lib/code-symbol.store.ts:372 [catch-return-sentinel] catch swallows error and returns a literal
degradation-audit:   libs/backend/memory-curator/src/lib/code-symbol.store.ts:491 [catch-return-sentinel] catch swallows error and returns a literal
degradation-audit:   libs/backend/memory-curator/src/lib/control/indexing-control.service.ts:331 [catch-return-sentinel] catch swallows error and returns a literal
degradation-audit:   libs/backend/memory-curator/src/lib/control/indexing-control.service.ts:517 [catch-return-sentinel] catch swallows error and returns a literal
degradation-audit:   libs/backend/memory-curator/src/lib/curator-llm/curator-job-queue.ts:154 [catch-return-sentinel] catch swallows error and returns a literal
degradation-audit:   libs/backend/memory-curator/src/lib/curator-llm/transcript-windows.ts:130 [catch-return-sentinel] catch swallows error and returns a literal
degradation-audit:   libs/backend/memory-curator/src/lib/knowledge-agents/corpus.store.ts:67 [catch-return-sentinel] catch swallows error and returns a literal
degradation-audit:   libs/backend/memory-curator/src/lib/memory-curator.service.ts:767 [catch-return-sentinel] catch swallows error and returns a literal
degradation-audit:   libs/backend/memory-curator/src/lib/memory-search.service.ts:153 [catch-return-sentinel] catch swallows error and returns a literal
degradation-audit:   libs/backend/memory-curator/src/lib/memory-search.service.ts:408 [catch-return-sentinel] catch swallows error and returns a literal
degradation-audit:   libs/backend/memory-curator/src/lib/memory-search.service.ts:826 [catch-return-sentinel] catch swallows error and returns a literal
degradation-audit:   libs/backend/memory-curator/src/lib/memory-search.service.ts:851 [catch-return-sentinel] catch swallows error and returns a literal
degradation-audit:   libs/backend/memory-curator/src/lib/memory-search.service.ts:891 [catch-return-sentinel] catch swallows error and returns a literal
degradation-audit:   libs/backend/memory-curator/src/lib/memory.store.ts:86 [catch-return-sentinel] catch swallows error and returns a literal
degradation-audit:   libs/backend/memory-curator/src/lib/memory.store.ts:315 [catch-return-sentinel] catch swallows error and returns a literal
degradation-audit:   libs/backend/memory-curator/src/lib/observation-queue.store.ts:416 [catch-return-sentinel] catch swallows error and returns a literal
degradation-audit:   libs/backend/memory-curator/src/lib/observation-queue.store.ts:433 [catch-return-sentinel] catch swallows error and returns a literal
degradation-audit:   libs/backend/memory-curator/src/lib/triggers/boot-scan-runner.ts:256 [catch-return-sentinel] catch swallows error and returns a literal
degradation-audit:   libs/backend/memory-curator/src/lib/triggers/memory-trigger.service.ts:1206 [catch-return-sentinel] catch swallows error and returns a literal
degradation-audit:   libs/backend/memory-curator/src/lib/workspace-fingerprint.ts:111 [catch-return-sentinel] catch swallows error and returns a literal
degradation-audit:   libs/backend/messaging-gateway/src/lib/adapter-lifecycle.service.ts:389 [catch-return-sentinel] catch swallows error and returns a literal
degradation-audit:   libs/backend/messaging-gateway/src/lib/adapter-lifecycle.service.ts:424 [catch-return-sentinel] catch swallows error and returns a literal
degradation-audit:   libs/backend/messaging-gateway/src/lib/adapters/discord/discord-command-registration.ts:278 [catch-return-sentinel] catch swallows error and returns a literal
degradation-audit:   libs/backend/messaging-gateway/src/lib/adapters/discord/discord-command-registration.ts:286 [catch-return-sentinel] catch swallows error and returns a literal
degradation-audit:   libs/backend/messaging-gateway/src/lib/commands/gateway-command.service.ts:165 [catch-return-sentinel] catch swallows error and returns a literal
degradation-audit:   libs/backend/messaging-gateway/src/lib/session-resumability.ts:39 [catch-return-sentinel] catch swallows error and returns a literal
degradation-audit:   libs/backend/output-styles/src/lib/claude-settings.writer.ts:348 [catch-return-sentinel] catch swallows error and returns a literal
degradation-audit:   libs/backend/output-styles/src/lib/claude-settings.writer.ts:370 [catch-return-sentinel] catch swallows error and returns a literal
degradation-audit:   libs/backend/output-styles/src/lib/output-style-discovery.service.ts:150 [catch-return-sentinel] catch swallows error and returns a literal
degradation-audit:   libs/backend/output-styles/src/lib/output-style-file.writer.ts:377 [catch-return-sentinel] catch swallows error and returns a literal
degradation-audit:   libs/backend/output-styles/src/lib/output-style-file.writer.ts:404 [catch-return-sentinel] catch swallows error and returns a literal
degradation-audit:   libs/backend/output-styles/src/lib/output-style-file.writer.ts:461 [catch-return-sentinel] catch swallows error and returns a literal
degradation-audit:   libs/backend/output-styles/src/lib/output-style-file.writer.ts:499 [catch-return-sentinel] catch swallows error and returns a literal
degradation-audit:   libs/backend/output-styles/src/lib/output-style-selection.ts:105 [catch-return-sentinel] catch swallows error and returns a literal
degradation-audit:   libs/backend/persistence-sqlite/src/lib/backup.service.ts:466 [catch-return-sentinel] catch swallows error and returns a literal
degradation-audit:   libs/backend/persistence-sqlite/src/lib/integrity/db-worker-runner.ts:145 [catch-return-sentinel] catch swallows error and returns a literal
degradation-audit:   libs/backend/persistence-sqlite/src/lib/integrity/integrity-check-state.store.ts:105 [catch-return-sentinel] catch swallows error and returns a literal
degradation-audit:   libs/backend/persistence-sqlite/src/lib/integrity/integrity-check.service.ts:167 [catch-return-sentinel] catch swallows error and returns a literal
degradation-audit:   libs/backend/persistence-sqlite/src/lib/sqlite-connection.service.ts:763 [catch-return-sentinel] catch swallows error and returns a literal
degradation-audit:   libs/backend/platform-cli/src/implementations/cli-file-system-provider.ts:78 [catch-return-sentinel] catch swallows error and returns a literal
degradation-audit:   libs/backend/platform-cli/src/implementations/cli-secret-storage.ts:159 [catch-return-sentinel] catch swallows error and returns a literal
degradation-audit:   libs/backend/platform-cli/src/implementations/cli-user-interaction.ts:69 [catch-return-sentinel] catch swallows error and returns a literal
degradation-audit:   libs/backend/platform-core/src/agent-pack-download.service.ts:399 [promise-catch-sentinel] .catch() handler swallows the rejection with a literal
degradation-audit:   libs/backend/platform-core/src/content-download.service.ts:152 [catch-return-sentinel] catch swallows error and returns a literal
degradation-audit:   libs/backend/platform-core/src/content-download.service.ts:601 [catch-return-sentinel] catch swallows error and returns a literal
degradation-audit:   libs/backend/platform-core/src/file-settings-manager.ts:261 [catch-return-sentinel] catch swallows error and returns a literal
degradation-audit:   libs/backend/platform-core/src/file-settings-manager.ts:421 [catch-return-sentinel] catch swallows error and returns a literal
degradation-audit:   libs/backend/platform-core/src/file-settings-manager.ts:465 [catch-return-sentinel] catch swallows error and returns a literal
degradation-audit:   libs/backend/platform-core/src/file-settings-manager.ts:619 [catch-return-sentinel] catch swallows error and returns a literal
degradation-audit:   libs/backend/platform-electron/src/implementations/electron-file-system-provider.ts:76 [catch-return-sentinel] catch swallows error and returns a literal
degradation-audit:   libs/backend/platform-electron/src/implementations/electron-user-interaction.ts:93 [catch-return-sentinel] catch swallows error and returns a literal
degradation-audit:   libs/backend/platform-electron/src/settings/electron-master-key-provider.ts:202 [catch-return-sentinel] catch swallows error and returns a literal
degradation-audit:   libs/backend/platform-electron/src/settings/machine-seed-key.ts:116 [catch-return-sentinel] catch swallows error and returns a literal
degradation-audit:   libs/backend/platform-vscode/src/implementations/vscode-file-system-provider.ts:93 [catch-return-sentinel] catch swallows error and returns a literal
degradation-audit:   libs/backend/plugin-marketplace/src/lib/install/external-plugin-installer.service.ts:233 [promise-catch-sentinel] .catch() handler swallows the rejection with a literal
degradation-audit:   libs/backend/plugin-marketplace/src/lib/install/external-plugin-installer.service.ts:634 [catch-return-sentinel] catch swallows error and returns a literal
degradation-audit:   libs/backend/rpc-handlers/src/lib/handlers/agent-rpc.handlers.ts:942 [catch-return-sentinel] catch swallows error and returns a literal
degradation-audit:   libs/backend/settings-core/src/encryption/secrets-file-store.ts:123 [catch-return-sentinel] catch swallows error and returns a literal
degradation-audit:   libs/backend/settings-core/src/migrations/v2-migration.ts:39 [catch-return-sentinel] catch swallows error and returns a literal
degradation-audit:   libs/backend/settings-core/src/migrations/v3-migration.ts:62 [catch-return-sentinel] catch swallows error and returns a literal
degradation-audit:   libs/backend/settings-core/src/migrations/v4-migration.ts:25 [catch-return-sentinel] catch swallows error and returns a literal
degradation-audit:   libs/backend/settings-core/src/scope/workspace-scope-resolver.ts:29 [catch-return-sentinel] catch swallows error and returns a literal
degradation-audit:   libs/backend/skill-synthesis/src/lib/skill-curator.service.ts:860 [catch-return-sentinel] catch swallows error and returns a literal
degradation-audit:   libs/backend/skill-synthesis/src/lib/skill-enhancer.service.ts:1118 [catch-return-sentinel] catch swallows error and returns a literal
degradation-audit:   libs/backend/skill-synthesis/src/lib/skill-suggestion.store.ts:219 [catch-return-sentinel] catch swallows error and returns a literal
degradation-audit:   libs/backend/skill-synthesis/src/lib/skill-synthesis.service.ts:853 [catch-return-sentinel] catch swallows error and returns a literal
degradation-audit:   libs/backend/skill-synthesis/src/lib/skill-synthesis.service.ts:883 [catch-return-sentinel] catch swallows error and returns a literal
degradation-audit:   libs/backend/skill-synthesis/src/lib/skill-synthesis.service.ts:1091 [catch-return-sentinel] catch swallows error and returns a literal
degradation-audit:   libs/backend/task-specs/src/lib/task-doctor.service.ts:716 [catch-return-sentinel] catch swallows error and returns a literal
degradation-audit:   libs/backend/task-specs/src/lib/task-doctor.service.ts:840 [catch-return-sentinel] catch swallows error and returns a literal
degradation-audit:   libs/backend/task-specs/src/lib/task-index.service.ts:352 [catch-return-sentinel] catch swallows error and returns a literal
degradation-audit:   libs/backend/task-specs/src/lib/task-index.service.ts:384 [catch-return-sentinel] catch swallows error and returns a literal
degradation-audit:   libs/backend/task-specs/src/lib/task-index.service.ts:422 [catch-return-sentinel] catch swallows error and returns a literal
degradation-audit:   libs/backend/task-specs/src/lib/task-index.service.ts:580 [catch-return-sentinel] catch swallows error and returns a literal
degradation-audit:   libs/backend/task-specs/src/lib/task-index.service.ts:592 [catch-return-sentinel] catch swallows error and returns a literal
degradation-audit:   libs/backend/task-specs/src/lib/task-index.store.ts:445 [catch-return-sentinel] catch swallows error and returns a literal
degradation-audit:   libs/backend/task-specs/src/lib/task-index.store.ts:454 [catch-return-sentinel] catch swallows error and returns a literal
degradation-audit:   libs/backend/task-specs/src/lib/task-sweep.service.ts:148 [catch-return-sentinel] catch swallows error and returns a literal
degradation-audit:   libs/backend/task-specs/src/lib/task-writer.service.ts:827 [catch-return-sentinel] catch swallows error and returns a literal
degradation-audit:   libs/backend/voice-providers/src/lib/local/model-paths.ts:16 [catch-return-sentinel] catch swallows error and returns a literal
degradation-audit:   libs/backend/voice-providers/src/lib/voice-secret-store.ts:51 [catch-return-sentinel] catch swallows error and returns a literal
degradation-audit:   libs/backend/voice-providers/src/lib/worker/ffmpeg-decode.ts:116 [promise-catch-sentinel] .catch() handler swallows the rejection with a literal
degradation-audit:   libs/backend/vscode-lm-tools/src/lib/code-execution/namespace-builders/analysis-namespace.builders.ts:364 [catch-return-sentinel] catch swallows error and returns a literal
degradation-audit:   libs/backend/vscode-lm-tools/src/lib/code-execution/namespace-builders/analysis-namespace.builders.ts:376 [catch-return-sentinel] catch swallows error and returns a literal
degradation-audit:   libs/backend/workspace-intelligence/src/context/context.service.ts:789 [catch-return-sentinel] catch swallows error and returns a literal
degradation-audit:   libs/frontend/chat-state/src/lib/conversation-registry.service.ts:338 [catch-return-sentinel] catch swallows error and returns a literal
degradation-audit:   libs/frontend/chat-state/src/lib/tab-workspace-partition.service.ts:513 [catch-return-sentinel] catch swallows error and returns a literal
degradation-audit:   libs/frontend/chat-streaming/src/lib/accumulator-core.service.ts:193 [catch-return-sentinel] catch swallows error and returns a literal
degradation-audit:   libs/frontend/chat-streaming/src/lib/agent-output-retention.ts:618 [catch-return-sentinel] catch swallows error and returns a literal
degradation-audit:   libs/frontend/chat-ui/src/lib/molecules/setup-plugins/mcp-directory-browser.component.ts:659 [catch-return-sentinel] catch swallows error and returns a literal
degradation-audit:   libs/frontend/chat-ui/src/lib/molecules/setup-plugins/mcp-directory-browser.component.ts:726 [catch-return-sentinel] catch swallows error and returns a literal
degradation-audit:   libs/frontend/chat-ui/src/lib/molecules/setup-plugins/mcp-directory-browser.component.ts:767 [catch-return-sentinel] catch swallows error and returns a literal
degradation-audit:   libs/frontend/chat-ui/src/lib/molecules/setup-plugins/mcp-directory-browser.component.ts:938 [catch-return-sentinel] catch swallows error and returns a literal
degradation-audit:   libs/frontend/chat-ui/src/lib/molecules/setup-plugins/mcp-directory-browser.component.ts:962 [catch-return-sentinel] catch swallows error and returns a literal
degradation-audit:   libs/frontend/chat-ui/src/lib/molecules/setup-plugins/mcp-directory-browser.component.ts:989 [catch-return-sentinel] catch swallows error and returns a literal
degradation-audit:   libs/frontend/chat-ui/src/lib/molecules/setup-plugins/plugin-browser-modal.component.ts:1132 [promise-catch-sentinel] .catch() handler swallows the rejection with a literal
degradation-audit:   libs/frontend/chat-ui/src/lib/molecules/setup-plugins/skill-sh-browser.component.ts:520 [catch-return-sentinel] catch swallows error and returns a literal
degradation-audit:   libs/frontend/chat-ui/src/lib/molecules/setup-plugins/skill-sh-browser.component.ts:550 [catch-return-sentinel] catch swallows error and returns a literal
degradation-audit:   libs/frontend/chat-ui/src/lib/molecules/setup-plugins/skill-sh-browser.component.ts:578 [catch-return-sentinel] catch swallows error and returns a literal
degradation-audit:   libs/frontend/chat-ui/src/lib/molecules/setup-plugins/skill-sh-browser.component.ts:645 [catch-return-sentinel] catch swallows error and returns a literal
degradation-audit:   libs/frontend/chat-ui/src/lib/molecules/setup-plugins/skill-sh-browser.component.ts:665 [catch-return-sentinel] catch swallows error and returns a literal
degradation-audit:   libs/frontend/chat-ui/src/lib/molecules/setup-plugins/skill-sh-browser.component.ts:685 [catch-return-sentinel] catch swallows error and returns a literal
degradation-audit:   libs/frontend/chat-ui/src/lib/molecules/setup-plugins/skill-sh-browser.component.ts:706 [catch-return-sentinel] catch swallows error and returns a literal
degradation-audit:   libs/frontend/chat/src/lib/components/organisms/agent-monitor-panel.component.ts:798 [catch-return-sentinel] catch swallows error and returns a literal
degradation-audit:   libs/frontend/chat/src/lib/components/templates/app-shell.component.ts:371 [promise-catch-sentinel] .catch() handler swallows the rejection with a literal
degradation-audit:   libs/frontend/chat/src/lib/services/chat-store/conversation.service.ts:350 [catch-return-sentinel] catch swallows error and returns a literal
degradation-audit:   libs/frontend/chat/src/lib/services/subagent-transcript-viewer.service.ts:106 [catch-return-sentinel] catch swallows error and returns a literal
degradation-audit:   libs/frontend/chat/src/lib/services/voice-input.service.ts:81 [catch-return-sentinel] catch swallows error and returns a literal
degradation-audit:   libs/frontend/chat/src/lib/services/voice-input.service.ts:95 [catch-return-sentinel] catch swallows error and returns a literal
degradation-audit:   libs/frontend/chat/src/lib/settings/auth/provider-model-selector.component.ts:649 [catch-return-sentinel] catch swallows error and returns a literal
degradation-audit:   libs/frontend/chat/src/lib/settings/ptah-ai/local-tts-panel.component.ts:435 [catch-return-sentinel] catch swallows error and returns a literal
degradation-audit:   libs/frontend/chat/src/lib/settings/ptah-ai/ptah-cli-config.component.ts:787 [promise-catch-sentinel] .catch() handler swallows the rejection with a literal
degradation-audit:   libs/frontend/chat/src/lib/settings/ptah-ai/ptah-cli-config.component.ts:1014 [promise-catch-sentinel] .catch() handler swallows the rejection with a literal
degradation-audit:   libs/frontend/chat/src/lib/settings/ptah-ai/web-search-config.component.ts:550 [catch-return-sentinel] catch swallows error and returns a literal
degradation-audit:   libs/frontend/cron-scheduler-ui/src/lib/components/cron-scheduler-tab.component.ts:60 [catch-return-sentinel] catch swallows error and returns a literal
degradation-audit:   libs/frontend/cron-scheduler-ui/src/lib/services/cron-state.service.ts:152 [catch-return-sentinel] catch swallows error and returns a literal
degradation-audit:   libs/frontend/cron-scheduler-ui/src/lib/services/cron-state.service.ts:177 [catch-return-sentinel] catch swallows error and returns a literal
degradation-audit:   libs/frontend/cron-scheduler-ui/src/lib/services/cron-state.service.ts:194 [catch-return-sentinel] catch swallows error and returns a literal
degradation-audit:   libs/frontend/cron-scheduler-ui/src/lib/services/cron-state.service.ts:212 [catch-return-sentinel] catch swallows error and returns a literal
degradation-audit:   libs/frontend/cron-scheduler-ui/src/lib/services/cron-state.service.ts:238 [catch-return-sentinel] catch swallows error and returns a literal
degradation-audit:   libs/frontend/harness-builder/src/lib/components/setup-hub.component.ts:1430 [catch-return-sentinel] catch swallows error and returns a literal
degradation-audit:   libs/frontend/harness-builder/src/lib/services/harness-builder-state.service.ts:254 [catch-return-sentinel] catch swallows error and returns a literal
degradation-audit:   libs/frontend/harness-builder/src/lib/services/harness-workflow.service.ts:531 [catch-return-sentinel] catch swallows error and returns a literal
degradation-audit:   libs/frontend/marketplace/src/lib/connectors-surface.component.ts:441 [catch-return-sentinel] catch swallows error and returns a literal
degradation-audit:   libs/frontend/marketplace/src/lib/connectors-surface.component.ts:495 [catch-return-sentinel] catch swallows error and returns a literal
degradation-audit:   libs/frontend/marketplace/src/lib/connectors-surface.component.ts:540 [catch-return-sentinel] catch swallows error and returns a literal
degradation-audit:   libs/frontend/marketplace/src/lib/connectors-surface.component.ts:569 [catch-return-sentinel] catch swallows error and returns a literal
degradation-audit:   libs/frontend/marketplace/src/lib/connectors-surface.component.ts:699 [catch-return-sentinel] catch swallows error and returns a literal
degradation-audit:   libs/frontend/marketplace/src/lib/connectors-surface.component.ts:716 [catch-return-sentinel] catch swallows error and returns a literal
degradation-audit:   libs/frontend/marketplace/src/lib/external-marketplaces.component.ts:629 [catch-return-sentinel] catch swallows error and returns a literal
degradation-audit:   libs/frontend/marketplace/src/lib/external-marketplaces.component.ts:676 [catch-return-sentinel] catch swallows error and returns a literal
degradation-audit:   libs/frontend/marketplace/src/lib/external-marketplaces.component.ts:713 [catch-return-sentinel] catch swallows error and returns a literal
degradation-audit:   libs/frontend/marketplace/src/lib/external-marketplaces.component.ts:766 [catch-return-sentinel] catch swallows error and returns a literal
degradation-audit:   libs/frontend/marketplace/src/lib/external-marketplaces.component.ts:815 [catch-return-sentinel] catch swallows error and returns a literal
degradation-audit:   libs/frontend/marketplace/src/lib/external-marketplaces.component.ts:865 [catch-return-sentinel] catch swallows error and returns a literal
degradation-audit:   libs/frontend/marketplace/src/lib/external-marketplaces.component.ts:926 [catch-return-sentinel] catch swallows error and returns a literal
degradation-audit:   libs/frontend/marketplace/src/lib/harness/harness-health.store.ts:235 [catch-return-sentinel] catch swallows error and returns a literal
degradation-audit:   libs/frontend/marketplace/src/lib/oauth-surface.component.ts:89 [catch-return-sentinel] catch swallows error and returns a literal
degradation-audit:   libs/frontend/marketplace/src/lib/oauth-surface.component.ts:633 [catch-return-sentinel] catch swallows error and returns a literal
degradation-audit:   libs/frontend/marketplace/src/lib/oauth-surface.component.ts:699 [catch-return-sentinel] catch swallows error and returns a literal
degradation-audit:   libs/frontend/marketplace/src/lib/oauth-surface.component.ts:734 [catch-return-sentinel] catch swallows error and returns a literal
degradation-audit:   libs/frontend/marketplace/src/lib/oauth-surface.component.ts:764 [catch-return-sentinel] catch swallows error and returns a literal
degradation-audit:   libs/frontend/marketplace/src/lib/oauth-surface.component.ts:799 [catch-return-sentinel] catch swallows error and returns a literal
degradation-audit:   libs/frontend/marketplace/src/lib/smithery-surface.component.ts:919 [catch-return-sentinel] catch swallows error and returns a literal
degradation-audit:   libs/frontend/marketplace/src/lib/smithery-surface.component.ts:956 [catch-return-sentinel] catch swallows error and returns a literal
degradation-audit:   libs/frontend/marketplace/src/lib/smithery-surface.component.ts:978 [catch-return-sentinel] catch swallows error and returns a literal
degradation-audit:   libs/frontend/marketplace/src/lib/smithery-surface.component.ts:1016 [catch-return-sentinel] catch swallows error and returns a literal
degradation-audit:   libs/frontend/marketplace/src/lib/smithery-surface.component.ts:1050 [catch-return-sentinel] catch swallows error and returns a literal
degradation-audit:   libs/frontend/marketplace/src/lib/smithery-surface.component.ts:1207 [catch-return-sentinel] catch swallows error and returns a literal
degradation-audit:   libs/frontend/marketplace/src/lib/smithery-surface.component.ts:1294 [catch-return-sentinel] catch swallows error and returns a literal
degradation-audit:   libs/frontend/marketplace/src/lib/smithery-surface.component.ts:1328 [catch-return-sentinel] catch swallows error and returns a literal
degradation-audit:   libs/frontend/marketplace/src/lib/smithery-surface.component.ts:1390 [catch-return-sentinel] catch swallows error and returns a literal
degradation-audit:   libs/frontend/marketplace/src/lib/smithery-surface.component.ts:1422 [catch-return-sentinel] catch swallows error and returns a literal
degradation-audit:   libs/frontend/marketplace/src/lib/smithery-surface.component.ts:1448 [catch-return-sentinel] catch swallows error and returns a literal
degradation-audit:   libs/frontend/marketplace/src/lib/smithery-surface.component.ts:1474 [catch-return-sentinel] catch swallows error and returns a literal
degradation-audit:   libs/frontend/memory-curator-ui/src/lib/components/memory-curator-tab.component.ts:353 [catch-return-sentinel] catch swallows error and returns a literal
degradation-audit:   libs/frontend/memory-curator-ui/src/lib/components/memory-curator-tab.component.ts:411 [promise-catch-sentinel] .catch() handler swallows the rejection with a literal
degradation-audit:   libs/frontend/memory-curator-ui/src/lib/components/memory-curator-tab.component.ts:448 [promise-catch-sentinel] .catch() handler swallows the rejection with a literal
degradation-audit:   libs/frontend/memory-curator-ui/src/lib/components/memory-curator-tab.component.ts:459 [promise-catch-sentinel] .catch() handler swallows the rejection with a literal
degradation-audit:   libs/frontend/memory-curator-ui/src/lib/components/memory-curator-tab.component.ts:466 [promise-catch-sentinel] .catch() handler swallows the rejection with a literal
degradation-audit:   libs/frontend/memory-curator-ui/src/lib/components/memory-curator-tab.component.ts:472 [promise-catch-sentinel] .catch() handler swallows the rejection with a literal
degradation-audit:   libs/frontend/memory-curator-ui/src/lib/components/memory-curator-tab.component.ts:478 [promise-catch-sentinel] .catch() handler swallows the rejection with a literal
degradation-audit:   libs/frontend/memory-curator-ui/src/lib/services/memory-state.service.ts:192 [catch-return-sentinel] catch swallows error and returns a literal
degradation-audit:   libs/frontend/memory-curator-ui/src/lib/services/memory-state.service.ts:229 [catch-return-sentinel] catch swallows error and returns a literal
degradation-audit:   libs/frontend/memory-curator-ui/src/lib/services/memory-state.service.ts:305 [catch-return-sentinel] catch swallows error and returns a literal
degradation-audit:   libs/frontend/memory-curator-ui/src/lib/services/memory-state.service.ts:360 [catch-return-sentinel] catch swallows error and returns a literal
degradation-audit:   libs/frontend/memory-curator-ui/src/lib/services/vec-embedder-recovery.service.ts:172 [catch-return-sentinel] catch swallows error and returns a literal
degradation-audit:   libs/frontend/memory-curator-ui/src/lib/services/vec-embedder-recovery.service.ts:205 [catch-return-sentinel] catch swallows error and returns a literal
degradation-audit:   libs/frontend/memory-curator-ui/src/lib/services/vec-embedder-recovery.service.ts:232 [catch-return-sentinel] catch swallows error and returns a literal
degradation-audit:   libs/frontend/memory-curator-ui/src/lib/services/vec-embedder-recovery.service.ts:251 [catch-return-sentinel] catch swallows error and returns a literal
degradation-audit:   libs/frontend/setup-wizard/src/lib/utils/error-handling.ts:142 [catch-return-sentinel] catch swallows error and returns a literal
degradation-audit:   libs/frontend/skill-synthesis-ui/src/lib/components/clones/lazy-diff-view.component.ts:177 [catch-return-sentinel] catch swallows error and returns a literal
degradation-audit:   libs/frontend/skill-synthesis-ui/src/lib/services/skill-synthesis-state.service.ts:245 [catch-return-sentinel] catch swallows error and returns a literal
degradation-audit:   libs/frontend/skill-synthesis-ui/src/lib/services/skill-synthesis-state.service.ts:299 [catch-return-sentinel] catch swallows error and returns a literal
degradation-audit:   libs/frontend/skill-synthesis-ui/src/lib/services/skill-synthesis-state.service.ts:322 [catch-return-sentinel] catch swallows error and returns a literal
degradation-audit:   libs/frontend/skill-synthesis-ui/src/lib/services/skill-synthesis-state.service.ts:425 [catch-return-sentinel] catch swallows error and returns a literal
degradation-audit:   libs/frontend/tasks-ui/src/lib/services/task-view-mode.service.ts:66 [catch-return-sentinel] catch swallows error and returns a literal
degradation-audit:   libs/frontend/tasks-ui/src/lib/services/task-views.service.ts:528 [catch-return-sentinel] catch swallows error and returns a literal
degradation-audit:   libs/frontend/tasks-ui/src/lib/services/tasks-store.service.ts:2086 [catch-return-sentinel] catch swallows error and returns a literal
degradation-audit:   libs/frontend/tribunal-panel/src/lib/services/tribunal-run.service.ts:274 [catch-return-sentinel] catch swallows error and returns a literal
degradation-audit:   libs/frontend/ui/src/lib/native/provider-model-picker/provider-model-picker.component.ts:358 [catch-return-sentinel] catch swallows error and returns a literal
degradation-audit:   libs/frontend/workspace-indexing/src/lib/workspace-indexing.service.ts:174 [promise-catch-sentinel] .catch() handler swallows the rejection with a literal
degradation-audit:   libs/shared/src/lib/types/sdk-hook.schemas.ts:109 [promise-catch-sentinel] .catch(undefined) — identifier not declared in this file; flagged for triage, could not verify it logs or rethrows
degradation-audit:   libs/shared/src/lib/utils/codex-token-freshness.ts:51 [catch-return-sentinel] catch swallows error and returns a literal
degradation-audit:   libs/shared/src/lib/utils/codex-token-freshness.ts:75 [catch-return-sentinel] catch swallows error and returns a literal
degradation-audit:   libs/web/admin/src/lib/components/data-table/data-table.ts:142 [catch-return-sentinel] catch swallows error and returns a literal
degradation-audit:   libs/web/auth/src/lib/auth-page.component.ts:497 [catch-return-sentinel] catch swallows error and returns a literal
degradation-audit:   libs/web/core/src/lib/services/auth.service.ts:147 [catch-return-sentinel] catch swallows error and returns a literal
degradation-audit:   libs/web/core/src/lib/services/paddle-checkout.service.ts:276 [catch-return-sentinel] catch swallows error and returns a literal
degradation-audit:   libs/web/core/src/lib/services/paddle-checkout.service.ts:500 [catch-return-sentinel] catch swallows error and returns a literal
degradation-audit: degradation-audit: per-directory totals
degradation-audit:   apps/ptah-cli: 29 ok (baseline 29)
degradation-audit:   apps/ptah-electron: 4 ok (baseline 4)
degradation-audit:   apps/ptah-extension-vscode: 8 ok (baseline 9)
degradation-audit:   apps/ptah-tui: 1 ok (baseline 1)
degradation-audit:   libs/api/admin: 1 ok (baseline 1)
degradation-audit:   libs/api/community: 5 ok (baseline 5)
degradation-audit:   libs/api/identity: 1 ok (baseline 1)
degradation-audit:   libs/api/licensing: 2 ok (baseline 2)
degradation-audit:   libs/api/marketing: 2 ok (baseline 2)
degradation-audit:   libs/api/member-hub: 3 ok (baseline 3)
degradation-audit:   libs/api/membership: 1 ok (baseline 1)
degradation-audit:   libs/api/youtube: 2 ok (baseline 2)
degradation-audit:   libs/backend/agent-generation: 1 ok (baseline 1)
degradation-audit:   libs/backend/agent-sdk: 4 ok (baseline 4)
degradation-audit:   libs/backend/auth-providers: 24 ok (baseline 24)
degradation-audit:   libs/backend/cli-engine: 12 ok (baseline 12)
degradation-audit:   libs/backend/cron-scheduler: 2 ok (baseline 2)
degradation-audit:   libs/backend/gateway-chat-bridge: 4 ok (baseline 4)
degradation-audit:   libs/backend/harness-sync: 6 ok (baseline 6)
degradation-audit:   libs/backend/memory-curator: 20 ok (baseline 20)
degradation-audit:   libs/backend/messaging-gateway: 6 ok (baseline 6)
degradation-audit:   libs/backend/output-styles: 8 ok (baseline 8)
degradation-audit:   libs/backend/persistence-sqlite: 5 ok (baseline 5)
degradation-audit:   libs/backend/platform-cli: 3 ok (baseline 3)
degradation-audit:   libs/backend/platform-core: 7 ok (baseline 7)
degradation-audit:   libs/backend/platform-electron: 4 ok (baseline 4)
degradation-audit:   libs/backend/platform-vscode: 1 ok (baseline 1)
degradation-audit:   libs/backend/plugin-marketplace: 2 ok (baseline 2)
degradation-audit:   libs/backend/rpc-handlers: 1 ok (baseline 1)
degradation-audit:   libs/backend/settings-core: 5 ok (baseline 5)
degradation-audit:   libs/backend/skill-synthesis: 6 ok (baseline 6)
degradation-audit:   libs/backend/task-specs: 11 ok (baseline 12)
degradation-audit:   libs/backend/voice-providers: 3 ok (baseline 3)
degradation-audit:   libs/backend/vscode-lm-tools: 2 ok (baseline 2)
degradation-audit:   libs/backend/workspace-intelligence: 1 ok (baseline 1)
degradation-audit:   libs/frontend/chat: 11 ok (baseline 11)
degradation-audit:   libs/frontend/chat-state: 2 ok (baseline 2)
degradation-audit:   libs/frontend/chat-streaming: 2 ok (baseline 2)
degradation-audit:   libs/frontend/chat-ui: 14 ok (baseline 14)
degradation-audit:   libs/frontend/cron-scheduler-ui: 6 ok (baseline 6)
degradation-audit:   libs/frontend/harness-builder: 3 ok (baseline 3)
degradation-audit:   libs/frontend/marketplace: 32 ok (baseline 32)
degradation-audit:   libs/frontend/memory-curator-ui: 15 ok (baseline 15)
degradation-audit:   libs/frontend/setup-wizard: 1 ok (baseline 1)
degradation-audit:   libs/frontend/skill-synthesis-ui: 5 ok (baseline 5)
degradation-audit:   libs/frontend/tasks-ui: 3 ok (baseline 3)
degradation-audit:   libs/frontend/tribunal-panel: 1 ok (baseline 1)
degradation-audit:   libs/frontend/ui: 1 ok (baseline 1)
degradation-audit:   libs/frontend/workspace-indexing: 1 ok (baseline 1)
degradation-audit:   libs/shared/src: 3 ok (baseline 3)
degradation-audit:   libs/web/admin: 1 ok (baseline 1)
degradation-audit:   libs/web/auth: 1 ok (baseline 1)
degradation-audit:   libs/web/core: 3 ok (baseline 3)
degradation-audit: degradation-audit: TOTAL 302 unsuppressed site(s)

> nx run ptah-landing-page-e2e:lint

ptah-landing-page-e2e: (node:17300) Warning: The 'NO_COLOR' env is ignored due to the 'FORCE_COLOR' env being set.
ptah-landing-page-e2e: (Use `node --trace-warnings ...` to show where the warning was created)
ptah-landing-page-e2e: Linting "ptah-landing-page-e2e"...
ptah-video-studio: [0m[0m
ptah-video-studio: [0m[4mD:\projects\ptah-extension\apps\ptah-video-studio\.remocn-fetch\fetch.mjs[24m[0m
ptah-video-studio: [0m  [2m29:12[22m  [33mwarning[39m  'k' is assigned a value but never used. Allowed unused elements of array destructuring must match /^_/u  [2m@typescript-eslint/no-unused-vars[22m[0m
ptah-video-studio: [0m[0m
ptah-video-studio: [0m[4mD:\projects\ptah-extension\apps\ptah-video-studio\.remocn-fetch\place.mjs[24m[0m
ptah-video-studio: [0m  [2m38:12[22m  [33mwarning[39m  'name' is assigned a value but never used. Allowed unused elements of array destructuring must match /^_/u  [2m@typescript-eslint/no-unused-vars[22m[0m
ptah-video-studio: [0m[0m
ptah-video-studio: [0m[4mD:\projects\ptah-extension\apps\ptah-video-studio\scripts\render-all.mjs[24m[0m
ptah-video-studio: [0m  [2m406:11[22m  [33mwarning[39m  'sharp' is assigned a value but never used. Allowed unused vars must match /^_/u  [2m@typescript-eslint/no-unused-vars[22m[0m
ptah-video-studio: [0m[0m
ptah-video-studio: [0m[4mD:\projects\ptah-extension\apps\ptah-video-studio\src\concept\ColdStart.tsx[24m[0m
ptah-video-studio: [0m  [2m61:81[22m  [33mwarning[39m  'locale' is defined but never used. Allowed unused args must match /^_/u  [2m@typescript-eslint/no-unused-vars[22m[0m
ptah-video-studio: [0m[0m
ptah-video-studio: [0m[4mD:\projects\ptah-extension\apps\ptah-video-studio\src\concept\DecisionTree.tsx[24m[0m
ptah-video-studio: [0m   [2m19:3[22m   [33mwarning[39m  'Easing' is defined but never used. Allowed unused vars must match /^_/u        [2m@typescript-eslint/no-unused-vars[22m[0m
ptah-video-studio: [0m  [2m155:84[22m  [33mwarning[39m  'locale' is defined but never used. Allowed unused args must match /^_/u        [2m@typescript-eslint/no-unused-vars[22m[0m
ptah-video-studio: [0m  [2m157:11[22m  [33mwarning[39m  'fps' is assigned a value but never used. Allowed unused vars must match /^_/u  [2m@typescript-eslint/no-unused-vars[22m[0m
ptah-video-studio: [0m[0m
ptah-video-studio: [0m[4mD:\projects\ptah-extension\apps\ptah-video-studio\src\concept\PtahOrchestra.tsx[24m[0m
ptah-video-studio: [0m   [2m27:3[22m   [33mwarning[39m  'Easing' is defined but never used. Allowed unused vars must match /^_/u        [2m@typescript-eslint/no-unused-vars[22m[0m
ptah-video-studio: [0m  [2m526:85[22m  [33mwarning[39m  'locale' is defined but never used. Allowed unused args must match /^_/u        [2m@typescript-eslint/no-unused-vars[22m[0m
ptah-video-studio: [0m  [2m528:11[22m  [33mwarning[39m  'fps' is assigned a value but never used. Allowed unused vars must match /^_/u  [2m@typescript-eslint/no-unused-vars[22m[0m
ptah-video-studio: [0m[0m
ptah-video-studio: [0m[4mD:\projects\ptah-extension\apps\ptah-video-studio\src\concept\TheFork.tsx[24m[0m
ptah-video-studio: [0m  [2m119:79[22m  [33mwarning[39m  'locale' is defined but never used. Allowed unused args must match /^_/u  [2m@typescript-eslint/no-unused-vars[22m[0m
ptah-video-studio: [0m[0m
ptah-video-studio: [0m[4mD:\projects\ptah-extension\apps\ptah-video-studio\src\concept\story-scenes-v2.tsx[24m[0m
ptah-video-studio: [0m  [2m643:9[22m  [33mwarning[39m  'corePulse' is assigned a value but never used. Allowed unused vars must match /^_/u  [2m@typescript-eslint/no-unused-vars[22m[0m
ptah-video-studio: [0m[0m
ptah-video-studio: [0m[4mD:\projects\ptah-extension\apps\ptah-video-studio\src\selfshot\CameraBubble.tsx[24m[0m
ptah-video-studio: [0m  [2m31:11[22m  [33mwarning[39m  'width' is assigned a value but never used. Allowed unused vars must match /^_/u  [2m@typescript-eslint/no-unused-vars[22m[0m
ptah-video-studio: [0m[0m
ptah-video-studio: [0m[33m[1m✖ 13 problems (0 errors, 13 warnings)[22m[39m[0m
ptah-video-studio: [0m[33m[1m[22m[39m[0m
ptah-video-studio: ✖ 13 problems (0 errors, 13 warnings)

> nx run ptah-extension-vscode-e2e:lint

ptah-extension-vscode-e2e: (node:12196) Warning: The 'NO_COLOR' env is ignored due to the 'FORCE_COLOR' env being set.
ptah-extension-vscode-e2e: (Use `node --trace-warnings ...` to show where the warning was created)
ptah-extension-vscode-e2e: Linting "ptah-extension-vscode-e2e"...
ptah-landing-page-e2e: ✔ All files pass linting
ptah-extension-vscode-e2e: ✔ All files pass linting



 NX   Successfully ran targets typecheck, test, lint for 97 projects and 41 tasks they depend on


